M13 Reverse,GGAAACAGCTATGACCATG,,,
gSP6,GTTTTTTGCGATCTGCCGTTTC,,,
T7 Reverse,GCTAGTTATTGCTCAGCGG,,,
EGFP-N,CGTCGCCGTCCAGCTCGACCAG,,,"[TK071 ERKKTRmCerulean3, -, 760, 781], [TK071 ERKKTRmCerulean3, -, 760, 781], [TK263 pLenti pGK Puro (gateway from TK212 pENTR p53-Clover-2A-H2B-iRFP670 (based on MD009)), -, 1708, 1729], [TK261 pENTR p53-Clover-H2B-2A-mRuby2 (EGFP?), -, 2225, 2246], [TK267 pLenti pGK Blast (gateway from TK261 pENTR p53-Clover-2A-H2B-mRuby2) (EGFP?), -, 2225, 2246], [TK339 pENTR mutp53-Clover (EGFP?)-2A-H2B-iRFP670 L25Q/W26S/F53Q/F54S, -, 2225, 2246], [TK277 pENTR ERK-mCerulean3-H2B-2A-mRuby2, -, 1417, 1438], [TK276 pENTR mutp53-Clover (EGFP?)-H2B-2A-mRuby2 L25Q/W26S/F53Q/F54S, -, 2225, 2246], [TK333 pLenti PGK Puro (TK276 pENTR mutp53-Clover (EGFP?)-H2B-2A-mRuby2 L25Q/W26S/F53Q/F54S), -, 2225, 2246], [TK359 pENTR p105-mCerulean3-H2B-2A-mRuby2 (does not exist), -, 2242, 2263], ...more sites present"
EGFP-C,CATGGTCCTGCTGGAGTTCGTG,,,"[TK261 pENTR p53-Clover-H2B-2A-mRuby2 (EGFP?), +, 2833, 2854], [KB003 pLenti Puro (gateway from KB001 NEMO-clover), +, 2970, 2991], [TK071 ERKKTRmCerulean3, +, 1368, 1389], [TK360 pENTR p100-mCerulean3-H2B-2A-mRuby2 (does not exist), +, 4476, 4497], [TK359 pENTR p105-mCerulean3-H2B-2A-mRuby2 (does not exist), +, 2850, 2871], [TK340 pENTR ERK-mCerulean3-2A-H2B-mTagBFP, +, 2025, 2046], [TK277 pENTR ERK-mCerulean3-H2B-2A-mRuby2, +, 2025, 2046], [TK071 ERKKTRmCerulean3, +, 1368, 1389]"
pGEX Forward,GGGCTGGCAAGCCACGTTTGGTG,,,
KBR/TJ,CTGGCCGTCGACATTTAGG,,,
M13 Forward (-20),GTAAAACGACGGCCAGT,,,
CMV-F,CGCAAATGGGCGGTAGGCGTG,,,"[PE030v2 - pENTR: CMV_CRE-TKNLS_2A_H2B-mRuby-bgh, +, 1780, 1800], [pSJ8 - pENTR: CMV_CRE-NLS_2A_H2B-mRuby, +, 1780, 1800], [pSJ8 - pENTR: CMV_CRE-NLS_2A_H2B-mRuby, +, 1780, 1800], [pSJ8 - pENTR: CMV_CRE-NLS_2A_H2B-mRuby, +, 1780, 1800], [PE024 - pENTR: CMV_CRE-TKNLS_2A_H2B-mRuby, +, 1802, 1822], [PE031- pENTR: CMV_CRE-TKNLS_2A_H2B-mClover-bgh, +, 1802, 1822], [PE030v4- pENTR: CMV_CRE-TKNLS_2A_H2B-mRuby-bgh, +, 1802, 1822]"
T7 Forward,TAATACGACTCACTATAGGG,,,"[pSJ104 - pcDNA3: CMV_Mito-ABKAR, +, 52, 71]"
BghRev,AACTAGAAGGCACAGTCGAGGC,,,
pGEX Reverse,CCGGGAGCTGCATGTGTCAGAGG,,,
pET,CTCGATCCCGCGAAATTA,,,
T3,AATTAACCCTCACTAAAGGG,,,
SP6,GATTTAGGTGACACTATAG,,,
T7 Forward (short),TAATACGACTCACTATAG,,,
M13 Forward (-40),GTTTTCCCAGTCACGAC,,,
ATTL-F,TCGCGTTAACGCTAGCATGGATCTC,,,"[pKL565, +, 663, 678]"
ATTL-R,GTAACATCAGAGATTTTGAGACAC,,,"[pSJ8 - pENTR: CMV_CRE-NLS_2A_H2B-mRuby, -, 4363, 4386], [pKL564, -, 2790, 2813], [PE030v2 - pENTR: CMV_CRE-TKNLS_2A_H2B-mRuby-bgh, -, 4496, 4519], [pSJ8 - pENTR: CMV_CRE-NLS_2A_H2B-mRuby, -, 4363, 4386], [pKL565, -, 3103, 3126], [PE024 - pENTR: CMV_CRE-TKNLS_2A_H2B-mRuby, -, 4436, 4459], [pSJ7 - pENTR: PGK_H2B-Clover-LoxP_2A_PuroTK-LoxP, -, 4138, 4161], [PE031- pENTR: CMV_CRE-TKNLS_2A_H2B-mClover-bgh, -, 4609, 4632], [PE030v4- pENTR: CMV_CRE-TKNLS_2A_H2B-mRuby-bgh, -, 4636, 4659], [pSJ8 - pENTR: CMV_CRE-NLS_2A_H2B-mRuby, -, 4363, 4386]"
