oSJ5,CATGGTGGAGCCTGCTTTTTTGTAC,,,"[TK261 pENTR p53-Clover-H2B-2A-mRuby2 (EGFP?), -, 958, 982], [cand, -, 958, 982]"
oSJ16,cctgaagctgaaggacggcg,,,"[pSJ3 - pBad: PolyHis-XpressEK-ddYFP-A, +, 664, 683], [pSJ1 - pBad: PolyHis-XpressEK-ddGFP-A, +, 1162, 1181], [pSJ4 - pBad: PolyHis-XpressEK-ddYFP-B, +, 676, 695], [pSJ17 - pENTR: ddGFPa-3xNLS_2A_JNKKTR-ddGFPb_2A_H2B-mRuby, +, 2593, 2612], [pSJ2 - pBad: PolyHis-XpressEK-ddGFP-B, +, 1260, 1279]"
oSJ11,CGCATCGAGCTGAAGGGCAT,,,"[pKL24, +, 647, 666], [pSJ23 - pENTR: Venus_GGGGS_HIF1a_2A_H2B-mRuby, +, 1531, 1550], [pSJ143 - pENTR: mouse p65 promoter_p50-(GGGS)x2-mClover, +, 4292, 4311], [pSJ144 - pENTR: p50-(GGGGS)x2-mClover, +, 2861, 2880], [pSJ41 - pENTR: mouse p65 promoter_p50-(GGGS)x2-mClover_2A_H2B-iRFP670, +, 4292, 4311], [gblock_KL5, +, 1, 20], [pSJ34 - pENTR: Venus_Bagnall et al Linker_HIF1a_2A_H2B-mRuby, +, 860, 879]"
oSJ12,TTAGGCGGCGGTCACGAACT,,,"[gblock_KL5, -, 338, 357]"
oSJ70,tacggtgcggtatctgcagg,,,"[pSJ7 - pENTR: PGK_H2B-Clover-LoxP_2A_PuroTK-LoxP, +, 3567, 3586], [pSJ7a - pENTR: H2B-Clover-LoxP-PuroTK, +, 4072, 4091]"
oSJ69,aggaaccacgcgggctcctt,,,"[pSJ7 - pENTR: PGK_H2B-Clover-LoxP_2A_PuroTK-LoxP, -, 2722, 2741], [pSJ7a - pENTR: H2B-Clover-LoxP-PuroTK, -, 3227, 3246]"
oSJ15,TCGATCTCGAACTCGTGGCC,,,"[pSJ2 - pBad: PolyHis-XpressEK-ddGFP-B, -, 838, 857], [pSJ1 - pBad: PolyHis-XpressEK-ddGFP-A, -, 740, 759], [pSJ4 - pBad: PolyHis-XpressEK-ddYFP-B, -, 254, 273], [pSJ3 - pBad: PolyHis-XpressEK-ddYFP-A, -, 242, 261]"
oSJ138,cctgtggtgtcagacgccat,,,"[pSJ144 - pENTR: p50-(GGGGS)x2-mClover, +, 1871, 1890], [pSJ146 - pENTR: p50-middleClover (E285-V291), +, 1871, 1890], [pSJ37 - pENTR: mouse p65 promoter_p50-mcClover_2A_H2B-iRFP670, +, 3301, 3320]"
oSJ1,GCTGGAGTTCGTGACCGCCGCCTAA,,,
oSJ3,GTTAGCCTTGATGCCGTTCTTCTGCTTGTCGGCCG,,,
oSJ2,AGTCGATGCCCTTCAGCTCGATGCG,,,"[pSJ34 - pENTR: Venus_Bagnall et al Linker_HIF1a_2A_H2B-mRuby, -, 860, 884], [pSJ23 - pENTR: Venus_GGGGS_HIF1a_2A_H2B-mRuby, -, 1531, 1555], [pSJ7 - pENTR: PGK_H2B-Clover-LoxP_2A_PuroTK-LoxP, -, 1921, 1945]"
oSJ4,TAGCATACATTATACGAAGTTATTGTAAGCGGCCGCACTCGAGATATCTA,,,
oSJ17,gcatggacgagcggtacaagGGAAGCGGAGCTACTAACTT,,,"[TK360 pENTR p100-mCerulean3-H2B-2A-mRuby2 (does not exist), +, 4520, 4559], [TK340 pENTR ERK-mCerulean3-2A-H2B-mTagBFP, +, 2069, 2108], [TK308 pENTR mutFoxo-Clover-P2Av3-ERK-iRFP670-H2B-2A-mRuby2, +, 2575, 2594], [TK343 pENTR truncated-mutFoxo-Clover-P2Av3-ERK-iRFP670-H2B-2A-mRuby2 (lot of homology), +, 3121, 3140], [pSJ5 - pENTR: ddGFP-A-NLS-2A-JNKKTR-ddGFPB-2A-H2B-mRuby, +, 2877, 2916], [TK359 pENTR p105-mCerulean3-H2B-2A-mRuby2 (does not exist), +, 2894, 2933], [TK277 pENTR ERK-mCerulean3-H2B-2A-mRuby2, +, 2069, 2108]"
oSJ18,tcgtacagatcccgacccatGGTGGAGCCTGCTTTTTTGT,,,"[TK277 pENTR ERK-mCerulean3-H2B-2A-mRuby2, -, 1100, 1122], [pSJ5 - pENTR: ddGFP-A-NLS-2A-JNKKTR-ddGFPB-2A-H2B-mRuby, -, 1068, 1107], [TK343 pENTR truncated-mutFoxo-Clover-P2Av3-ERK-iRFP670-H2B-2A-mRuby2 (lot of homology), -, 6576, 4], [TK308 pENTR mutFoxo-Clover-P2Av3-ERK-iRFP670-H2B-2A-mRuby2, -, 6030, 6053], [TK340 pENTR ERK-mCerulean3-2A-H2B-mTagBFP, -, 1100, 1122]"
oSJ19,ACAAAAAAGCAGGCTCCACCatgggtcgggatctgtacga,,,"[pSJ1 - pBad: PolyHis-XpressEK-ddGFP-A, +, 620, 639]"
oSJ6,GGAAGCGGAGCTACTAACTTCAGC,,,"[cand, +, 2000, 2023], [TK291 pENTR ERK-iRFP670-2A-H2B-mRuby2, +, 2165, 2188], [TK432 pLenti CMV Blast (gateway from TK291 pENTR ERK-iRFP670-2A-H2B-mRuby2), +, 2165, 2188], [TK359b pENTR mCerulena3-p105-H2B-2A-mRuby2, +, 2914, 2937], [TK340 pENTR ERK-mCerulean3-2A-H2B-mTagBFP, +, 2089, 2112], [TK302 pENTR GFP-GSK3MAPK-H2B-2A-mRuby2, +, 1820, 1843], [pSJ9 - PiggyBac: PGK_ddGFP-A-NLS_2A_JNKKTR-ddGFP-B_2A_H2B-mRuby, +, 3525, 3548], [TK359 pENTR p105-mCerulean3-H2B-2A-mRuby2 (does not exist), +, 2914, 2937], [TK321 pLenti pGK Puro (gateway from TK302 pENTR GFP-GSK3MAPK-H2B-2A-mRuby2), +, 1820, 1843], [TK277 pENTR ERK-mCerulean3-H2B-2A-mRuby2, +, 2089, 2112], ...more sites present"
oSJ20,GCTCGAGATCTGAGTCCGGAGGTACCggagctaccgctgc,,,"[pSJ17 - pENTR: ddGFPa-3xNLS_2A_JNKKTR-ddGFPb_2A_H2B-mRuby, -, 2793, 2832], [pSJ5 - pENTR: ddGFP-A-NLS-2A-JNKKTR-ddGFPB-2A-H2B-mRuby, -, 1830, 1869], [pSJ1 - pBad: PolyHis-XpressEK-ddGFP-A, -, 1362, 1382]"
oSJ21,gcagcggtagctccGGTACCTCCGGACTCAGATCTCGAGC,,,"[gSJ1, +, 31, 70], [PSR1227_PGK_iRFP, +, 5820, 5839], [pSJ17 - pENTR: ddGFPa-3xNLS_2A_JNKKTR-ddGFPb_2A_H2B-mRuby, +, 2793, 2832], [gSJ1+fSJ54, +, 1, 40], [pSJ5 - pENTR: ddGFP-A-NLS-2A-JNKKTR-ddGFPB-2A-H2B-mRuby, +, 1830, 1869]"
oSJ22,AAATTCGTCGCTCCGCTTCCTACCTTTCTCTTCTTTTTTGGATCA,,,"[pSJ5 - pENTR: ddGFP-A-NLS-2A-JNKKTR-ddGFPB-2A-H2B-mRuby, -, 1870, 1914]"
oSJ23,CAAAAAAGAAGAGAAAGGTAGGAAGCGGAGCGACGAATTT,,,"[pSJ5 - pENTR: ddGFP-A-NLS-2A-JNKKTR-ddGFPB-2A-H2B-mRuby, +, 1875, 1914], [pSJ17 - pENTR: ddGFPa-3xNLS_2A_JNKKTR-ddGFPb_2A_H2B-mRuby, +, 2886, 2925]"
oSJ24,AGGATCTTAGGGTTACTCATAGGTCCAGGGTTTTCCTCCA,,,"[pSJ21 - pENTR: ddGFPa-3xNLS_2A_JNKKTR-ddGFPb_2A_H2B-mRuby_PGK-Puro, -, 1332, 1371], [pSJ18 - pENTR: ddGFPa-3xNLS_2A_JNKKTR (EE mutant)-ddGFPb_2A_H2B-mRuby_PGK-Puro, -, 1766, 1805], [pSJ5 - pENTR: ddGFP-A-NLS-2A-JNKKTR-ddGFPB-2A-H2B-mRuby, -, 1941, 1980], [pSJ17 - pENTR: ddGFPa-3xNLS_2A_JNKKTR-ddGFPb_2A_H2B-mRuby, -, 2952, 2991]"
oSJ25,TGGAGGAAAACCCTGGACCTATGAGTAACCCTAAGATCCTAAAAC,,,"[pSJ18 - pENTR: ddGFPa-3xNLS_2A_JNKKTR (EE mutant)-ddGFPb_2A_H2B-mRuby_PGK-Puro, +, 1766, 1810], [pSJ17 - pENTR: ddGFPa-3xNLS_2A_JNKKTR-ddGFPb_2A_H2B-mRuby, +, 2952, 2996]"
oSJ26,tcgtacagatcccgacccatactagtGCTGGACTGGAGGG,,,"[gSJ1, -, 331, 370], [pSJ17 - pENTR: ddGFPa-3xNLS_2A_JNKKTR-ddGFPb_2A_H2B-mRuby, -, 3141, 3180], [pSJ18 - pENTR: ddGFPa-3xNLS_2A_JNKKTR (EE mutant)-ddGFPb_2A_H2B-mRuby_PGK-Puro, -, 1955, 1994], [pSJ19 - pENTR: ddGFPa-3xNLS_2A_JNKKTR (AA mutant)-ddGFPb_2A_H2B-mRuby_PGK-Puro, -, 3141, 3180]"
oSJ27,CCCTCCAGTCCAGCactagtatgggtcgggatctgtacga,,,"[pSJ17 - pENTR: ddGFPa-3xNLS_2A_JNKKTR-ddGFPb_2A_H2B-mRuby, +, 2051, 2070], [pSJ2 - pBad: PolyHis-XpressEK-ddGFP-B, +, 712, 731], [pSJ18 - pENTR: ddGFPa-3xNLS_2A_JNKKTR (EE mutant)-ddGFPb_2A_H2B-mRuby_PGK-Puro, +, 1955, 1994], [pSJ17 - pENTR: ddGFPa-3xNLS_2A_JNKKTR-ddGFPb_2A_H2B-mRuby, +, 3141, 3180], [pSJ21 - pENTR: ddGFPa-3xNLS_2A_JNKKTR-ddGFPb_2A_H2B-mRuby_PGK-Puro, +, 1521, 1560], [pSJ5 - pENTR: ddGFP-A-NLS-2A-JNKKTR-ddGFPB-2A-H2B-mRuby, +, 2130, 2169]"
oSJ28,AAGTTAGTAGCTCCGCTTCCcttgtaccgctcgtccatgc,,,"[gSJ1+fSJ54, -, 1048, 1087], [pSJ2 - pBad: PolyHis-XpressEK-ddGFP-B, -, 1439, 1458]"
oSJ7,caggatgttgccgtcctccttgaagtcgatg,,,"[pKL1, -, 1973, 2003], [pKL24, -, 664, 694]"
oSJ71,cggtcgatgtgtctgtcctccggaa,,,"[pSJ7a - pENTR: H2B-Clover-LoxP-PuroTK, -, 3963, 3987], [pSJ7 - pENTR: PGK_H2B-Clover-LoxP_2A_PuroTK-LoxP, -, 3458, 3482]"
oSJ72,ttccggaggacagacacatcgaccg,,,"[pSJ7a - pENTR: H2B-Clover-LoxP-PuroTK, +, 3963, 3987], [pSJ7 - pENTR: PGK_H2B-Clover-LoxP_2A_PuroTK-LoxP, +, 3458, 3482]"
oSJ73,AGCATACATTATACGAAGTTATAATAACGAGATATCTAGACCCAGCTTTC,,,"[pSJ7a - pENTR: H2B-Clover-LoxP-PuroTK, +, 4469, 4497], [pSJ7 - pENTR: PGK_H2B-Clover-LoxP_2A_PuroTK-LoxP, +, 4000, 4025]"
oSJ13,CATACATTATACGAAGTTATTGTAAGGCGCGCCCGATAATCAACCTCT,,,"[pKL24, +, 968, 990]"
oSJ14,TTACAATAACTTCGTATAAT,,,"[gblock_KL4, -, 258, 277]"
oSJ74,TTGCTCAGGGCGGACTGATGGCTCA,,,"[pSJ146 - pENTR: p50-middleClover (E285-V291), -, 2661, 2685], [pSJ7 - pENTR: PGK_H2B-Clover-LoxP_2A_PuroTK-LoxP, -, 2159, 2183], [pSJ7a - pENTR: H2B-Clover-LoxP-PuroTK, -, 2730, 2754]"
oSJ75,atggggaccgagtacaagcccacgg,,,"[pSJ7a - pENTR: H2B-Clover-LoxP-PuroTK, +, 2870, 2894], [pSJ7 - pENTR: PGK_H2B-Clover-LoxP_2A_PuroTK-LoxP, +, 2365, 2389]"
oSJ64,atggccgagttgagcggttc,,,"[pSJ7 - pENTR: PGK_H2B-Clover-LoxP_2A_PuroTK-LoxP, +, 2650, 2669]"
oSJ79,taacgtgtccccgatatggg,,,"[pSJ7 - pENTR: PGK_H2B-Clover-LoxP_2A_PuroTK-LoxP, -, 3680, 3699]"
oSJ78,ttgccgtcctccttgaagtc,,,"[pSJ35 - pENTR: HIF1a_Bagnall et al Linker_Venus_2A_H2B-mRuby, -, 4140, 4159], [pSJ7 - pENTR: PGK_H2B-Clover-LoxP_2A_PuroTK-LoxP, -, 1942, 1961]"
oSJ31,GGAGCTACTAACTTCAGCCTGCTGAAGCAGGCTGGAGACGTGGAGGAGAA,,,"[fSJ73, +, 1, 20], [pSJ7 - pENTR: PGK_H2B-Clover-LoxP_2A_PuroTK-LoxP, +, 2335, 2354]"
oSJ29,TAAGCGGCCGCACTCGAGAT,,,"[TK509 H2B-moxBFP-V5-MAT-AU5, +, 1792, 1811], [pSJ7 - pENTR: PGK_H2B-Clover-LoxP_2A_PuroTK-LoxP, +, 3997, 4016], [TK531 pLenti CMV Puro (gateway from TK520 H2B-mTFP-V5-MAT-AU5 (replace mTFP from TK461 mTagBFP2)), +, 1786, 1805], [TK461 H2B-mTagBFP2-V5-MAT-AU5, +, 1777, 1796], [pKL565, +, 2954, 2973], [TK502 pLenti PGK Puro (gateway from TK461 H2B-mTagBFP2-V5-MAT-AU5), +, 1777, 1796], [TK525 pLenti CMV Puro (gateway from TK509 H2B-moxBFP-V5-MAT-AU5), +, 1792, 1811], [TK520 H2B-mTFP-V5-MAT-AU5 (replace mTFP from TK461 mTagBFP2), +, 1786, 1805]"
oSJ30,GCAGGCTGAAGTTAGTAGCTCCGCTTCCCAATAACTTCGTATAATGTATGCTATACGAAG,,,"[gblock_KL4, -, 243, 274], [pSJ7 - pENTR: PGK_H2B-Clover-LoxP_2A_PuroTK-LoxP, -, 2267, 2298]"
oSJ33,CTTCGTATAATGTATGCTATACGAAGTTATgttagcctcccccatctccc,,,"[pSJ7 - pENTR: PGK_H2B-Clover-LoxP_2A_PuroTK-LoxP, -, 3944, 3963], [pSJ7a - pENTR: H2B-Clover-LoxP-PuroTK, -, 4449, 4468], [pKL563(pLCA.66/2272), -, 2109, 2128]"
oSJ34,GCTGGAGACGTGGAGGAGAACCCTGGACCTatggggaccgagtacaagcc,,,"[pKL563(pLCA.66/2272), +, 530, 549], [pSJ7 - pENTR: PGK_H2B-Clover-LoxP_2A_PuroTK-LoxP, +, 2365, 2384]"
oSJ43,TAATAACGAGATATCTAGACCCAGCTTTC,,,"[pSJ7 - pENTR: PGK_H2B-Clover-LoxP_2A_PuroTK-LoxP, +, 4000, 4025]"
oSJ10,CATACATTATACGAAGTTATTGTAACGAGATATCTAGACCCAGCTTTCTT,,,"[pKL1, +, 2288, 2312]"
oSJ8,cagtccgccctgagcaaagaccccaa,,,"[pKL24, +, 893, 918], [pKL1, +, 2202, 2227]"
oSJ9,ggatcttgaagttagccttgatgccgttcttctgc,,,"[pKL1, -, 2060, 2094], [pKL24, -, 751, 785]"
oSJ65,cctctctccccaggGACAAAAAAGCAGGCTCCACCatggg,,,"[pSJ9 - PiggyBac: PGK_ddGFP-A-NLS_2A_JNKKTR-ddGFP-B_2A_H2B-mRuby, +, 1681, 1720], [pSJ5 - pENTR: ddGFP-A-NLS-2A-JNKKTR-ddGFPB-2A-H2B-mRuby, +, 1068, 1092]"
oSJ32,GGTCTAGATATCTCGTTATTATAACTTCGTATAATGTATGCTATACGAAG,,,"[pSJ7 - pENTR-H2B-Clover-LoxP-PuroTK-LoxP [2906-4564], -, 1664, 1713], [pSJ7 - pENTR: PGK_H2B-Clover-LoxP_2A_PuroTK-LoxP, -, 3968, 3993], [fSJ73, -, 1634, 1659]"
oSJ66,ccgtcgacttagattcagctTTActtgtacagctcgtccatcccacc,,,"[pSJ9 - PiggyBac: PGK_ddGFP-A-NLS_2A_JNKKTR-ddGFP-B_2A_H2B-mRuby, -, 4710, 4756], [pSJ5 - pENTR: ddGFP-A-NLS-2A-JNKKTR-ddGFPB-2A-H2B-mRuby, -, 4082, 4108]"
oSJ35,GGAAGCGGAGCTACTAACTT,,,"[TK359b pENTR mCerulena3-p105-H2B-2A-mRuby2, +, 2914, 2933], [PE030v4- pENTR: CMV_CRE-TKNLS_2A_H2B-mRuby-bgh, +, 3072, 3091], [pSJ8 - pENTR: CMV_CRE-NLS_2A_H2B-mRuby, +, 2999, 3018], [TK340 pENTR ERK-mCerulean3-2A-H2B-mTagBFP, +, 2089, 2108], [PE024 - pENTR: CMV_CRE-TKNLS_2A_H2B-mRuby, +, 3072, 3091], [PE031- pENTR: CMV_CRE-TKNLS_2A_H2B-mClover-bgh, +, 3072, 3091], [TK360 pENTR p100-mCerulean3-H2B-2A-mRuby2 (does not exist), +, 4540, 4559], [pSJ9 - PiggyBac: PGK_ddGFP-A-NLS_2A_JNKKTR-ddGFP-B_2A_H2B-mRuby, +, 3525, 3544], [pSJ8 - pENTR: CMV_CRE-NLS_2A_H2B-mRuby, +, 2999, 3018], [TK359 pENTR p105-mCerulean3-H2B-2A-mRuby2 (does not exist), +, 2914, 2933], ...more sites present"
oSJ36,GGTGGAGCCTGCTTTTTTGT,,,"[PE030v2 - pENTR: CMV_CRE-TKNLS_2A_H2B-mRuby-bgh, -, 1227, 1246], [PE031- pENTR: CMV_CRE-TKNLS_2A_H2B-mClover-bgh, -, 1249, 1268], [PE024 - pENTR: CMV_CRE-TKNLS_2A_H2B-mRuby, -, 1249, 1268], [TK340 pENTR ERK-mCerulean3-2A-H2B-mTagBFP, -, 1100, 1119], [pSJ8 - pENTR: CMV_CRE-NLS_2A_H2B-mRuby, -, 1227, 1246], [TK277 pENTR ERK-mCerulean3-H2B-2A-mRuby2, -, 1100, 1119], [PE030v4- pENTR: CMV_CRE-TKNLS_2A_H2B-mRuby-bgh, -, 1249, 1268], [pSJ8 - pENTR: CMV_CRE-NLS_2A_H2B-mRuby, -, 1227, 1246], [pSJ8 - pENTR: CMV_CRE-NLS_2A_H2B-mRuby, -, 1227, 1246]"
oSJ37,ACAAAAAAGCAGGCTCCACCACATTGATTATTGACTAGTTATTAATAGTAATCAATT,,,"[PE024 - pENTR: CMV_CRE-TKNLS_2A_H2B-mRuby, +, 1269, 1305], [PE030v4- pENTR: CMV_CRE-TKNLS_2A_H2B-mRuby-bgh, +, 1269, 1305], [pSJ8 - pENTR: CMV_CRE-NLS_2A_H2B-mRuby, +, 1247, 1283], [pSJ8 - pENTR: CMV_CRE-NLS_2A_H2B-mRuby, +, 1247, 1283], [PE031- pENTR: CMV_CRE-TKNLS_2A_H2B-mClover-bgh, +, 1269, 1305], [PE030v2 - pENTR: CMV_CRE-TKNLS_2A_H2B-mRuby-bgh, +, 1247, 1283], [pSJ8 - pENTR: CMV_CRE-NLS_2A_H2B-mRuby, +, 1247, 1283]"
oSJ38,AAGTTAGTAGCTCCGCTTCCATCGCCATCTTCCAGCAGGC,,,"[PE030v4- pENTR: CMV_CRE-TKNLS_2A_H2B-mRuby-bgh, -, 3001, 3020], [pSJ8 - pENTR: CMV_CRE-NLS_2A_H2B-mRuby, -, 2979, 2998], [PE024 - pENTR: CMV_CRE-TKNLS_2A_H2B-mRuby, -, 3001, 3020], [PE031- pENTR: CMV_CRE-TKNLS_2A_H2B-mClover-bgh, -, 3001, 3020], [pSJ8 - pENTR: CMV_CRE-NLS_2A_H2B-mRuby, -, 2979, 2998], [pSJ8 - pENTR: CMV_CRE-NLS_2A_H2B-mRuby, -, 2979, 2998], [PE030v2 - pENTR: CMV_CRE-TKNLS_2A_H2B-mRuby-bgh, -, 2979, 2998]"
oSJ46,tggacgagctgtacaagTAAagctgaatctaagtcgacgga,,,"[pSJ9 - PiggyBac: PGK_ddGFP-A-NLS_2A_JNKKTR-ddGFP-B_2A_H2B-mRuby, +, 4737, 4757]"
oSJ47,gcgcaaccccaaccccgtggggccttggaggccttttccc,,,"[pSJ9 - PiggyBac: PGK_ddGFP-A-NLS_2A_JNKKTR-ddGFP-B_2A_H2B-mRuby, -, 1159, 1178]"
oSJ48,cctctctccccaggGCCACCatgggtcgggatctgtacga,,,"[pSJ5 - pENTR: ddGFP-A-NLS-2A-JNKKTR-ddGFPB-2A-H2B-mRuby, +, 1083, 1107], [pSJ9 - PiggyBac: PGK_ddGFP-A-NLS_2A_JNKKTR-ddGFP-B_2A_H2B-mRuby, +, 1716, 1735], [pSJ5 - pENTR: ddGFP-A-NLS-2A-JNKKTR-ddGFPB-2A-H2B-mRuby, +, 2150, 2169]"
oSJ49,ccgtcgacttagattcagctTTActtgtacagctcgtcca,,,"[pSJ9 - PiggyBac: PGK_ddGFP-A-NLS_2A_JNKKTR-ddGFP-B_2A_H2B-mRuby, -, 4717, 4736], [pSJ5 - pENTR: ddGFP-A-NLS-2A-JNKKTR-ddGFPB-2A-H2B-mRuby, -, 4089, 4108]"
oSJ50,gggaaaaggcctccaaggccccacggggttggggttgcgc,,,"[TK144 pENTR PGK mTOR maf1 redesigned, +, 554, 575], [pSJ9 - PiggyBac: PGK_ddGFP-A-NLS_2A_JNKKTR-ddGFP-B_2A_H2B-mRuby, +, 1179, 1198]"
oSJ51,tcgtacagatcccgacccatGGTGGCcctggggagagagg,,,"[TK144 pENTR PGK mTOR maf1 redesigned, -, 1058, 1080], [pSJ9 - PiggyBac: PGK_ddGFP-A-NLS_2A_JNKKTR-ddGFP-B_2A_H2B-mRuby, -, 1681, 1700]"
oSJ52,accacctggggcatggtaca,,,"[pSJ18 - pENTR: ddGFPa-3xNLS_2A_JNKKTR (EE mutant)-ddGFPb_2A_H2B-mRuby_PGK-Puro, +, 1577, 1596], [pSJ9 - PiggyBac: PGK_ddGFP-A-NLS_2A_JNKKTR-ddGFP-B_2A_H2B-mRuby, +, 2428, 2447], [pSJ10 - pENTR: ddYFPA-3xNLS_2A_JNKKTR-ddYFPB_2A_H2B-mRuby_PGK-Puro, +, 1867, 1886], [pSJ17 - pENTR: ddGFPa-3xNLS_2A_JNKKTR-ddGFPb_2A_H2B-mRuby, +, 2763, 2782]"
oSJ68,GGGTCTAGATATCTCGTTATTAgttagcctcccccatctccc,,,"[pSJ7 - pENTR: PGK_H2B-Clover-LoxP_2A_PuroTK-LoxP, -, 3944, 3963]"
oSJ67,TAGCATACATTATACGAAGTTATTGatggggaccgagtacaagcc,,,"[pSJ7 - pENTR: PGK_H2B-Clover-LoxP_2A_PuroTK-LoxP, +, 2365, 2384]"
oSJ39,CAATAACTTCGTATAATGTATGCTATACGAAG,,,"[gblock_KL4, -, 243, 274], [pSJ7 - pENTR: PGK_H2B-Clover-LoxP_2A_PuroTK-LoxP, -, 2267, 2298]"
oSJ45,GTTAGTAGCTCCGCTTCCCAATAACTTCGTATAATGTATGCTATACGAAG,,,"[pSJ7 - pENTR: PGK_H2B-Clover-LoxP_2A_PuroTK-LoxP, -, 2267, 2298]"
oSJ44,CTGCTGAAGCAGGCTGGAGACGTGGAGGAGAA,,,"[pSJ7 - pENTR: PGK_H2B-Clover-LoxP_2A_PuroTK-LoxP, +, 2335, 2354]"
oSJ42,ccaaagcgtacgtgaggcac,,,"[pSJ10 - pENTR: ddYFPA-3xNLS_2A_JNKKTR-ddYFPB_2A_H2B-mRuby_PGK-Puro, +, 2527, 2546], [pSJ17 - pENTR: ddGFPa-3xNLS_2A_JNKKTR-ddGFPb_2A_H2B-mRuby, +, 3423, 3442], [pSJ4 - pBad: PolyHis-XpressEK-ddYFP-B, +, 390, 409], [pSJ9 - PiggyBac: PGK_ddGFP-A-NLS_2A_JNKKTR-ddGFP-B_2A_H2B-mRuby, +, 3040, 3059]"
oSJ40,CTTTGTACAAAAAAGCAGGC,,,"[pSJ70 - pENTR: IRES_H2B-Clover-LoxP, +, 539, 558], [pSJ17 - pENTR: ddGFPa-3xNLS_2A_JNKKTR-ddGFPb_2A_H2B-mRuby, +, 2025, 2044], [pSJ10 - pENTR: ddYFPA-3xNLS_2A_JNKKTR-ddYFPB_2A_H2B-mRuby_PGK-Puro, +, 1129, 1148], [pSJ72 - pENTR: crSJ4(mouse nfkb1)_IRES_H2B-Clover-LoxP, +, 1057, 1076], [pSJ69 - pENTR: PGK_IRES_H2B-Clover-LoxP, +, 1057, 1076], [pSJ78 - pENTR: crSJ7 (mouse nfkb1)_PGK_IRES_H2B-Clover-LoxP, +, 1057, 1076], [pSJ77 - pENTR: crSJ6 (mouse nfkb1)_IRES_H2B-Clover-LoxP, +, 1057, 1076], [pSJ71 - pENTR: crSJ4 (mouse nfkb1)_PGK_IRES_H2B-Clover-LoxP, +, 1057, 1076], [pSJ74 - pENTR: crSJ5 (mouse nfkb1)_PGK_IRES_H2B-Clover-LoxP, +, 1057, 1076], [TK619 pLenti CMV Puro (gateway from TK606 HIF1a-middle-VenusPest), +, 437, 456], ...more sites present"
oSJ41,acttcgtggacaccaagctg,,,"[pSJ17 - pENTR: ddGFPa-3xNLS_2A_JNKKTR-ddGFPb_2A_H2B-mRuby, +, 2679, 2698], [pSJ9 - PiggyBac: PGK_ddGFP-A-NLS_2A_JNKKTR-ddGFP-B_2A_H2B-mRuby, +, 2344, 2363], [pSJ3 - pBad: PolyHis-XpressEK-ddYFP-A, +, 750, 769]"
oSJ56,AAAGCAGGCTCCACCATGGGTCGGGATCTGTACGACGATG,,,"[pSJ3 - pBad: PolyHis-XpressEK-ddYFP-A, +, 122, 146], [pSJ10 - pENTR: ddYFPA-3xNLS_2A_JNKKTR-ddYFPB_2A_H2B-mRuby_PGK-Puro, +, 1155, 1179]"
oSJ60,ggccaccatcaaagagttcatgcgcttccaggtgc,,,"[pSJ10 - pENTR: ddYFPA-3xNLS_2A_JNKKTR-ddYFPB_2A_H2B-mRuby_PGK-Puro, +, 2346, 2370], [pSJ4 - pBad: PolyHis-XpressEK-ddYFP-B, +, 199, 233]"
oSJ54,GGAAGCGGAGCTACTAACTTCAGCC,,,"[TK434 - pENTR: mouse p65 promoter_Patl1(DNASU)-mClover_2A_H2B-mRuby2 mut2, +, 5588, 5612], [pSJ41 - pENTR: mouse p65 promoter_p50-(GGGS)x2-mClover_2A_H2B-iRFP670, +, 4610, 4634], [pSJ8 - pENTR: CMV_CRE-NLS_2A_H2B-mRuby, +, 2999, 3023], [pSJ86 - pENTR: mouse p65 promoter_RelB-(GGGS)x2-mClover_2A_H2B-mRuby2, +, 4976, 5000], [TK436 - pENTR: mouse p65 promoter_Patl1(DNASU)-mClover_2A_H2B-mRuby2 mutated first K, +, 5588, 5612], [TK497 (pLenti Blast gateway from TK433 - pENTR: mouse p65 promoter_Patl1(DNASU)-mClover_2A_H2B-mRuby2 mut1), +, 5585, 5609], [TK490 (pLenti Puro gateway from TK434 - pENTR: mouse p65 promoter_Patl1(DNASU)-mClover_2A_H2B-mRuby2 mut2), +, 5588, 5612], [pSJ22 - pENTR: HIF1a_GGGGS_Venus_2A_H2B-mRuby, +, 412, 436], [pSJ5 - pENTR: ddGFP-A-NLS-2A-JNKKTR-ddGFPB-2A-H2B-mRuby, +, 2897, 2921], [pSJ8 - pENTR: CMV_CRE-NLS_2A_H2B-mRuby, +, 2999, 3023], ...more sites present"
oSJ55,GGTGGAGCCTGCTTTTTTGTACAAA,,,"[TK490 (pLenti Puro gateway from TK434 - pENTR: mouse p65 promoter_Patl1(DNASU)-mClover_2A_H2B-mRuby2 mut2), -, 1132, 1156], [pSJ146 - pENTR: p50-middleClover (E285-V291), -, 1156, 1180], [pSJ35 - pENTR: HIF1a_Bagnall et al Linker_Venus_2A_H2B-mRuby, -, 1130, 1154], [PE030v4- pENTR: CMV_CRE-TKNLS_2A_H2B-mRuby-bgh, -, 1244, 1268], [pSJ121 - pENTR: PGK_HIF1a_Bagnall et al Linker_mClover_2A_H2B-mRuby, -, 1130, 1154], [pSJ8 - pENTR: CMV_CRE-NLS_2A_H2B-mRuby, -, 1222, 1246], [TK441 pLenti Blast (gateway from TK427 - pENTR: mouse p65 promoter_Patl1(DNASU)-mClover_2A_H2B-mRuby2), -, 1132, 1156], [pSJ118 - pENTR: mouse p65 promoter_p50-(GGGS)x2-mCerulean3_P2A_H2B-iRFP670, -, 1132, 1156], [pSJ82 - pENTR: mouse p65 promoter_p65-(GGGS)x2-mClover_2A_H2B-mRuby2, -, 1132, 1156], [pSJ36 - pENTR: mouse p65 promoter_p50-mClover_2A_H2B-mRuby2, -, 1132, 1156], ...more sites present"
oSJ57,TGAGTCCGGAGGTACCGGAGCTACCGCTGC,,,"[pSJ10 - pENTR: ddYFPA-3xNLS_2A_JNKKTR-ddYFPB_2A_H2B-mRuby_PGK-Puro, -, 1897, 1916], [pSJ3 - pBad: PolyHis-XpressEK-ddYFP-A, -, 864, 884]"
oSJ58,CTCCGGTACCTCCGGACTCAGATCTCGAGCTGATC,,,"[pSJ21 - pENTR: ddGFPa-3xNLS_2A_JNKKTR-ddGFPb_2A_H2B-mRuby_PGK-Puro, +, 1183, 1217], [pSJ10 - pENTR: ddYFPA-3xNLS_2A_JNKKTR-ddYFPB_2A_H2B-mRuby_PGK-Puro, +, 1917, 1941]"
oSJ59,tgaactctttgatggtggccatgttgttgtcctcg,,,"[pSJ10 - pENTR: ddYFPA-3xNLS_2A_JNKKTR-ddYFPB_2A_H2B-mRuby_PGK-Puro, -, 2321, 2345], [pSJ21 - pENTR: ddGFPa-3xNLS_2A_JNKKTR-ddGFPb_2A_H2B-mRuby_PGK-Puro, -, 1597, 1631]"
oSJ61,AGTAGCTCCGCTTCCcttgtaccgctcgtccatgcccaga,,,"[pSJ4 - pBad: PolyHis-XpressEK-ddYFP-B, -, 850, 874], [pSJ10 - pENTR: ddYFPA-3xNLS_2A_JNKKTR-ddYFPB_2A_H2B-mRuby_PGK-Puro, -, 2987, 3011]"
oSJ63,cctctctccccaggGACAAAAAAGCAGGCTCCACC,,,"[pSJ9 - PiggyBac: PGK_ddGFP-A-NLS_2A_JNKKTR-ddGFP-B_2A_H2B-mRuby, +, 1696, 1715], [pSJ5 - pENTR: ddGFP-A-NLS-2A-JNKKTR-ddGFPB-2A-H2B-mRuby, +, 1068, 1087]"
oSJ62,Ccctggggagagaggtcggt,,,"[pSJ9 - PiggyBac: PGK_ddGFP-A-NLS_2A_JNKKTR-ddGFP-B_2A_H2B-mRuby, -, 1676, 1695]"
oSJ77,TGAGCCATCAGTCCGCCCTG,,,"[gSJ2, +, 1, 20], [pSJ7 - pENTR: PGK_H2B-Clover-LoxP_2A_PuroTK-LoxP, +, 2159, 2178], [pSJ102 - pENTR: mouse p65 promoter_p65-(GGGS)x2-mClover_T2A_H2B-mRuby2, +, 4869, 4888], [pSJ45 - pENTR: mouse p65 promoter_p65-(GGGS)x2-mClover_2A_H2B-iRFP670, +, 4887, 4906]"
oSJ76,ccgtgggcttgtactcggtc,,,"[gSJ2, -, 212, 231], [pSJ7 - pENTR: PGK_H2B-Clover-LoxP_2A_PuroTK-LoxP, -, 2370, 2389]"
oSJ80,CGTCGCTCCGCTTCCTACCTTTCTCTTCTTTTTTGGATCTACCTT,,,"[PSR1227_PGK_iRFP, -, 5859, 5889]"
oSJ81,CGGCCGGTCGCCACCgatccaccggTCGTCGACAG,,,
oSJ82,CCAACTCTTTTTCCGAAGGTAACTGGCTTCAGCAGAGCGC,,,"[pSJ5 - pENTR: ddGFP-A-NLS-2A-JNKKTR-ddGFPB-2A-H2B-mRuby, +, 66, 105], [pSJ18 - pENTR: ddGFPa-3xNLS_2A_JNKKTR (EE mutant)-ddGFPb_2A_H2B-mRuby_PGK-Puro, +, 7084, 7123], [pSJ7 - pENTR: PGK_H2B-Clover-LoxP_2A_PuroTK-LoxP, +, 5242, 5266], [pSJ17 - pENTR: ddGFPa-3xNLS_2A_JNKKTR-ddGFPb_2A_H2B-mRuby, +, 1029, 1068], [pSJ21 - pENTR: ddGFPa-3xNLS_2A_JNKKTR-ddGFPb_2A_H2B-mRuby_PGK-Puro, +, 6650, 6689], [pSJ20 - pENTR: H2B-Clover-LoxP_2A_PuroTK-LoxP, +, 4721, 4745]"
oSJ83,GAAGCCAGTTACCTTCGGAAAAAGAGTTGGTAGCTCTTGATC,,,"[pSJ7 - pENTR: PGK_H2B-Clover-LoxP_2A_PuroTK-LoxP, -, 5215, 5241], [pSJ5 - pENTR: ddGFP-A-NLS-2A-JNKKTR-ddGFPB-2A-H2B-mRuby, -, 54, 95], [pSJ21 - pENTR: ddGFPa-3xNLS_2A_JNKKTR-ddGFPb_2A_H2B-mRuby_PGK-Puro, -, 6638, 6679], [pSJ17 - pENTR: ddGFPa-3xNLS_2A_JNKKTR-ddGFPb_2A_H2B-mRuby, -, 1017, 1058], [pSJ18 - pENTR: ddGFPa-3xNLS_2A_JNKKTR (EE mutant)-ddGFPb_2A_H2B-mRuby_PGK-Puro, -, 7072, 7113], [pSJ20 - pENTR: H2B-Clover-LoxP_2A_PuroTK-LoxP, -, 4694, 4720]"
oSJ84,GACGAccggtggatcGGTGGCGACCGGCCGGTG,,,
oSJ87,AAGCCCGGTGCCTGAGCCTaaGCGGCCGCACT,,,"[pSJ18 - pENTR: ddGFPa-3xNLS_2A_JNKKTR (EE mutant)-ddGFPb_2A_H2B-mRuby_PGK-Puro, +, 5842, 5859], [pSJ21 - pENTR: ddGFPa-3xNLS_2A_JNKKTR-ddGFPb_2A_H2B-mRuby_PGK-Puro, +, 5409, 5425]"
oSJ88,ACTGTGCTGGATATCTTActtgtacagctcgtccatccca,,,"[pSJ18 - pENTR: ddGFPa-3xNLS_2A_JNKKTR (EE mutant)-ddGFPb_2A_H2B-mRuby_PGK-Puro, -, 3909, 3934], [pSJ21 - pENTR: ddGFPa-3xNLS_2A_JNKKTR-ddGFPb_2A_H2B-mRuby_PGK-Puro, -, 3475, 3499]"
oSJ89,gagctgtacaagTAAGATATCCAGCACAGTGGCGG,,,"[pKL150, +, 2794, 2813], [pSJ21 - pENTR: ddGFPa-3xNLS_2A_JNKKTR-ddGFPb_2A_H2B-mRuby_PGK-Puro, +, 3500, 3519], [pSJ15 - pLenti: PGK_H2B-Clover-LoxP, +, 4576, 4595]"
oSJ90,TGCGGCCGCttAGGCTCAGGCACCGGGCTTGC,,,"[pKL150, -, 4686, 4703], [pSJ21 - pENTR: ddGFPa-3xNLS_2A_JNKKTR-ddGFPb_2A_H2B-mRuby_PGK-Puro, -, 5392, 5408], [pSJ15 - pLenti: PGK_H2B-Clover-LoxP, -, 6468, 6485], [pKL27, -, 8171, 8188]"
oSJ85,TTCAGTCGACTGGATgatccaccggTCGTCGACAG,,,"[pSJ20 - pENTR: H2B-Clover-LoxP_2A_PuroTK-LoxP, +, 518, 537], [pSJ7 - pENTR: PGK_H2B-Clover-LoxP_2A_PuroTK-LoxP, +, 1039, 1058]"
oSJ86,GACGAccggtggatcATCCAGTCGACTGAATTGGTTCCTT,,,"[pSJ7 - pENTR: PGK_H2B-Clover-LoxP_2A_PuroTK-LoxP, -, 426, 450], [pSJ20 - pENTR: H2B-Clover-LoxP_2A_PuroTK-LoxP, -, 493, 517]"
oSJ95,GTACAAAAAAGCAGGCTCCACCatggtgagcaagggcgagga,,,"[pSJ23 - pENTR: Venus_GGGGS_HIF1a_2A_H2B-mRuby, +, 1165, 1184]"
oSJ96,tGCTGCCACCGCCACCcttgtacagctcgtccatgccg,,,"[pSJ23 - pENTR: Venus_GGGGS_HIF1a_2A_H2B-mRuby, -, 1860, 1881]"
oSJ97,gGGTGGCGGTGGCAGCatggagggcgccggcg,,,"[pSJ23 - pENTR: Venus_GGGGS_HIF1a_2A_H2B-mRuby, +, 1897, 1912]"
oSJ98,AAGTTAGTAGCTCCGCTTCCgttaacttgatccaaagctctgagtaattc,,,"[pSJ23 - pENTR: Venus_GGGGS_HIF1a_2A_H2B-mRuby, -, 4375, 4404], [pSJ124 - pENTR: PGK_mClover_HIF1a, -, 4866, 4895], [pSJ34 - pENTR: Venus_Bagnall et al Linker_HIF1a_2A_H2B-mRuby, -, 3731, 3780]"
oSJ91,TTTGTACAAAAAAGCAGGCTCCACCatggagggcgccggcg,,,"[pSJ25 - pENTR: HIF1a_GGGGS_3xGFP11(15aa linker)_2A_H2B-mRuby, +, 894, 934], [pSJ125 - pENTR: PGK_mClover_Bagnall et al Linker_HIF1a, +, 2478, 2493], [pSJ124 - pENTR: PGK_mClover_HIF1a, +, 2388, 2403], [test pSJ97 - pENTR: HIF1a_Bagnall et al Linker_mClover_2A_H2B-mRuby, +, 1155, 1170], [pSJ121 - pENTR: PGK_HIF1a_Bagnall et al Linker_mClover_2A_H2B-mRuby, +, 1704, 1719], [pSJ97 - pENTR: HIF1a_Bagnall et al Linker_mClover_2A_H2B-mRuby, +, 1155, 1170], [pSJ126 - pENTR: PGK_HIF1a_Bagnall et al Linker_mClover (P402A, P577G), +, 1704, 1719], [pSJ123 - pENTR: PGK_HIF1a_Bagnall et al Linker_mClover, +, 1704, 1719], [pSJ22 - pENTR: HIF1a_GGGGS_Venus_2A_H2B-mRuby, +, 3887, 3902], [pSJ127 - pENTR: PGK_HIF1a_Bagnall et al Linker_mClover (L397A, L400A), +, 1704, 1719], ...more sites present"
oSJ92,atGCTGCCACCGCCACCgttaacttgatccaaagctctgagtaattc,,,"[pSJ128 - pENTR: PGK_HIF1a_Bagnall et al Linker_mClover (K729T), -, 4182, 4211], [pSJ127 - pENTR: PGK_HIF1a_Bagnall et al Linker_mClover (L397A, L400A), -, 4182, 4211], [pSJ124 - pENTR: PGK_mClover_HIF1a, -, 4866, 4895], [test pSJ97 - pENTR: HIF1a_Bagnall et al Linker_mClover_2A_H2B-mRuby, -, 3633, 3662], [pSJ22 - pENTR: HIF1a_GGGGS_Venus_2A_H2B-mRuby, -, 6365, 6394], [pSJ97 - pENTR: HIF1a_Bagnall et al Linker_mClover_2A_H2B-mRuby, -, 3633, 3662], [pSJ121 - pENTR: PGK_HIF1a_Bagnall et al Linker_mClover_2A_H2B-mRuby, -, 4182, 4211], [pSJ126 - pENTR: PGK_HIF1a_Bagnall et al Linker_mClover (P402A, P577G), -, 4182, 4211], [pSJ35 - pENTR: HIF1a_Bagnall et al Linker_Venus_2A_H2B-mRuby, -, 3633, 3662], [pSJ25 - pENTR: HIF1a_GGGGS_3xGFP11(15aa linker)_2A_H2B-mRuby, -, 3397, 3443], ...more sites present"
oSJ93,gttaacGGTGGCGGTGGCAGCatggtgagcaagggcgagga,,,"[pSJ22 - pENTR: HIF1a_GGGGS_Venus_2A_H2B-mRuby, +, 6410, 6429], [pSJ141 - pENTR: mouse p65 promoter_mClover-(GGGGS)x2-p50, +, 2611, 2631], [pKL54, +, 3534, 3554], [pSJ35 - pENTR: HIF1a_Bagnall et al Linker_Venus_2A_H2B-mRuby, +, 3753, 3772]"
oSJ94,GGCTGAAGTTAGTAGCTCCGCTTCCcttgtacagctcgtccatgccg,,,"[pSJ35 - pENTR: HIF1a_Bagnall et al Linker_Venus_2A_H2B-mRuby, -, 4448, 4469], [pKL54, -, 4225, 4246], [pSJ22 - pENTR: HIF1a_GGGGS_Venus_2A_H2B-mRuby, -, 390, 411]"
oSJ99,GGCGGTAGTGGCGGAAAATTCATGGGAAGCGGAGCTACTAACTTCAGCCT,,,"[test pSJ97 - pENTR: HIF1a_Bagnall et al Linker_mClover_2A_H2B-mRuby, +, 4436, 4462], [TK575 Piggybac CAG (gateway from HIF1a-middle-VenusPest_2A_H2B-mRuby), +, 4570, 4595], [pSJ121 - pENTR: PGK_HIF1a_Bagnall et al Linker_mClover_2A_H2B-mRuby, +, 4985, 5011], [TK552 HIF1a-middle-VenusPest_2A_H2B-mRuby, +, 4570, 4595], [pSJ35 - pENTR: HIF1a_Bagnall et al Linker_Venus_2A_H2B-mRuby, +, 4469, 4495], [pSJ22 - pENTR: HIF1a_GGGGS_Venus_2A_H2B-mRuby, +, 411, 437], [TK569 pLenti PGK Hygro (gateway from TK552 HIF1a-middle-VenusPest_2A_H2B-mRuby), +, 4570, 4595], [pSJ129 - pENTR: HIF1a-middleVenusPest_2A_H2B-mRuby (P402A, P577G), +, 4570, 4595], [pSJ25 - pENTR: HIF1a_GGGGS_3xGFP11(15aa linker)_2A_H2B-mRuby, +, 3709, 3734], [pSJ97 - pENTR: HIF1a_Bagnall et al Linker_mClover_2A_H2B-mRuby, +, 4436, 4462]"
oSJ100,CATGAAGGACCATGTGGTCACGCATGCTGCCACCGCCACCgttaa,,,"[pSJ128 - pENTR: PGK_HIF1a_Bagnall et al Linker_mClover (K729T), -, 4207, 4229], [pSJ123 - pENTR: PGK_HIF1a_Bagnall et al Linker_mClover, -, 4207, 4229], [pSJ127 - pENTR: PGK_HIF1a_Bagnall et al Linker_mClover (L397A, L400A), -, 4207, 4229], [pSJ35 - pENTR: HIF1a_Bagnall et al Linker_Venus_2A_H2B-mRuby, -, 3658, 3680], [pSJ25 - pENTR: HIF1a_GGGGS_3xGFP11(15aa linker)_2A_H2B-mRuby, -, 3422, 3441], [pSJ125 - pENTR: PGK_mClover_Bagnall et al Linker_HIF1a, -, 4981, 5003], [pSJ97 - pENTR: HIF1a_Bagnall et al Linker_mClover_2A_H2B-mRuby, -, 3658, 3680], [pSJ121 - pENTR: PGK_HIF1a_Bagnall et al Linker_mClover_2A_H2B-mRuby, -, 4207, 4229], [test pSJ97 - pENTR: HIF1a_Bagnall et al Linker_mClover_2A_H2B-mRuby, -, 3658, 3680], [pSJ124 - pENTR: PGK_mClover_HIF1a, -, 4891, 4913], ...more sites present"
oSJ101,ATGCGTGACCACATGGTCCT,,,"[pSJ25 - pENTR: HIF1a_GGGGS_3xGFP11(15aa linker)_2A_H2B-mRuby, +, 3442, 3461]"
oSJ102,CATGAATTTTCCGCCACTACCG,,,"[pSJ25 - pENTR: HIF1a_GGGGS_3xGFP11(15aa linker)_2A_H2B-mRuby, -, 3687, 3708], [TK569 pLenti PGK Hygro (gateway from TK552 HIF1a-middle-VenusPest_2A_H2B-mRuby), -, 4548, 4569], [TK552 HIF1a-middle-VenusPest_2A_H2B-mRuby, -, 4548, 4569], [pSJ129 - pENTR: HIF1a-middleVenusPest_2A_H2B-mRuby (P402A, P577G), -, 4548, 4569], [TK575 Piggybac CAG (gateway from HIF1a-middle-VenusPest_2A_H2B-mRuby), -, 4548, 4569]"
oSJ104,gaattactgagttgatgggt,,,"[pSJ126 - pENTR: PGK_HIF1a_Bagnall et al Linker_mClover (P402A, P577G), +, 2476, 2495], [pSJ25 - pENTR: HIF1a_GGGGS_3xGFP11(15aa linker)_2A_H2B-mRuby, +, 1691, 1710], [pSJ24 - MGC HIF1alpha (Mus musculus), +, 1048, 1067], [test pSJ97 - pENTR: HIF1a_Bagnall et al Linker_mClover_2A_H2B-mRuby, +, 1927, 1946], [pSJ35 - pENTR: HIF1a_Bagnall et al Linker_Venus_2A_H2B-mRuby, +, 1927, 1946], [pSJ127 - pENTR: PGK_HIF1a_Bagnall et al Linker_mClover (L397A, L400A), +, 2476, 2495], [pSJ123 - pENTR: PGK_HIF1a_Bagnall et al Linker_mClover, +, 2476, 2495], [pSJ97 - pENTR: HIF1a_Bagnall et al Linker_mClover_2A_H2B-mRuby, +, 1927, 1946], [pSJ124 - pENTR: PGK_mClover_HIF1a, +, 3160, 3179], [pSJ130 - pENTR: PGK_HIF1a (Δ796-836)_Bagnall et al Linker_mClover, +, 2476, 2495], ...more sites present"
oSJ103,ttgtctctttctccgcgcgc,,,"[pSJ24 - MGC HIF1alpha (Mus musculus), +, 179, 198]"
oSJ105,attcaagttggaactggtgg,,,"[pSJ123 - pENTR: PGK_HIF1a_Bagnall et al Linker_mClover, +, 3332, 3351], [test pSJ97 - pENTR: HIF1a_Bagnall et al Linker_mClover_2A_H2B-mRuby, +, 2783, 2802], [pSJ25 - pENTR: HIF1a_GGGGS_3xGFP11(15aa linker)_2A_H2B-mRuby, +, 2547, 2566], [pSJ35 - pENTR: HIF1a_Bagnall et al Linker_Venus_2A_H2B-mRuby, +, 2783, 2802], [pSJ124 - pENTR: PGK_mClover_HIF1a, +, 4016, 4035], [pSJ97 - pENTR: HIF1a_Bagnall et al Linker_mClover_2A_H2B-mRuby, +, 2783, 2802], [pSJ130 - pENTR: PGK_HIF1a (Δ796-836)_Bagnall et al Linker_mClover, +, 3332, 3351], [pSJ125 - pENTR: PGK_mClover_Bagnall et al Linker_HIF1a, +, 4106, 4125], [pSJ127 - pENTR: PGK_HIF1a_Bagnall et al Linker_mClover (L397A, L400A), +, 3332, 3351], [pSJ121 - pENTR: PGK_HIF1a_Bagnall et al Linker_mClover_2A_H2B-mRuby, +, 3332, 3351], ...more sites present"
oSJ108,tgtactcggtccccatAGGT,,,"[pSJ16 - pLenti: PGK_H2B-Clover-LoxP_2A_PuroTK-LoxP, -, 3233, 3252]"
oSJ107,ATGAAAGCCATACGGGAAGC,,,"[pSJ154 - pLenti: mClover-(GGGGS)x2-p50, -, 6972, 6991], [pSJ134 - pLenti: PGK_HIF1a_Bagnall et al Linker_mClover (P402A, P577G) (puro), -, 6690, 6709], [pSJ138 - pLenti: HIF1a-middleVenusPest (P402A, P577G), -, 8337, 8356], [DEST 1 (hPGK, mPGK puro), -, 6592, 6611], [pSJ156 - pLenti: p50-(GGGGS)x2-mClover, -, 6972, 6991], [pSJ15 - pLenti: PGK_H2B-Clover-LoxP, -, 4713, 4732], [pSJ157 - pLenti: p50-middleClover (E285-V291), -, 6972, 6991], [pSJ16 - pLenti: PGK_H2B-Clover-LoxP_2A_PuroTK-LoxP, -, 5050, 5069], [PSR1875 pLenti X1 Blast DEST, -, 6012, 6031], [pSJ109 - pLenti: mouse p65 promoter_p65-(GGGS)x2-mClover_T2A_p50-(GGGS)x2-mCerulean_P2A_H2B-mRuby2, -, 11483, 11502], ...more sites present"
oSJ106,AGCAAAGACCCCAACGAGAA,,,"[pSJ118 - pENTR: mouse p65 promoter_p50-(GGGS)x2-mCerulean3_P2A_H2B-iRFP670, +, 4526, 4545], [pSJ16 - pLenti: PGK_H2B-Clover-LoxP_2A_PuroTK-LoxP, +, 3051, 3070], [pSJ15 - pLenti: PGK_H2B-Clover-LoxP, +, 4415, 4434]"
oSJ113,cacgctgaacttgtggccgttta,,,"[pSJ137 - pENTR: HIF1a-middleVenusPest (P402A, P577G), -, 1796, 1818], [pSJ35 - pENTR: HIF1a_Bagnall et al Linker_Venus_2A_H2B-mRuby, -, 3820, 3842], [pSJ129 - pENTR: HIF1a-middleVenusPest_2A_H2B-mRuby (P402A, P577G), -, 2252, 2274]"
oSJ112,taaacggccacaagttcagcgtg,,,"[pSJ22 - pENTR: HIF1a_GGGGS_Venus_2A_H2B-mRuby, +, 6477, 6499], [pSJ105 - pcDNA3: CMV_Cyto-ABKAR, +, 75, 97], [pSJ35 - pENTR: HIF1a_Bagnall et al Linker_Venus_2A_H2B-mRuby, +, 3820, 3842]"
oSJ111,agtctgcatgctaaatcggagggta,,,"[pSJ123 - pENTR: PGK_HIF1a_Bagnall et al Linker_mClover, -, 4054, 4078], [pSJ121 - pENTR: PGK_HIF1a_Bagnall et al Linker_mClover_2A_H2B-mRuby, -, 4054, 4078], [pSJ127 - pENTR: PGK_HIF1a_Bagnall et al Linker_mClover (L397A, L400A), -, 4054, 4078], [pSJ97 - pENTR: HIF1a_Bagnall et al Linker_mClover_2A_H2B-mRuby, -, 3505, 3529], [pSJ130 - pENTR: PGK_HIF1a (Δ796-836)_Bagnall et al Linker_mClover, -, 4054, 4078], [pSJ128 - pENTR: PGK_HIF1a_Bagnall et al Linker_mClover (K729T), -, 4054, 4078], [pSJ124 - pENTR: PGK_mClover_HIF1a, -, 4738, 4762], [pSJ35 - pENTR: HIF1a_Bagnall et al Linker_Venus_2A_H2B-mRuby, -, 3505, 3529], [TK644 pENTR trHIF1a-middle-mNGPest_2A_H2B-mRuby, -, 4121, 4145], [test pSJ97 - pENTR: HIF1a_Bagnall et al Linker_mClover_2A_H2B-mRuby, -, 3505, 3529], ...more sites present"
oSJ114,taccctccgatttagcatgcagact,,,"[pSJ123 - pENTR: PGK_HIF1a_Bagnall et al Linker_mClover, +, 4054, 4078], [pSJ97 - pENTR: HIF1a_Bagnall et al Linker_mClover_2A_H2B-mRuby, +, 3505, 3529], [pSJ127 - pENTR: PGK_HIF1a_Bagnall et al Linker_mClover (L397A, L400A), +, 4054, 4078], [TK644 pENTR trHIF1a-middle-mNGPest_2A_H2B-mRuby, +, 4121, 4145], [pSJ35 - pENTR: HIF1a_Bagnall et al Linker_Venus_2A_H2B-mRuby, +, 3505, 3529], [pSJ126 - pENTR: PGK_HIF1a_Bagnall et al Linker_mClover (P402A, P577G), +, 4054, 4078], [pSJ124 - pENTR: PGK_mClover_HIF1a, +, 4738, 4762], [pSJ25 - pENTR: HIF1a_GGGGS_3xGFP11(15aa linker)_2A_H2B-mRuby, +, 3269, 3293], [pSJ128 - pENTR: PGK_HIF1a_Bagnall et al Linker_mClover (K729T), +, 4054, 4078], [pSJ121 - pENTR: PGK_HIF1a_Bagnall et al Linker_mClover_2A_H2B-mRuby, +, 4054, 4078], ...more sites present"
oSJ109,GCTTTTTTGTACAAACTTGTTGATCTCGAGATcttgtacagctcgtccatgccgaga,,,"[pSJ23 - pENTR: Venus_GGGGS_HIF1a_2A_H2B-mRuby, -, 1857, 1881], [pSJ34 - pENTR: Venus_Bagnall et al Linker_HIF1a_2A_H2B-mRuby, -, 1186, 1210]"
oSJ110,AACAAGTTTGTACAAAAAAGCAGGCTTCACCatggagggcgccggcggc,,,"[pSJ34 - pENTR: Venus_Bagnall et al Linker_HIF1a_2A_H2B-mRuby, +, 1253, 1270], [pSJ23 - pENTR: Venus_GGGGS_HIF1a_2A_H2B-mRuby, +, 1896, 1914]"
oSJ124,atggcgcgtaaggtcgatct,,,"[TK429 pLenti CMV Blast (gateway from pKL629), +, 2384, 2403], [pSJ37a - pENTR: mouse p65 promoter_p50-mcClover_2A_H2B-iRFP670, +, 5074, 5093], [TK430 pLenti PGK Blast (gateway from pKL629), +, 2384, 2403], [pSJ38 - pENTR: mouse p65 promoter_p50-mcClover_2A_H2B-iRFP670 (codon optimized linker), +, 5069, 5088]"
oSJ125,cttagcgctggtgtacttggtg,,,"[pSJ37a - pENTR: mouse p65 promoter_p50-mcClover_2A_H2B-iRFP670, -, 4998, 5019], [TK430 pLenti PGK Blast (gateway from pKL629), -, 2308, 2329], [TK429 pLenti CMV Blast (gateway from pKL629), -, 2308, 2329], [pSJ37 - pENTR: mouse p65 promoter_p50-mcClover_2A_H2B-iRFP670, -, 5007, 5028], [pSJ38 - pENTR: mouse p65 promoter_p50-mcClover_2A_H2B-iRFP670 (codon optimized linker), -, 4993, 5014], [pSJ45 - pENTR: mouse p65 promoter_p65-(GGGS)x2-mClover_2A_H2B-iRFP670, -, 5389, 5410]"
oSJ115,TTTGTACAAAAAAGCAGGCTCCACCATTATCGACTCTTAACTGATGGGCC,,,"[pSJ85 - pENTR: mouse p65 promoter_cRel-(GGGS)x2-mClover_2A_H2B-mRuby2, +, 1157, 1181], [TK433 - pENTR: mouse p65 promoter_Patl1(DNASU)-mClover_2A_H2B-mRuby2 mut1, +, 1157, 1181], [pSJ103 - pENTR: mouse p65 promoter_p50-(GGGS)x2-mCerulean3_P2A_H2B-mRuby2, +, 1157, 1181], [pSJ82 - pENTR: mouse p65 promoter_p65-(GGGS)x2-mClover_2A_H2B-mRuby2, +, 1157, 1181], [pSJ83 - pENTR: mouse p65 promoter_p50-(GGGS)x2-mClover_2A_H2B-mRuby2, +, 1157, 1181], [pSJ84 - pENTR: mouse p65 promoter_p52-(GGGS)x2-mClover_2A_H2B-mRuby2, +, 1157, 1181], [TK441 pLenti Blast (gateway from TK427 - pENTR: mouse p65 promoter_Patl1(DNASU)-mClover_2A_H2B-mRuby2), +, 1157, 1181], [pSJ36 - pENTR: mouse p65 promoter_p50-mClover_2A_H2B-mRuby2, +, 1157, 1181], [pSJ102 - pENTR: mouse p65 promoter_p65-(GGGS)x2-mClover_T2A_H2B-mRuby2, +, 1157, 1181], [TK427 - pENTR: mouse p65 promoter_Patl1(DNASU)-mClover_2A_H2B-mRuby2, +, 1157, 1181], ...more sites present"
oSJ116,tagggatcatcgtctgccatGGTCAGGTCTAGACGAGAGCA,,,"[pSJ103 - pENTR: mouse p65 promoter_p50-(GGGS)x2-mCerulean3_P2A_H2B-mRuby2, -, 2567, 2587], [pSJ36 - pENTR: mouse p65 promoter_p50-mClover_2A_H2B-mRuby2, -, 2567, 2587], [pSJ83 - pENTR: mouse p65 promoter_p50-(GGGS)x2-mClover_2A_H2B-mRuby2, -, 2567, 2587], [pSJ84 - pENTR: mouse p65 promoter_p52-(GGGS)x2-mClover_2A_H2B-mRuby2, -, 2567, 2587], [pSJ36 - pENTR: mouse p65 promoter_p50-mClover_2A_H2B-mRuby2, -, 2567, 2587], [pSJ82 - pENTR: mouse p65 promoter_p65-(GGGS)x2-mClover_2A_H2B-mRuby2, -, 2567, 2587], [pSJ85 - pENTR: mouse p65 promoter_cRel-(GGGS)x2-mClover_2A_H2B-mRuby2, -, 2567, 2587], [pSJ86 - pENTR: mouse p65 promoter_RelB-(GGGS)x2-mClover_2A_H2B-mRuby2, -, 2567, 2587], [pSJ118 - pENTR: mouse p65 promoter_p50-(GGGS)x2-mCerulean3_P2A_H2B-iRFP670, -, 2567, 2587], [pSJ102 - pENTR: mouse p65 promoter_p65-(GGGS)x2-mClover_T2A_H2B-mRuby2, -, 2567, 2587]"
oSJ117,TGCTCTCGTCTAGACCTGACCatggcagacgatgatccctacg,,,"[TK283 pENTR mouse p50-Clover, +, 1545, 1569], [pSJ36 - pENTR: mouse p65 promoter_p50-mClover_2A_H2B-mRuby2, +, 2587, 2609], [pSJ36 - pENTR: mouse p65 promoter_p50-mClover_2A_H2B-mRuby2, +, 2587, 2609]"
oSJ118,GGCTGAAGTTAGTAGCTCCGCTTCCggcggcggtcacgaact,,,"[pSJ37 - pENTR: mouse p65 promoter_p50-mcClover_2A_H2B-iRFP670, -, 4568, 4609], [pSJ111 - pENTR: HSV TK_p65-(GGGS)x2-mClover_2A_H2B-mRuby2, -, 3726, 3742], [pSJ38 - pENTR: mouse p65 promoter_p50-mcClover_2A_H2B-iRFP670 (codon optimized linker), -, 4554, 4595], [pSJ83 - pENTR: mouse p65 promoter_p50-(GGGS)x2-mClover_2A_H2B-mRuby2, -, 4569, 4585], [TK498 (pLenti Blast gateway from TK434 - pENTR: mouse p65 promoter_Patl1(DNASU)-mClover_2A_H2B-mRuby2 mut2), -, 5571, 5587], [TK497 (pLenti Blast gateway from TK433 - pENTR: mouse p65 promoter_Patl1(DNASU)-mClover_2A_H2B-mRuby2 mut1), -, 5568, 5584], [pSJ42 - pENTR: mouse p65 promoter_p52-(GGGS)x2-mClover_2A_H2B-iRFP670, -, 4680, 4721], [pSJ112 - pENTR: hPGK_p65-(GGGS)x2-mClover_2A_H2B-mRuby2, -, 4030, 4046], [pSJ86 - pENTR: mouse p65 promoter_RelB-(GGGS)x2-mClover_2A_H2B-mRuby2, -, 4959, 4975], [pSJ85 - pENTR: mouse p65 promoter_cRel-(GGGS)x2-mClover_2A_H2B-mRuby2, -, 4857, 4873], ...more sites present"
oSJ126,AGGCGGTTCTGGCGGTGGTGGGTCAatggtgagcaagggcgaggag,,,"[pSJ112 - pENTR: hPGK_p65-(GGGS)x2-mClover_2A_H2B-mRuby2, +, 3363, 3383], [pSJ37 - pENTR: mouse p65 promoter_p50-mcClover_2A_H2B-iRFP670, +, 3901, 3921], [pSJ111 - pENTR: HSV TK_p65-(GGGS)x2-mClover_2A_H2B-mRuby2, +, 3059, 3079], [pSJ85 - pENTR: mouse p65 promoter_cRel-(GGGS)x2-mClover_2A_H2B-mRuby2, +, 4190, 4210], [pSJ83 - pENTR: mouse p65 promoter_p50-(GGGS)x2-mClover_2A_H2B-mRuby2, +, 3902, 3922], [pSJ43 - pENTR: mouse p65 promoter_RelB-(GGGS)x2-mClover_2A_H2B-iRFP670, +, 4311, 4356], [pSJ44 - pENTR: mouse p65 promoter_cRel-(GGGS)x2-mClover_2A_H2B-iRFP670, +, 4205, 4225], [pSJ45 - pENTR: mouse p65 promoter_p65-(GGGS)x2-mClover_2A_H2B-iRFP670, +, 4283, 4303], [pSJ41 - pENTR: mouse p65 promoter_p50-(GGGS)x2-mClover_2A_H2B-iRFP670, +, 3926, 3946], [pSJ143 - pENTR: mouse p65 promoter_p50-(GGGS)x2-mClover, +, 3926, 3946], ...more sites present"
oSJ127,GCTCTCGTCTAGACCTGACCatggcagacgatgatccctacg,,,"[pSJ146 - pENTR: p50-middleClover (E285-V291), +, 1181, 1202], [pSJ41 - pENTR: mouse p65 promoter_p50-(GGGS)x2-mClover_2A_H2B-iRFP670, +, 2592, 2633], [pSJ142 - pENTR: mClover-(GGGGS)x2-p50, +, 1895, 1916], [pSJ36 - pENTR: mouse p65 promoter_p50-mClover_2A_H2B-mRuby2, +, 2568, 2609], [pSJ144 - pENTR: p50-(GGGGS)x2-mClover, +, 1181, 1202], [pSJ36 - pENTR: mouse p65 promoter_p50-mClover_2A_H2B-mRuby2, +, 2568, 2609], [pSJ145 - pENTR: p50, +, 1181, 1202], [pSJ143 - pENTR: mouse p65 promoter_p50-(GGGS)x2-mClover, +, 2612, 2633], [pSJ141 - pENTR: mouse p65 promoter_mClover-(GGGGS)x2-p50, +, 3326, 3347]"
oSJ128,CACCACCGCCAGAACCGCCTCCTCCgacccctgcgttggatttcg,,,"[pSJ145 - pENTR: p50, -, 2445, 2464], [pSJ146 - pENTR: p50-middleClover (E285-V291), -, 3159, 3178], [pSJ142 - pENTR: mClover-(GGGGS)x2-p50, -, 3159, 3178], [pSJ141 - pENTR: mouse p65 promoter_mClover-(GGGGS)x2-p50, -, 4590, 4609], [pSJ143 - pENTR: mouse p65 promoter_p50-(GGGS)x2-mClover, -, 3876, 3895], [pSJ144 - pENTR: p50-(GGGGS)x2-mClover, -, 2445, 2464], [pSJ36 - pENTR: mouse p65 promoter_p50-mClover_2A_H2B-mRuby2, -, 3852, 3871], [pSJ41 - pENTR: mouse p65 promoter_p50-(GGGS)x2-mClover_2A_H2B-iRFP670, -, 3876, 3895], [pSJ36 - pENTR: mouse p65 promoter_p50-mClover_2A_H2B-mRuby2, -, 3852, 3871]"
oSJ129,ACCTGCTCTCGTCTAGACCTGACCatggacaattgctacgatccaggc,,,"[TK351 p100 MGC cDNA, +, 76, 99], [pSJ42 - pENTR: mouse p65 promoter_p52-(GGGS)x2-mClover_2A_H2B-iRFP670, +, 2621, 2644]"
oSJ130,TGACCCACCACCGCCAGAACCGCCTCCTCCcgccagaccgaacaggcg,,,"[TK351 p100 MGC cDNA, -, 1420, 1437], [pSJ42 - pENTR: mouse p65 promoter_p52-(GGGS)x2-mClover_2A_H2B-iRFP670, -, 3965, 3982]"
oSJ119,GGTCAGGTCTAGACGAGAGCAGGT,,,"[pSJ84 - pENTR: mouse p65 promoter_p52-(GGGS)x2-mClover_2A_H2B-mRuby2, -, 2564, 2587], [pSJ36 - pENTR: mouse p65 promoter_p50-mClover_2A_H2B-mRuby2, -, 2564, 2587], [TK441 pLenti Blast (gateway from TK427 - pENTR: mouse p65 promoter_Patl1(DNASU)-mClover_2A_H2B-mRuby2), -, 2564, 2587], [TK497 (pLenti Blast gateway from TK433 - pENTR: mouse p65 promoter_Patl1(DNASU)-mClover_2A_H2B-mRuby2 mut1), -, 2564, 2587], [pSJ36 - pENTR: mouse p65 promoter_p50-mClover_2A_H2B-mRuby2, -, 2564, 2587], [TK434 - pENTR: mouse p65 promoter_Patl1(DNASU)-mClover_2A_H2B-mRuby2 mut2, -, 2564, 2587], [pSJ118 - pENTR: mouse p65 promoter_p50-(GGGS)x2-mCerulean3_P2A_H2B-iRFP670, -, 2564, 2587], [pSJ37 - pENTR: mouse p65 promoter_p50-mcClover_2A_H2B-iRFP670, -, 2587, 2610], [pSJ143 - pENTR: mouse p65 promoter_p50-(GGGS)x2-mClover, -, 2588, 2611], [pSJ45 - pENTR: mouse p65 promoter_p65-(GGGS)x2-mClover_2A_H2B-iRFP670, -, 2582, 2605], ...more sites present"
oSJ132,CTCTCGTCTAGACCTGACCatgccgagtcgccgc,,,"[pSJ43 - pENTR: mouse p65 promoter_RelB-(GGGS)x2-mClover_2A_H2B-iRFP670, +, 2613, 2646], [TK285 pENTR mouse RelB Clover, +, 2109, 2126]"
oSJ131,CACCACCGCCAGAACCGCCTCCTCCcgtggcttcaggccctgg,,,"[pSJ43 - pENTR: mouse p65 promoter_RelB-(GGGS)x2-mClover_2A_H2B-iRFP670, -, 4288, 4305], [TK285 pENTR mouse RelB Clover, -, 3768, 3785]"
oSJ122,cgccagaccgaacaggcg,,,"[BC027423, -, 1420, 1437]"
oSJ121,TGCTCTCGTCTAGACCTGACatggacaattgctacgatccaggc,,,"[BC027423, +, 76, 99]"
oSJ123,ccgccgcccaccaccaacgcTAAGCCTaaGCGGCCGCAC,,,"[pSJ38 - pENTR: mouse p65 promoter_p50-mcClover_2A_H2B-iRFP670 (codon optimized linker), +, 5982, 6020], [TK436 - pENTR: mouse p65 promoter_Patl1(DNASU)-mClover_2A_H2B-mRuby2 mutated first K, +, 6797, 6815], [TK427 - pENTR: mouse p65 promoter_Patl1(DNASU)-mClover_2A_H2B-mRuby2, +, 6797, 6815], [pSJ85 - pENTR: mouse p65 promoter_cRel-(GGGS)x2-mClover_2A_H2B-mRuby2, +, 6077, 6095], [pSJ83 - pENTR: mouse p65 promoter_p50-(GGGS)x2-mClover_2A_H2B-mRuby2, +, 5789, 5807], [pSJ102 - pENTR: mouse p65 promoter_p65-(GGGS)x2-mClover_T2A_H2B-mRuby2, +, 6149, 6167], [pSJ36 - pENTR: mouse p65 promoter_p50-mClover_2A_H2B-mRuby2, +, 5765, 5783], [pSJ111 - pENTR: HSV TK_p65-(GGGS)x2-mClover_2A_H2B-mRuby2, +, 4946, 4964], [TK489 (pLenti Puro gateway from TK433 - pENTR: mouse p65 promoter_Patl1(DNASU)-mClover_2A_H2B-mRuby2 mut1), +, 6794, 6812], [pSJ84 - pENTR: mouse p65 promoter_p52-(GGGS)x2-mClover_2A_H2B-mRuby2, +, 5867, 5885], ...more sites present"
oSJ134,CCGCCAGAACCGCCTCCTCCtattttaaaaaaaccatatgtgaagggatc,,,"[TK284 pENTR mouse cRel Clover, -, 2005, 2034], [pSJ44 - pENTR: mouse p65 promoter_cRel-(GGGS)x2-mClover_2A_H2B-iRFP670, -, 4145, 4174]"
oSJ199,TCACCACACGTTAGTAGACT,,,"[pSJ106 - pENTR: mouse p65 promoter_p65-(GGGS)x2-mClover_T2A_p50-(GGGS)x2-mCerulean_P2A_H2B-mRuby2, -, 4970, 4989]"
oSJ133,GCTCTCGTCTAGACCTGACCatggcctcgagtggata,,,"[pSJ44 - pENTR: mouse p65 promoter_cRel-(GGGS)x2-mClover_2A_H2B-iRFP670, +, 2583, 2619], [TK284 pENTR mouse cRel Clover, +, 460, 479]"
oSJ135,GCTCTCGTCTAGACCTGACCATGGACGATCTGTTTCCCCT,,,"[pSJ102 - pENTR: mouse p65 promoter_p65-(GGGS)x2-mClover_T2A_H2B-mRuby2, +, 2568, 2607], [pSJ111 - pENTR: HSV TK_p65-(GGGS)x2-mClover_2A_H2B-mRuby2, +, 1362, 1401], [pSJ112 - pENTR: hPGK_p65-(GGGS)x2-mClover_2A_H2B-mRuby2, +, 1666, 1705], [pSJ45 - pENTR: mouse p65 promoter_p65-(GGGS)x2-mClover_2A_H2B-iRFP670, +, 2606, 2625], [pKL354, +, 1967, 2006], [pSJ82 - pENTR: mouse p65 promoter_p65-(GGGS)x2-mClover_2A_H2B-mRuby2, +, 2568, 2607]"
oSJ120,atgcccttcagctcgatgcg,,,"[pSJ41 - pENTR: mouse p65 promoter_p50-(GGGS)x2-mClover_2A_H2B-iRFP670, -, 4292, 4311], [pSJ143 - pENTR: mouse p65 promoter_p50-(GGGS)x2-mClover, -, 4292, 4311], [pSJ23 - pENTR: Venus_GGGGS_HIF1a_2A_H2B-mRuby, -, 1531, 1550], [pSJ34 - pENTR: Venus_Bagnall et al Linker_HIF1a_2A_H2B-mRuby, -, 860, 879], [pSJ123 - pENTR: PGK_HIF1a_Bagnall et al Linker_mClover, -, 4668, 4687], [pSJ144 - pENTR: p50-(GGGGS)x2-mClover, -, 2861, 2880]"
oSJ136,CACCACCGCCAGAACCGCCTCCTCCGGAGCTGATCTGACTCAAAAGAG,,,"[pKL354, -, 3611, 3633], [pSJ45 - pENTR: mouse p65 promoter_p65-(GGGS)x2-mClover_2A_H2B-iRFP670, -, 4230, 4252], [pSJ82 - pENTR: mouse p65 promoter_p65-(GGGS)x2-mClover_2A_H2B-mRuby2, -, 4212, 4259], [pSJ111 - pENTR: HSV TK_p65-(GGGS)x2-mClover_2A_H2B-mRuby2, -, 3006, 3053], [pSJ112 - pENTR: hPGK_p65-(GGGS)x2-mClover_2A_H2B-mRuby2, -, 3310, 3357], [pSJ102 - pENTR: mouse p65 promoter_p65-(GGGS)x2-mClover_T2A_H2B-mRuby2, -, 4212, 4259]"
oSJ163,CTTACTTGCCCAGTTCCGTAGGGTTCTGCAGTCGACGGTACCG,,,"[pSJ77 - pENTR: crSJ6 (mouse nfkb1)_IRES_H2B-Clover-LoxP, +, 1125, 1167], [pSJ76 - pENTR: crSJ6 (mouse nfkb1)_PGK_IRES_H2B-Clover-LoxP, +, 1148, 1167]"
oSJ166,TGTGAAGGCCCATCACACGGAGGTTCGAAGCTTGAGCTCGAGATCC,,,"[pSJ78 - pENTR: crSJ7 (mouse nfkb1)_PGK_IRES_H2B-Clover-LoxP, -, 1102, 1124]"
oSJ137,ACAAACAGCCTCGGCGTCCT,,,"[pSJ37 - pENTR: mouse p65 promoter_p50-mcClover_2A_H2B-iRFP670, +, 2499, 2518], [pSJ143 - pENTR: mouse p65 promoter_p50-(GGGS)x2-mClover, +, 2500, 2519], [pSJ45 - pENTR: mouse p65 promoter_p65-(GGGS)x2-mClover_2A_H2B-iRFP670, +, 2494, 2513], [pSJ37a - pENTR: mouse p65 promoter_p50-mcClover_2A_H2B-iRFP670, +, 2490, 2509], [pSJ141 - pENTR: mouse p65 promoter_mClover-(GGGGS)x2-p50, +, 2500, 2519]"
oSJ179,ttatatatcttGTGGAAAGGACGAAACACCgtggcagacgatgatccctacgttttagag,,,"[pSJ92 - pSpCas9(BB)-2A-Puro (PX459) V2.0 (crSJ5 - nfkb1), +, 999, 1058]"
oSJ161,gtagggatcatcgtctgccatggTTCTGCAGTCGACGGTACCG,,,"[pSJ70 - pENTR: IRES_H2B-Clover-LoxP, +, 607, 626], [pSJ75 - pENTR: crSJ5(mouse nfkb1)_IRES_H2B-Clover-LoxP, +, 1125, 1167], [pSJ74 - pENTR: crSJ5 (mouse nfkb1)_PGK_IRES_H2B-Clover-LoxP, +, 1148, 1167], [pSJ69 - pENTR: PGK_IRES_H2B-Clover-LoxP, +, 1125, 1144]"
oSJ164,CCCTACGGAACTGGGCAAGTAAGTTCGAAGCTTGAGCTCGAGATCC,,,"[pSJ76 - pENTR: crSJ6 (mouse nfkb1)_PGK_IRES_H2B-Clover-LoxP, -, 1102, 1124], [pSJ70 - pENTR: IRES_H2B-Clover-LoxP, -, 584, 606], [pSJ77 - pENTR: crSJ6 (mouse nfkb1)_IRES_H2B-Clover-LoxP, -, 1102, 1147]"
oSJ162,ccatggcagacgatgatccctacTTCGAAGCTTGAGCTCGAGATCC,,,"[pSJ70 - pENTR: IRES_H2B-Clover-LoxP, -, 584, 606], [pSJ75 - pENTR: crSJ5(mouse nfkb1)_IRES_H2B-Clover-LoxP, -, 1102, 1147], [pSJ74 - pENTR: crSJ5 (mouse nfkb1)_PGK_IRES_H2B-Clover-LoxP, -, 1102, 1124], [pSJ69 - pENTR: PGK_IRES_H2B-Clover-LoxP, -, 1102, 1124]"
oSJ165,CCTCCGTGTGATGGGCCTTCACATTCTGCAGTCGACGGTACCG,,,"[pSJ78 - pENTR: crSJ7 (mouse nfkb1)_PGK_IRES_H2B-Clover-LoxP, +, 1148, 1167]"
oSJ180,aacggactagccttattttaacttgctaTTTCtagctctaaaacgtagggatcatcgtct,,,"[pSJ92 - pSpCas9(BB)-2A-Puro (PX459) V2.0 (crSJ5 - nfkb1), -, 1034, 1093]"
oSJ182,aacggactagccttattttaacttgctaTTTCtagctctaaaacCTTACTTGCCCAGTTC,,,"[pSJ93 - pSpCas9(BB)-2A-Puro (PX459) V2.0 (crSJ6 - nfkb1), -, 1034, 1093]"
oSJ181,ttatatatcttGTGGAAAGGACGAAACACCgTACGGAACTGGGCAAGTAAGgttttagag,,,"[pSJ93 - pSpCas9(BB)-2A-Puro (PX459) V2.0 (crSJ6 - nfkb1), +, 999, 1058]"
oSJ155,CGACTGCAGAATTtgtggccatat,,,
oSJ157,ataatatggccacaGTCGCCACcatgccagag,,,"[pSJ74 - pENTR: crSJ5 (mouse nfkb1)_PGK_IRES_H2B-Clover-LoxP, +, 2321, 2338], [pSJ75 - pENTR: crSJ5(mouse nfkb1)_IRES_H2B-Clover-LoxP, +, 1759, 1776], [pSJ11 - pENTR: PGK_H2B-Clover-LoxP, +, 1769, 1786], [pSJ72 - pENTR: crSJ4(mouse nfkb1)_IRES_H2B-Clover-LoxP, +, 1759, 1776], [pSJ72 - pENTR: crSJ4(mouse nfkb1)_IRES_H2B-Clover-LoxP, +, 1745, 1776], [pSJ77 - pENTR: crSJ6 (mouse nfkb1)_IRES_H2B-Clover-LoxP, +, 1759, 1776], [pSJ69 - pENTR: PGK_IRES_H2B-Clover-LoxP, +, 2284, 2315], [pSJ75 - pENTR: crSJ5(mouse nfkb1)_IRES_H2B-Clover-LoxP, +, 1745, 1776], [pSJ78 - pENTR: crSJ7 (mouse nfkb1)_PGK_IRES_H2B-Clover-LoxP, +, 2321, 2338], [pSJ70 - pENTR: IRES_H2B-Clover-LoxP, +, 1218, 1235], ...more sites present"
oSJ158,ggcatgGTGGCGACtgtggccatattatcatcgtgtttt,,,"[pSJ74 - pENTR: crSJ5 (mouse nfkb1)_PGK_IRES_H2B-Clover-LoxP, -, 2296, 2320], [pSJ70 - pENTR: IRES_H2B-Clover-LoxP, -, 1193, 1217], [pSJ79 - pENTR: crSJ7(mouse nfkb1)_IRES_H2B-Clover-LoxP, -, 1734, 1758], [pSJ77 - pENTR: crSJ6 (mouse nfkb1)_IRES_H2B-Clover-LoxP, -, 1734, 1758], [pSJ78 - pENTR: crSJ7 (mouse nfkb1)_PGK_IRES_H2B-Clover-LoxP, -, 2296, 2320], [pKL54, -, 4818, 4842], [pSJ69 - pENTR: PGK_IRES_H2B-Clover-LoxP, -, 2273, 2297], [pSJ76 - pENTR: crSJ6 (mouse nfkb1)_PGK_IRES_H2B-Clover-LoxP, -, 2296, 2320], [pSJ72 - pENTR: crSJ4(mouse nfkb1)_IRES_H2B-Clover-LoxP, -, 1734, 1758], [pSJ71 - pENTR: crSJ4 (mouse nfkb1)_PGK_IRES_H2B-Clover-LoxP, -, 2296, 2320], ...more sites present"
oSJ160,actaaggcgcagaagaaaggcg,,,"[TK510 pEntr H2B-mCardinal-tag100-VSV-ProteinC, +, 613, 634], [pSJ129 - pENTR: HIF1a-middleVenusPest_2A_H2B-mRuby (P402A, P577G), +, 4693, 4714], [TK535 pENTR H2B-mRuby2-E2-SRT-Etag, +, 613, 634], [TK575 Piggybac CAG (gateway from HIF1a-middle-VenusPest_2A_H2B-mRuby), +, 4693, 4714], [pPE021 (pENTR-H2B-mIRFP670 Redesign #2), +, 613, 634], [TK499 pENTR H2B iRFP670, +, 613, 634], [TK569 pLenti PGK Hygro (gateway from TK552 HIF1a-middle-VenusPest_2A_H2B-mRuby), +, 4693, 4714], [TK434 - pENTR: mouse p65 promoter_Patl1(DNASU)-mClover_2A_H2B-mRuby2 mut2, +, 5711, 5732], [TK499 pENTR H2B iRFP670, +, 613, 634], [pSJ69 - pENTR: PGK_IRES_H2B-Clover-LoxP, +, 2364, 2385], ...more sites present"
oSJ159,cgcctttcttctgcgccttagt,,,"[PE030v4- pENTR: CMV_CRE-TKNLS_2A_H2B-mRuby-bgh, -, 3195, 3216], [TK535 pENTR H2B-mRuby2-E2-SRT-Etag, -, 613, 634], [TK434 - pENTR: mouse p65 promoter_Patl1(DNASU)-mClover_2A_H2B-mRuby2 mut2, -, 5711, 5732], [TK510 pEntr H2B-mCardinal-tag100-VSV-ProteinC, -, 613, 634], [TK552 HIF1a-middle-VenusPest_2A_H2B-mRuby, -, 4693, 4714], [pSJ103 - pENTR: mouse p65 promoter_p50-(GGGS)x2-mCerulean3_P2A_H2B-mRuby2, -, 4742, 4763], [TK499 pENTR H2B iRFP670, -, 613, 634], [TK550 pLenti PGK Puro (gateway from TK547 pENTR p53-mKate2-2A-H2B-mTFP): too long, not fluorescent, -, 2996, 3017], [test pSJ97 - pENTR: HIF1a_Bagnall et al Linker_mClover_2A_H2B-mRuby, -, 4560, 4581], [TK539 pLenti CMV Puro (gateway from TK535 pENTR H2B-mRuby2-E2-SRT-Etag), -, 613, 634], ...more sites present"
oSJ147,ggggggggggCGAAGCTTGAGCTGTCGACG,,,"[pSJ69 - pENTR: PGK_IRES_H2B-Clover-LoxP, -, 1705, 1724], [pSJ71 - pENTR: crSJ4 (mouse nfkb1)_PGK_IRES_H2B-Clover-LoxP, -, 1728, 1747], [pSJ76 - pENTR: crSJ6 (mouse nfkb1)_PGK_IRES_H2B-Clover-LoxP, -, 1728, 1747], [pSJ78 - pENTR: crSJ7 (mouse nfkb1)_PGK_IRES_H2B-Clover-LoxP, -, 1728, 1747], [pSJ11 - pENTR: PGK_H2B-Clover-LoxP, -, 1705, 1724], [pSJ74 - pENTR: crSJ5 (mouse nfkb1)_PGK_IRES_H2B-Clover-LoxP, -, 1728, 1747]"
oSJ144,GTACCGTCGACTGCAGAATTtgtggccatattatcatcgtgtttt,,,"[pSJ71 - pENTR: crSJ4 (mouse nfkb1)_PGK_IRES_H2B-Clover-LoxP, -, 2296, 2320], [pSJ69 - pENTR: PGK_IRES_H2B-Clover-LoxP, -, 2273, 2297], [pSJ76 - pENTR: crSJ6 (mouse nfkb1)_PGK_IRES_H2B-Clover-LoxP, -, 2296, 2320], [pSJ77 - pENTR: crSJ6 (mouse nfkb1)_IRES_H2B-Clover-LoxP, -, 1734, 1758], [pSJ72 - pENTR: crSJ4(mouse nfkb1)_IRES_H2B-Clover-LoxP, -, 1734, 1758], [pSJ79 - pENTR: crSJ7(mouse nfkb1)_IRES_H2B-Clover-LoxP, -, 1734, 1758], [pSJ70 - pENTR: IRES_H2B-Clover-LoxP, -, 1193, 1217], [pSJ74 - pENTR: crSJ5 (mouse nfkb1)_PGK_IRES_H2B-Clover-LoxP, -, 2296, 2320], [pSJ78 - pENTR: crSJ7 (mouse nfkb1)_PGK_IRES_H2B-Clover-LoxP, -, 2296, 2320], [pSJ75 - pENTR: crSJ5(mouse nfkb1)_IRES_H2B-Clover-LoxP, -, 1734, 1758]"
oSJ146,CGAAGCTTGAGCTGTCGACG,,,"[pSJ11 - pENTR: PGK_H2B-Clover-LoxP, -, 1705, 1724], [pSJ71 - pENTR: crSJ4 (mouse nfkb1)_PGK_IRES_H2B-Clover-LoxP, -, 1728, 1747], [pSJ91 - pMC.BESPX-MCS2_crSJ6 (mouse nfkb1)_IRES_H2B-Clover-LoxP, -, 2877, 2896], [pSJ76 - pENTR: crSJ6 (mouse nfkb1)_PGK_IRES_H2B-Clover-LoxP, -, 1728, 1747], [pSJ90 - pMC.BESPX-MCS2_crSJ5 (mouse nfkb1)_IRES_H2B-Clover-LoxP, -, 2877, 2896], [pSJ78 - pENTR: crSJ7 (mouse nfkb1)_PGK_IRES_H2B-Clover-LoxP, -, 1728, 1747], [pSJ74 - pENTR: crSJ5 (mouse nfkb1)_PGK_IRES_H2B-Clover-LoxP, -, 1728, 1747], [pSJ69 - pENTR: PGK_IRES_H2B-Clover-LoxP, -, 1705, 1724]"
oSJ145,ataatatggccacaAATTCTGCAGTCGACGGTACC,,,
oSJ143,CGTCGACAGCTCAAGCTTCGcccccccccctaacgtta,,,"[pSJ78 - pENTR: crSJ7 (mouse nfkb1)_PGK_IRES_H2B-Clover-LoxP, +, 1748, 1765], [pSJ69 - pENTR: PGK_IRES_H2B-Clover-LoxP, +, 1725, 1742], [pKL54, +, 4270, 4287], [pSJ76 - pENTR: crSJ6 (mouse nfkb1)_PGK_IRES_H2B-Clover-LoxP, +, 1748, 1765], [pSJ71 - pENTR: crSJ4 (mouse nfkb1)_PGK_IRES_H2B-Clover-LoxP, +, 1748, 1765], [pSJ74 - pENTR: crSJ5 (mouse nfkb1)_PGK_IRES_H2B-Clover-LoxP, +, 1748, 1765]"
oSJ148,gaccgaatcaccgacctctc,,,"[pSJ150 - pLenti: HIF1a (L792A)-middleVenusPest, +, 4667, 4686], [pSJ71 - pENTR: crSJ4 (mouse nfkb1)_PGK_IRES_H2B-Clover-LoxP, +, 1687, 1706], [pSJ156 - pLenti: p50-(GGGGS)x2-mClover, +, 4667, 4686], [DEST 1 (hPGK, mPGK puro), +, 4667, 4686], [pSJ123 - pENTR: PGK_HIF1a_Bagnall et al Linker_mClover, +, 1643, 1662], [pSJ74 - pENTR: crSJ5 (mouse nfkb1)_PGK_IRES_H2B-Clover-LoxP, +, 1687, 1706], [pSJ76 - pENTR: crSJ6 (mouse nfkb1)_PGK_IRES_H2B-Clover-LoxP, +, 1687, 1706], [pSJ149 - pLenti: HIF1a-middleVenusPest, +, 4667, 4686], [pSJ154 - pLenti: mClover-(GGGGS)x2-p50, +, 4667, 4686], [pSJ157 - pLenti: p50-middleClover (E285-V291), +, 4667, 4686], ...more sites present"
oSJ176,ATTACCCTAGGTTATCCCAG,,,"[pSJ89 - pMC.BESPX-MCS2_crSJ4 (mouse nfkb1)_IRES_H2B-Clover-LoxP, +, 1976, 1995], [pSJ73 - pMC.BESPX-MCS2, +, 4102, 4121], [pSJ90 - pMC.BESPX-MCS2_crSJ5 (mouse nfkb1)_IRES_H2B-Clover-LoxP, +, 1976, 1995], [pSJ91 - pMC.BESPX-MCS2_crSJ6 (mouse nfkb1)_IRES_H2B-Clover-LoxP, +, 1976, 1995]"
oSJ149,ccgtagggatcatcgtctgccatTTCTGCAGTCGACGGTACCG,,,"[pSJ79 - pENTR: crSJ7(mouse nfkb1)_IRES_H2B-Clover-LoxP, +, 1148, 1167], [pSJ71 - pENTR: crSJ4 (mouse nfkb1)_PGK_IRES_H2B-Clover-LoxP, +, 1148, 1167], [pSJ70 - pENTR: IRES_H2B-Clover-LoxP, +, 607, 626], [pSJ72 - pENTR: crSJ4(mouse nfkb1)_IRES_H2B-Clover-LoxP, +, 1148, 1167], [pSJ76 - pENTR: crSJ6 (mouse nfkb1)_PGK_IRES_H2B-Clover-LoxP, +, 1148, 1167], [pSJ75 - pENTR: crSJ5(mouse nfkb1)_IRES_H2B-Clover-LoxP, +, 1148, 1167], [pSJ78 - pENTR: crSJ7 (mouse nfkb1)_PGK_IRES_H2B-Clover-LoxP, +, 1148, 1167], [pSJ74 - pENTR: crSJ5 (mouse nfkb1)_PGK_IRES_H2B-Clover-LoxP, +, 1148, 1167], [pSJ77 - pENTR: crSJ6 (mouse nfkb1)_IRES_H2B-Clover-LoxP, +, 1148, 1167]"
oSJ187,GACTACCACGACCTTCTCCAGAGCCggcggcggtcacgaactc,,,"[pSJ111 - pENTR: HSV TK_p65-(GGGS)x2-mClover_2A_H2B-mRuby2, -, 3725, 3744], [pSJ102 - pENTR: mouse p65 promoter_p65-(GGGS)x2-mClover_T2A_H2B-mRuby2, -, 4931, 4948], [pSJ112 - pENTR: hPGK_p65-(GGGS)x2-mClover_2A_H2B-mRuby2, -, 4029, 4048], [pSJ82 - pENTR: mouse p65 promoter_p65-(GGGS)x2-mClover_2A_H2B-mRuby2, -, 4931, 4950]"
oSJ190,agCTCTTCGCCCtTAGACACCATactagttccggatgagctgcc,,,"[TK443 pENTR hCrtc2(45-630)-mCerulean3-P2Av3-truncated_mutFoxo3-mRuby2-T2Av2-H2B-iRFP, -, 6031, 6055], [pSJ102 - pENTR: mouse p65 promoter_p65-(GGGS)x2-mClover_T2A_H2B-mRuby2, -, 5423, 5447]"
oSJ151,ccaaaggaatgcaaggtctgttgaa,,,"[pSJ74 - pENTR: crSJ5 (mouse nfkb1)_PGK_IRES_H2B-Clover-LoxP, +, 1910, 1934], [pSJ71 - pENTR: crSJ4 (mouse nfkb1)_PGK_IRES_H2B-Clover-LoxP, +, 1910, 1934], [pSJ70 - pENTR: IRES_H2B-Clover-LoxP, +, 807, 831], [pSJ76 - pENTR: crSJ6 (mouse nfkb1)_PGK_IRES_H2B-Clover-LoxP, +, 1910, 1934], [pSJ69 - pENTR: PGK_IRES_H2B-Clover-LoxP, +, 1887, 1911], [pSJ78 - pENTR: crSJ7 (mouse nfkb1)_PGK_IRES_H2B-Clover-LoxP, +, 1910, 1934]"
oSJ150,atggcagacgatgatccctacggTTCGAAGCTTGAGCTCGAGATCC,,,"[pSJ78 - pENTR: crSJ7 (mouse nfkb1)_PGK_IRES_H2B-Clover-LoxP, -, 1102, 1124], [pSJ71 - pENTR: crSJ4 (mouse nfkb1)_PGK_IRES_H2B-Clover-LoxP, -, 1102, 1124], [pSJ76 - pENTR: crSJ6 (mouse nfkb1)_PGK_IRES_H2B-Clover-LoxP, -, 1102, 1124], [pSJ79 - pENTR: crSJ7(mouse nfkb1)_IRES_H2B-Clover-LoxP, -, 1102, 1124], [pSJ69 - pENTR: PGK_IRES_H2B-Clover-LoxP, -, 1102, 1124], [pSJ75 - pENTR: crSJ5(mouse nfkb1)_IRES_H2B-Clover-LoxP, -, 1102, 1124], [pSJ70 - pENTR: IRES_H2B-Clover-LoxP, -, 584, 606], [pSJ77 - pENTR: crSJ6 (mouse nfkb1)_IRES_H2B-Clover-LoxP, -, 1102, 1124], [pSJ74 - pENTR: crSJ5 (mouse nfkb1)_PGK_IRES_H2B-Clover-LoxP, -, 1102, 1124], [pSJ72 - pENTR: crSJ4(mouse nfkb1)_IRES_H2B-Clover-LoxP, -, 1102, 1124]"
oSJ168,TCGACAGCTCAAGCTTCGccCGGTACCGTCGACTGCAGAATT,,,"[pSJ70 - pENTR: IRES_H2B-Clover-LoxP, -, 605, 626], [pSJ69 - pENTR: PGK_IRES_H2B-Clover-LoxP, -, 1123, 1144]"
oSJ152,ttcaacagaccttgcattcctttgg,,,"[pSJ71 - pENTR: crSJ4 (mouse nfkb1)_PGK_IRES_H2B-Clover-LoxP, -, 1910, 1934], [pSJ76 - pENTR: crSJ6 (mouse nfkb1)_PGK_IRES_H2B-Clover-LoxP, -, 1910, 1934], [pSJ70 - pENTR: IRES_H2B-Clover-LoxP, -, 807, 831], [pSJ78 - pENTR: crSJ7 (mouse nfkb1)_PGK_IRES_H2B-Clover-LoxP, -, 1910, 1934], [pSJ74 - pENTR: crSJ5 (mouse nfkb1)_PGK_IRES_H2B-Clover-LoxP, -, 1910, 1934], [pSJ69 - pENTR: PGK_IRES_H2B-Clover-LoxP, -, 1887, 1911]"
oSJ154,TTCTGCAGTCGACGGTACCGgTCGTCGACAGCTCAAGCTTC,,,"[pSJ75 - pENTR: crSJ5(mouse nfkb1)_IRES_H2B-Clover-LoxP, +, 1160, 1184], [pSJ69 - pENTR: PGK_IRES_H2B-Clover-LoxP, +, 1699, 1723], [pSJ79 - pENTR: crSJ7(mouse nfkb1)_IRES_H2B-Clover-LoxP, +, 1160, 1184], [pSJ77 - pENTR: crSJ6 (mouse nfkb1)_IRES_H2B-Clover-LoxP, +, 1160, 1184], [pSJ72 - pENTR: crSJ4(mouse nfkb1)_IRES_H2B-Clover-LoxP, +, 1160, 1184], [pSJ70 - pENTR: IRES_H2B-Clover-LoxP, +, 619, 643], [pSJ71 - pENTR: crSJ4 (mouse nfkb1)_PGK_IRES_H2B-Clover-LoxP, +, 1722, 1746], [pSJ69 - pENTR: PGK_IRES_H2B-Clover-LoxP, +, 1703, 1723]"
oSJ153,AAGCTTGAGCTGTCGACGAcCGGTACCGTCGACTGCAGAATT,,,"[pSJ75 - pENTR: crSJ5(mouse nfkb1)_IRES_H2B-Clover-LoxP, -, 1123, 1144], [pSJ79 - pENTR: crSJ7(mouse nfkb1)_IRES_H2B-Clover-LoxP, -, 1123, 1144], [pSJ77 - pENTR: crSJ6 (mouse nfkb1)_IRES_H2B-Clover-LoxP, -, 1123, 1144], [pSJ69 - pENTR: PGK_IRES_H2B-Clover-LoxP, -, 1123, 1144], [pSJ70 - pENTR: IRES_H2B-Clover-LoxP, -, 605, 626], [pSJ72 - pENTR: crSJ4(mouse nfkb1)_IRES_H2B-Clover-LoxP, -, 1123, 1144]"
oSJ167,TTCTGCAGTCGACGGTACCGTCGACAGCTCAAGCTTCGcc,,,"[pSJ70 - pENTR: IRES_H2B-Clover-LoxP, +, 625, 646], [pSJ69 - pENTR: PGK_IRES_H2B-Clover-LoxP, +, 1707, 1726]"
oSJ173,atggcagacgatgatccctagttttagagctaGAAAtagcaagtt,,,"[pSJ81 - pSpCas9(BB)-2A-Puro (PX459) V2.0 (crSJ4 - nfkb1), +, 1050, 1074], [pSJ93 - pSpCas9(BB)-2A-Puro (PX459) V2.0 (crSJ6 - nfkb1), +, 1050, 1074], [pSJ80 - pSpCas9(BB)-2A-Puro (PX459) V2.0 (addgene 62988), +, 1047, 1071], [pSJ80 - pSpCas9(BB)-2A-Puro (PX459) V2.0 (addgene 62988), +, 1129, 1153]"
oSJ140,GCTTGAGCTCGAGATCCAGTCGACT,,,"[pSJ91 - pMC.BESPX-MCS2_crSJ6 (mouse nfkb1)_IRES_H2B-Clover-LoxP, -, 2805, 2829], [pKL285, -, 474, 498], [pSJ64 - pENTR: hPGK_mRuby2_inactive mGAPDH, -, 474, 498], [pSJ66 - pLenti: hPGK_mRuby2_mGAPDH_WPRE-mpGK-puro, -, 474, 498], [pSJ67 - pLenti: PGK_inactive-mGAPDH_mRuby2_WPRE-mpGK-puro, -, 474, 498], [pSJ62 - pENTR: hPGK_mRuby2_mGAPDH, -, 474, 498], [pSJ63 - pENTR: PGK_inactive-mGAPDH_mRuby2, -, 474, 498], [pSJ68 - pLenti: hPGK_mRuby2_inactive mGAPDH_WPRE-mpGK-puro, -, 474, 498]"
oSJ139,AGCAATGCATCCAGCACCACCAACT,,,"[pSJ68 - pLenti: hPGK_mRuby2_inactive mGAPDH_WPRE-mpGK-puro, +, 2260, 2284], [pSJ62 - pENTR: hPGK_mRuby2_mGAPDH, +, 2260, 2284], [pKL285, +, 2260, 2284], [pSJ64 - pENTR: hPGK_mRuby2_inactive mGAPDH, +, 2260, 2284], [pSJ67 - pLenti: PGK_inactive-mGAPDH_mRuby2_WPRE-mpGK-puro, +, 1513, 1537], [pSJ66 - pLenti: hPGK_mRuby2_mGAPDH_WPRE-mpGK-puro, +, 2260, 2284], [pSJ63 - pENTR: PGK_inactive-mGAPDH_mRuby2, +, 1513, 1537]"
oSJ141,AGTTGGTGGTGCTGGATGCATTGCT,,,"[pKL285, -, 2260, 2284], [pSJ68 - pLenti: hPGK_mRuby2_inactive mGAPDH_WPRE-mpGK-puro, -, 2260, 2284], [pSJ62 - pENTR: hPGK_mRuby2_mGAPDH, -, 2260, 2284], [pSJ63 - pENTR: PGK_inactive-mGAPDH_mRuby2, -, 1513, 1537], [pSJ66 - pLenti: hPGK_mRuby2_mGAPDH_WPRE-mpGK-puro, -, 2260, 2284], [pSJ64 - pENTR: hPGK_mRuby2_inactive mGAPDH, -, 2260, 2284], [pSJ67 - pLenti: PGK_inactive-mGAPDH_mRuby2_WPRE-mpGK-puro, -, 1513, 1537]"
oSJ142,AGTCGACTGGATCTCGAGCTCAAGC,,,"[TK576 pENTR H2B-mKO2-T7-FLAG-Myc-V5, +, 474, 498], [pKL285, +, 474, 498], [pSJ63 - pENTR: PGK_inactive-mGAPDH_mRuby2, +, 474, 498], [pSJ67 - pLenti: PGK_inactive-mGAPDH_mRuby2_WPRE-mpGK-puro, +, 474, 498], [pSJ66 - pLenti: hPGK_mRuby2_mGAPDH_WPRE-mpGK-puro, +, 474, 498], [pSJ64 - pENTR: hPGK_mRuby2_inactive mGAPDH, +, 474, 498], [pSJ89 - pMC.BESPX-MCS2_crSJ4 (mouse nfkb1)_IRES_H2B-Clover-LoxP, +, 2805, 2829], [pSJ62 - pENTR: hPGK_mRuby2_mGAPDH, +, 474, 498], [pSJ68 - pLenti: hPGK_mRuby2_inactive mGAPDH_WPRE-mpGK-puro, +, 474, 498]"
oSJ171,tattagtcatcgctattaccatgg,,,"[DEST 10 (PiggyBac, CAG promoter, no selection), +, 3112, 3135], [pSJ12 - PB-CA, +, 3112, 3135], [pSJ92 - pSpCas9(BB)-2A-Puro (PX459) V2.0 (crSJ5 - nfkb1), +, 1485, 1508], [pSJ81 - pSpCas9(BB)-2A-Puro (PX459) V2.0 (crSJ4 - nfkb1), +, 1485, 1508], [pSJ133 - pPB: CAG_AttR1-cmr/ccdB-AttR2_mPGK-puromycin, +, 3112, 3135], [pSJ93 - pSpCas9(BB)-2A-Puro (PX459) V2.0 (crSJ6 - nfkb1), +, 1485, 1508], [pSJ80 - pSpCas9(BB)-2A-Puro (PX459) V2.0 (addgene 62988), +, 1482, 1505], [DEST 10 (PiggyBac, CAG promoter, no selection), +, 3112, 3135]"
oSJ169,cttgggtagtttgcagtttt,,,"[pSJ81 - pSpCas9(BB)-2A-Puro (PX459) V2.0 (crSJ4 - nfkb1), +, 912, 931], [pSJ93 - pSpCas9(BB)-2A-Puro (PX459) V2.0 (crSJ6 - nfkb1), +, 912, 931], [pSJ92 - pSpCas9(BB)-2A-Puro (PX459) V2.0 (crSJ5 - nfkb1), +, 912, 931], [pSJ80 - pSpCas9(BB)-2A-Puro (PX459) V2.0 (addgene 62988), +, 912, 931]"
oSJ172,tagggatcatcgtctgccatcGGTGTTTCGTCCTTTCC,,,"[pSJ81 - pSpCas9(BB)-2A-Puro (PX459) V2.0 (crSJ4 - nfkb1), -, 1012, 1029], [pSJ93 - pSpCas9(BB)-2A-Puro (PX459) V2.0 (crSJ6 - nfkb1), -, 1012, 1029], [pSJ80 - pSpCas9(BB)-2A-Puro (PX459) V2.0 (addgene 62988), -, 1012, 1029]"
oSJ170,ccatggtaatagcgatgactaata,,,"[pSJ80 - pSpCas9(BB)-2A-Puro (PX459) V2.0 (addgene 62988), -, 1482, 1505], [pSJ81 - pSpCas9(BB)-2A-Puro (PX459) V2.0 (crSJ4 - nfkb1), -, 1485, 1508], [pSJ93 - pSpCas9(BB)-2A-Puro (PX459) V2.0 (crSJ6 - nfkb1), -, 1485, 1508], [pSJ92 - pSpCas9(BB)-2A-Puro (PX459) V2.0 (crSJ5 - nfkb1), -, 1485, 1508]"
oSJ156,atatggccacaAATTCTGCAGTCG,,,
oSJ178,CGCGACTAGTGAATTCAGATCTGATTTTAAAGGAACCAATTCAGTCGACT,,,"[pSJ77 - pENTR: crSJ6 (mouse nfkb1)_IRES_H2B-Clover-LoxP, +, 1077, 1101], [pSJ75 - pENTR: crSJ5(mouse nfkb1)_IRES_H2B-Clover-LoxP, +, 1077, 1101], [pSJ72 - pENTR: crSJ4(mouse nfkb1)_IRES_H2B-Clover-LoxP, +, 1077, 1101], [pSJ71 - pENTR: crSJ4 (mouse nfkb1)_PGK_IRES_H2B-Clover-LoxP, +, 1052, 1101]"
oSJ177,tcgaagctagctcgaCTCTAGAGATCAAGAAAGCTGGGTCTAGATATCTC,,,"[pSJ75 - pENTR: crSJ5(mouse nfkb1)_IRES_H2B-Clover-LoxP, -, 2948, 2972], [pSJ72 - pENTR: crSJ4(mouse nfkb1)_IRES_H2B-Clover-LoxP, -, 2948, 2972], [pSJ77 - pENTR: crSJ6 (mouse nfkb1)_IRES_H2B-Clover-LoxP, -, 2948, 2972], [pSJ71 - pENTR: crSJ4 (mouse nfkb1)_PGK_IRES_H2B-Clover-LoxP, -, 3510, 3559]"
oSJ189,gagttcgtgaccgccgccGGCTCTGGAGAAGGTCGTGGTAG,,,"[pSJ102 - pENTR: mouse p65 promoter_p65-(GGGS)x2-mClover_T2A_H2B-mRuby2, +, 4949, 4971], [TK443 pENTR hCrtc2(45-630)-mCerulean3-P2Av3-truncated_mutFoxo3-mRuby2-T2Av2-H2B-iRFP, +, 5557, 5579]"
oSJ188,cagcggcagctcatccggaactagtATGGTGTCTAaGGGCGAAGAGct,,,"[pSJ111 - pENTR: HSV TK_p65-(GGGS)x2-mClover_2A_H2B-mRuby2, +, 4216, 4263], [pSJ102 - pENTR: mouse p65 promoter_p65-(GGGS)x2-mClover_T2A_H2B-mRuby2, +, 5444, 5466], [pSJ112 - pENTR: hPGK_p65-(GGGS)x2-mClover_2A_H2B-mRuby2, +, 4520, 4567], [pSJ82 - pENTR: mouse p65 promoter_p65-(GGGS)x2-mClover_2A_H2B-mRuby2, +, 5422, 5469]"
oSJ175,aacggactagccttattttaacttgctaTTTCtagctctaaaactagggatcatcgtctg,,,"[Untitled, -, 36, 60], [pSJ81 - pSpCas9(BB)-2A-Puro (PX459) V2.0 (crSJ4 - nfkb1), -, 1034, 1093]"
oSJ174,ttatatatcttGTGGAAAGGACGAAACACCgatggcagacgatgatccctagttttagag,,,"[Untitled, +, 36, 60], [pSJ81 - pSpCas9(BB)-2A-Puro (PX459) V2.0 (crSJ4 - nfkb1), +, 999, 1058]"
oSJ200,tctgcggcctcttccgcg,,,"[pSJ135 - pLenti: PGK_mClover_Bagnall et al Linker_HIF1a, +, 7097, 7114], [PSR1875 pLenti X1 Blast DEST, +, 6419, 6436], [pSJ154 - pLenti: mClover-(GGGGS)x2-p50, +, 7379, 7396], [DEST 2 (hPGK, SV40 blast), +, 6999, 7016], [pSJ134 - pLenti: PGK_HIF1a_Bagnall et al Linker_mClover (P402A, P577G) (puro), +, 7097, 7114], [DEST 9 (no promoter, no selection), +, 4883, 4900], [pSJ120 - pLenti: mouse p65 promoter_p50-(GGGS)x2-mCerulean3_P2A_H2B-iRFP670 (no sel), +, 8152, 8169], [DEST 7 (no promoter, mPGK puro), +, 4884, 4901], [pSJ156 - pLenti: p50-(GGGGS)x2-mClover, +, 7379, 7396], [pSJ101 - pLenti: CMV_HIF1a_Bagnall et al Linker_mClover_2A_H2B-mRuby (puro), +, 9890, 9907], ...more sites present"
oSJ201,GCCATAGTGACTGGATATGT,,,"[DEST 7 (no promoter, mPGK puro), -, 2741, 2760], [DEST 6 (CMV, SV40 blast), -, 4871, 4890], [DEST 3 (hPGK, mPGK neo), -, 4853, 4872], [DEST 8 (no promoter, SV40 blast), -, 4268, 4287], [DEST 7 (no promoter, mPGK puro), -, 2741, 2760], [DEST 1 (hPGK, mPGK puro), -, 4853, 4872], [DEST 4 (hPGK, mPGK hygro), -, 4853, 4872], [DEST 9 (no promoter, no selection), -, 2740, 2759], [PSR1875 pLenti X1 Blast DEST, -, 4273, 4292], [pSJ133 - pPB: CAG_AttR1-cmr/ccdB-AttR2_mPGK-puromycin, -, 4630, 4649], ...more sites present"
oSJ202,CCAGCTTTCATCCCCGATAT,,,"[DEST 1 (hPGK, mPGK puro), -, 6143, 6162], [DEST 1 (hPGK, mPGK puro), -, 6143, 6162], [DEST 8 (no promoter, SV40 blast), -, 5558, 5577], [pSJ133 - pPB: CAG_AttR1-cmr/ccdB-AttR2_mPGK-puromycin, -, 5920, 5939], [DEST 7 (no promoter, mPGK puro), -, 4031, 4050], [DEST 6 (CMV, SV40 blast), -, 6161, 6180], [DEST 7 (no promoter, mPGK puro), -, 4031, 4050], [DEST 4 (hPGK, mPGK hygro), -, 6143, 6162], [DEST 10 (PiggyBac, CAG promoter, no selection), -, 5920, 5939], [DEST 4 (hPGK, mPGK hygro), -, 6143, 6162], ...more sites present"
oSJ192,gagcagacttcgctggctctggcatAGGTCCAGGGTTTTCCTCCACG,,,"[pSJ118 - pENTR: mouse p65 promoter_p50-(GGGS)x2-mCerulean3_P2A_H2B-iRFP670, -, 4663, 4684], [TK443 pENTR hCrtc2(45-630)-mCerulean3-P2Av3-truncated_mutFoxo3-mRuby2-T2Av2-H2B-iRFP, -, 3645, 3684], [pSJ103 - pENTR: mouse p65 promoter_p50-(GGGS)x2-mCerulean3_P2A_H2B-mRuby2, -, 4663, 4684]"
oSJ195,atgccagagccagcgaagtctg,,,"[pSJ102 - pENTR: mouse p65 promoter_p65-(GGGS)x2-mClover_T2A_H2B-mRuby2, +, 5012, 5033]"
oSJ194,CGTGGAGGAAAACCCTGGACCTatgccagagccagcgaagtct,,,"[pSJ102 - pENTR: mouse p65 promoter_p65-(GGGS)x2-mClover_T2A_H2B-mRuby2, +, 5003, 5032], [pSJ83 - pENTR: mouse p65 promoter_p50-(GGGS)x2-mClover_2A_H2B-mRuby2, +, 4640, 4672], [pSJ118 - pENTR: mouse p65 promoter_p50-(GGGS)x2-mCerulean3_P2A_H2B-iRFP670, +, 4685, 4705], [pSJ103 - pENTR: mouse p65 promoter_p50-(GGGS)x2-mCerulean3_P2A_H2B-mRuby2, +, 4685, 4705], [pSJ41 - pENTR: mouse p65 promoter_p50-(GGGS)x2-mClover_2A_H2B-iRFP670, +, 4664, 4696]"
oSJ196,AGGTCCAGGATTTTCTTCTACATCACCAC,,,"[pSJ102 - pENTR: mouse p65 promoter_p65-(GGGS)x2-mClover_T2A_H2B-mRuby2, -, 4983, 5011]"
oSJ191,AGGTGGATCAGGAGGTGGCGGTTCTatggtgagcaagggcgagga,,,"[pSJ118 - pENTR: mouse p65 promoter_p50-(GGGS)x2-mCerulean3_P2A_H2B-iRFP670, +, 3902, 3921], [pSJ103 - pENTR: mouse p65 promoter_p50-(GGGS)x2-mCerulean3_P2A_H2B-mRuby2, +, 3902, 3921], [TK443 pENTR hCrtc2(45-630)-mCerulean3-P2Av3-truncated_mutFoxo3-mRuby2-T2Av2-H2B-iRFP, +, 2880, 2903]"
oSJ198,ttggagccctttttcggggc,,,"[PE024 - pENTR: CMV_CRE-TKNLS_2A_H2B-mRuby, -, 3165, 3184], [PE031- pENTR: CMV_CRE-TKNLS_2A_H2B-mClover-bgh, -, 3165, 3184], [pSJ118 - pENTR: mouse p65 promoter_p50-(GGGS)x2-mCerulean3_P2A_H2B-iRFP670, -, 4712, 4731], [PE030v4- pENTR: CMV_CRE-TKNLS_2A_H2B-mRuby-bgh, -, 3165, 3184], [PE030v2 - pENTR: CMV_CRE-TKNLS_2A_H2B-mRuby-bgh, -, 3143, 3162], [pSJ103 - pENTR: mouse p65 promoter_p50-(GGGS)x2-mCerulean3_P2A_H2B-mRuby2, -, 4712, 4731]"
oSJ197,GGTGATGTAGAAGAAAATCCTGGACCTatggcagacgatgatccctacgg,,,"[pSJ118 - pENTR: mouse p65 promoter_p50-(GGGS)x2-mCerulean3_P2A_H2B-iRFP670, +, 2588, 2610], [pSJ103 - pENTR: mouse p65 promoter_p50-(GGGS)x2-mCerulean3_P2A_H2B-mRuby2, +, 2588, 2610]"
oSJ193,CGCCACCTCCTGATCCACCTCCGCCgacccctgcgttggatttcgtg,,,"[pSJ146 - pENTR: p50-middleClover (E285-V291), -, 3157, 3180], [pSJ142 - pENTR: mClover-(GGGGS)x2-p50, -, 3157, 3180], [pSJ83 - pENTR: mouse p65 promoter_p50-(GGGS)x2-mClover_2A_H2B-mRuby2, -, 3850, 3896], [pSJ145 - pENTR: p50, -, 2443, 2466], [pSJ118 - pENTR: mouse p65 promoter_p50-(GGGS)x2-mCerulean3_P2A_H2B-iRFP670, -, 3850, 3871], [pSJ141 - pENTR: mouse p65 promoter_mClover-(GGGGS)x2-p50, -, 4588, 4611], [pSJ41 - pENTR: mouse p65 promoter_p50-(GGGS)x2-mClover_2A_H2B-iRFP670, -, 3874, 3897], [pSJ103 - pENTR: mouse p65 promoter_p50-(GGGS)x2-mCerulean3_P2A_H2B-mRuby2, -, 3850, 3871], [pSJ144 - pENTR: p50-(GGGGS)x2-mClover, -, 2443, 2466], [pSJ143 - pENTR: mouse p65 promoter_p50-(GGGS)x2-mClover, -, 3874, 3897]"
oSJ183,taaccaacctcagtgtgggt,,,"[pSJ124 - pENTR: PGK_mClover_HIF1a, +, 3002, 3021], [pSJ128 - pENTR: PGK_HIF1a_Bagnall et al Linker_mClover (K729T), +, 2318, 2337], [pSJ130 - pENTR: PGK_HIF1a (Δ796-836)_Bagnall et al Linker_mClover, +, 2318, 2337], [pSJ97 - pENTR: HIF1a_Bagnall et al Linker_mClover_2A_H2B-mRuby, +, 1769, 1788], [pSJ35 - pENTR: HIF1a_Bagnall et al Linker_Venus_2A_H2B-mRuby, +, 1769, 1788], [pSJ121 - pENTR: PGK_HIF1a_Bagnall et al Linker_mClover_2A_H2B-mRuby, +, 2318, 2337], [pSJ126 - pENTR: PGK_HIF1a_Bagnall et al Linker_mClover (P402A, P577G), +, 2318, 2337], [test pSJ97 - pENTR: HIF1a_Bagnall et al Linker_mClover_2A_H2B-mRuby, +, 1769, 1788], [pSJ125 - pENTR: PGK_mClover_Bagnall et al Linker_HIF1a, +, 3092, 3111], [pSJ127 - pENTR: PGK_HIF1a_Bagnall et al Linker_mClover (L397A, L400A), +, 2318, 2337], ...more sites present"
oSJ184,gggactttcttttaccatgc,,,"[pSJ137 - pENTR: HIF1a-middleVenusPest (P402A, P577G), +, 2775, 2794], [pSJ123 - pENTR: PGK_HIF1a_Bagnall et al Linker_mClover, +, 3155, 3174], [pSJ130 - pENTR: PGK_HIF1a (Δ796-836)_Bagnall et al Linker_mClover, +, 3155, 3174], [pSJ121 - pENTR: PGK_HIF1a_Bagnall et al Linker_mClover_2A_H2B-mRuby, +, 3155, 3174], [pSJ97 - pENTR: HIF1a_Bagnall et al Linker_mClover_2A_H2B-mRuby, +, 2606, 2625], [pSJ128 - pENTR: PGK_HIF1a_Bagnall et al Linker_mClover (K729T), +, 3155, 3174], [pSJ124 - pENTR: PGK_mClover_HIF1a, +, 3839, 3858], [pSJ129 - pENTR: HIF1a-middleVenusPest_2A_H2B-mRuby (P402A, P577G), +, 3231, 3250], [pSJ125 - pENTR: PGK_mClover_Bagnall et al Linker_HIF1a, +, 3929, 3948], [test pSJ97 - pENTR: HIF1a_Bagnall et al Linker_mClover_2A_H2B-mRuby, +, 2606, 2625], ...more sites present"
oSJ203,TCTAGACCTGACCATGGACGATCT,,,"[pSJ82 - pENTR: mouse p65 promoter_p65-(GGGS)x2-mClover_2A_H2B-mRuby2, +, 2575, 2598], [pSJ112 - pENTR: hPGK_p65-(GGGS)x2-mClover_2A_H2B-mRuby2, +, 1673, 1696], [pSJ111 - pENTR: HSV TK_p65-(GGGS)x2-mClover_2A_H2B-mRuby2, +, 1369, 1392]"
oSJ185,acagctcctcgcccttgctcaccatGGTGGCGACCGGTGGATCC,,,"[pSJ127 - pENTR: PGK_HIF1a_Bagnall et al Linker_mClover (L397A, L400A), -, 4283, 4301], [pSJ121 - pENTR: PGK_HIF1a_Bagnall et al Linker_mClover_2A_H2B-mRuby, -, 4283, 4301], [pSJ130 - pENTR: PGK_HIF1a (Δ796-836)_Bagnall et al Linker_mClover, -, 4160, 4178], [pSJ35 - pENTR: HIF1a_Bagnall et al Linker_Venus_2A_H2B-mRuby, -, 3734, 3777], [pSJ126 - pENTR: PGK_HIF1a_Bagnall et al Linker_mClover (P402A, P577G), -, 4283, 4301], [pSJ123 - pENTR: PGK_HIF1a_Bagnall et al Linker_mClover, -, 4283, 4301], [pSJ128 - pENTR: PGK_HIF1a_Bagnall et al Linker_mClover (K729T), -, 4283, 4301], [test pSJ97 - pENTR: HIF1a_Bagnall et al Linker_mClover_2A_H2B-mRuby, -, 3734, 3752], [pSJ97 - pENTR: HIF1a_Bagnall et al Linker_mClover_2A_H2B-mRuby, -, 3734, 3752]"
oSJ186,cctgctggagttcgtgaccgccgccGGAAGCGGAGCTACTAACTTCAGCC,,,"[test pSJ97 - pENTR: HIF1a_Bagnall et al Linker_mClover_2A_H2B-mRuby, +, 4437, 4461], [pSJ22 - pENTR: HIF1a_GGGGS_Venus_2A_H2B-mRuby, +, 412, 436], [pSJ97 - pENTR: HIF1a_Bagnall et al Linker_mClover_2A_H2B-mRuby, +, 4437, 4461], [pSJ35 - pENTR: HIF1a_Bagnall et al Linker_Venus_2A_H2B-mRuby, +, 4470, 4494], [pSJ121 - pENTR: PGK_HIF1a_Bagnall et al Linker_mClover_2A_H2B-mRuby, +, 4986, 5010]"
oSJ205,TTTGTACAAAAAAGCAGGCTCCACCgaagaaatatatttgcatgtcttta,,,"[pSJ98 - pENTR: TK_mVenus_IRF3, +, 2896, 2920], [pSJ111 - pENTR: HSV TK_p65-(GGGS)x2-mClover_2A_H2B-mRuby2, +, 1157, 1181]"
oSJ207,AGATCGTCCATGGTCAGGTCTAGAcctggggagagaggtcggt,,,"[pSJ112 - pENTR: hPGK_p65-(GGGS)x2-mClover_2A_H2B-mRuby2, -, 1654, 1672], [pSJ61 - pENTR: PGK_mGAPDH_mRuby2, -, 1053, 1071]"
oSJ206,TTTGTACAAAAAAGCAGGCTCCACCccacggggttggggttgc,,,"[pSJ61 - pENTR: PGK_mGAPDH_mRuby2, +, 551, 573], [pSJ112 - pENTR: hPGK_p65-(GGGS)x2-mClover_2A_H2B-mRuby2, +, 1157, 1174]"
oSJ204,AAACAGATCGTCCATGGTCAGGTCTAGAggtggcactagttgcgg,,,"[pSJ98 - pENTR: TK_mVenus_IRF3, -, 3091, 3107], [pSJ111 - pENTR: HSV TK_p65-(GGGS)x2-mClover_2A_H2B-mRuby2, -, 1352, 1368]"
oSJ235,AATCGAATGCAACCGGCGCA,,,"[pSJ128 - pENTR: PGK_HIF1a_Bagnall et al Linker_mClover (K729T), -, 5616, 5635], [pSJ145 - pENTR: p50, -, 3095, 3114], [pSJ125 - pENTR: PGK_mClover_Bagnall et al Linker_HIF1a, -, 5616, 5635], [pSJ146 - pENTR: p50-middleClover (E285-V291), -, 3809, 3828], [pSJ147 - pENTR: HRE-mCherry, -, 2824, 2843], [pSJ127 - pENTR: PGK_HIF1a_Bagnall et al Linker_mClover (L397A, L400A), -, 5616, 5635], [pSJ123 - pENTR: PGK_HIF1a_Bagnall et al Linker_mClover, -, 5616, 5635], [pSJ131 - pENTR: HIF1a-middle-VenusPest, -, 4456, 4475], [pSJ151 - pENTR: HRE-mCherry-PEST, -, 2950, 2969]"
oSJ239,catgcagactgctggggcagGACCCAGCTTTCTTGTACAAAGTGG,,,"[pSJ130 - pENTR: PGK_HIF1a (Δ796-836)_Bagnall et al Linker_mClover, +, 4089, 4113], [pSJ123 - pENTR: PGK_HIF1a_Bagnall et al Linker_mClover, +, 4212, 4236]"
oSJ238,TTGTACAAGAAAGCTGGGTCctgccccagcagtctgcatg,,,"[pSJ130 - pENTR: PGK_HIF1a (Δ796-836)_Bagnall et al Linker_mClover, -, 4069, 4088], [pSJ123 - pENTR: PGK_HIF1a_Bagnall et al Linker_mClover, -, 4069, 4088], [pSJ129 - pENTR: HIF1a-middleVenusPest_2A_H2B-mRuby (P402A, P577G), -, 4145, 4164]"
oSJ232,ctgatgctGCCactctgGCG,,,"[pSJ127 - pENTR: PGK_HIF1a_Bagnall et al Linker_mClover (L397A, L400A), +, 2884, 2903]"
oSJ237,catgttccatttttcgCGTcctctga,,,"[pSJ128 - pENTR: PGK_HIF1a_Bagnall et al Linker_mClover (K729T), -, 3881, 3906]"
oSJ233,CGCcagagtGGCagcatcag,,,"[pSJ127 - pENTR: PGK_HIF1a_Bagnall et al Linker_mClover (L397A, L400A), -, 2884, 2903]"
oSJ234,TGCGCCGGTTGCATTCGATT,,,"[pSJ127 - pENTR: PGK_HIF1a_Bagnall et al Linker_mClover (L397A, L400A), +, 5616, 5635], [pSJ146 - pENTR: p50-middleClover (E285-V291), +, 3809, 3828], [pSJ147 - pENTR: HRE-mCherry, +, 2824, 2843], [pSJ128 - pENTR: PGK_HIF1a_Bagnall et al Linker_mClover (K729T), +, 5616, 5635], [pSJ123 - pENTR: PGK_HIF1a_Bagnall et al Linker_mClover, +, 5616, 5635], [pSJ151 - pENTR: HRE-mCherry-PEST, +, 2950, 2969], [pSJ145 - pENTR: p50, +, 3095, 3114], [pSJ131 - pENTR: HIF1a-middle-VenusPest, +, 4456, 4475]"
oSJ236,tcagaggACGcgaaaaatggaacatg,,,"[pSJ128 - pENTR: PGK_HIF1a_Bagnall et al Linker_mClover (K729T), +, 3881, 3906]"
oSJ208,ATGCGGCCGCCATAGTGACT,,,"[DEST 10 (PiggyBac, CAG promoter, no selection), -, 4638, 4657], [DEST 9 (no promoter, no selection), -, 2748, 2767], [pSJ133 - pPB: CAG_AttR1-cmr/ccdB-AttR2_mPGK-puromycin, -, 4638, 4657], [DEST 7 (no promoter, mPGK puro), -, 2749, 2768], [DEST 10 (PiggyBac, CAG promoter, no selection), -, 4638, 4657], [pSJ12 - PB-CA, -, 4638, 4657]"
oSJ216,TTTGTACAAAAAAGCAGGCTCCACCccacggggttggggttgc,,,"[pSJ69 - pENTR: PGK_IRES_H2B-Clover-LoxP, +, 1171, 1193], [pSJ123 - pENTR: PGK_HIF1a_Bagnall et al Linker_mClover, +, 1155, 1172], [pSJ126 - pENTR: PGK_HIF1a_Bagnall et al Linker_mClover (P402A, P577G), +, 1155, 1172], [pSJ124 - pENTR: PGK_mClover_HIF1a, +, 1155, 1172], [pSJ130 - pENTR: PGK_HIF1a (Δ796-836)_Bagnall et al Linker_mClover, +, 1155, 1172], [pSJ127 - pENTR: PGK_HIF1a_Bagnall et al Linker_mClover (L397A, L400A), +, 1155, 1172], [pSJ128 - pENTR: PGK_HIF1a_Bagnall et al Linker_mClover (K729T), +, 1155, 1172], [pSJ125 - pENTR: PGK_mClover_Bagnall et al Linker_HIF1a, +, 1155, 1172], [pSJ121 - pENTR: PGK_HIF1a_Bagnall et al Linker_mClover_2A_H2B-mRuby, +, 1155, 1172]"
oSJ217,cgccggcgccctccatCGAAGCTTGAGCTGTCGACGAc,,,"[pSJ126 - pENTR: PGK_HIF1a_Bagnall et al Linker_mClover (P402A, P577G), -, 1682, 1703], [pSJ124 - pENTR: PGK_mClover_HIF1a, -, 1682, 1703], [pSJ128 - pENTR: PGK_HIF1a_Bagnall et al Linker_mClover (K729T), -, 1682, 1703], [pSJ123 - pENTR: PGK_HIF1a_Bagnall et al Linker_mClover, -, 1682, 1703], [pSJ125 - pENTR: PGK_mClover_Bagnall et al Linker_HIF1a, -, 1682, 1703], [pSJ121 - pENTR: PGK_HIF1a_Bagnall et al Linker_mClover_2A_H2B-mRuby, -, 1682, 1703], [pSJ130 - pENTR: PGK_HIF1a (Δ796-836)_Bagnall et al Linker_mClover, -, 1682, 1703], [pSJ69 - pENTR: PGK_IRES_H2B-Clover-LoxP, -, 1703, 1724], [pSJ127 - pENTR: PGK_HIF1a_Bagnall et al Linker_mClover (L397A, L400A), -, 1682, 1703]"
oSJ215,atggagggcgccggcg,,,"[pSJ97 - pENTR: HIF1a_Bagnall et al Linker_mClover_2A_H2B-mRuby, +, 1155, 1170], [pSJ130 - pENTR: PGK_HIF1a (Δ796-836)_Bagnall et al Linker_mClover, +, 1704, 1719], [pSJ128 - pENTR: PGK_HIF1a_Bagnall et al Linker_mClover (K729T), +, 1704, 1719], [pSJ121 - pENTR: PGK_HIF1a_Bagnall et al Linker_mClover_2A_H2B-mRuby, +, 1704, 1719], [TK647 Piggybac CAG HIF1a-middle-mNG_2A_H2B-mRuby, +, 919, 934], [pSJ124 - pENTR: PGK_mClover_HIF1a, +, 2388, 2403], [TK644 pENTR trHIF1a-middle-mNGPest_2A_H2B-mRuby, +, 919, 934], [pSJ127 - pENTR: PGK_HIF1a_Bagnall et al Linker_mClover (L397A, L400A), +, 1704, 1719], [pSJ123 - pENTR: PGK_HIF1a_Bagnall et al Linker_mClover, +, 1704, 1719], [test pSJ97 - pENTR: HIF1a_Bagnall et al Linker_mClover_2A_H2B-mRuby, +, 1155, 1170], ...more sites present"
oSJ220,atataGCCagccagcatctccaagt,,,"[pSJ137 - pENTR: HIF1a-middleVenusPest (P402A, P577G), -, 3035, 3059], [TK630 pENTR trHIF1a-middle-VenusPest, -, 3035, 3059], [TK552 HIF1a-middle-VenusPest_2A_H2B-mRuby, -, 3491, 3515], [pSJ126 - pENTR: PGK_HIF1a_Bagnall et al Linker_mClover (P402A, P577G), -, 3415, 3439], [pSJ127 - pENTR: PGK_HIF1a_Bagnall et al Linker_mClover (L397A, L400A), -, 3415, 3439], [pSJ129 - pENTR: HIF1a-middleVenusPest_2A_H2B-mRuby (P402A, P577G), -, 3491, 3515]"
oSJ221,tctcactctgctggctGCAgc,,,"[pSJ129 - pENTR: HIF1a-middleVenusPest_2A_H2B-mRuby (P402A, P577G), +, 2106, 2126], [TK552 HIF1a-middle-VenusPest_2A_H2B-mRuby, +, 2106, 2126], [pSJ137 - pENTR: HIF1a-middleVenusPest (P402A, P577G), +, 1650, 1670], [pSJ126 - pENTR: PGK_HIF1a_Bagnall et al Linker_mClover (P402A, P577G), +, 2891, 2911], [TK630 pENTR trHIF1a-middle-VenusPest, +, 1650, 1670]"
oSJ226,TAAGCCTaaGCGGCCGCACT,,,"[pSJ146 - pENTR: p50-middleClover (E285-V291), +, 3179, 3198], [pSJ128 - pENTR: PGK_HIF1a_Bagnall et al Linker_mClover (K729T), +, 4986, 5005], [pSJ142 - pENTR: mClover-(GGGGS)x2-p50, +, 3179, 3198], [pSJ127 - pENTR: PGK_HIF1a_Bagnall et al Linker_mClover (L397A, L400A), +, 4986, 5005], [pSJ144 - pENTR: p50-(GGGGS)x2-mClover, +, 3179, 3198], [pSJ141 - pENTR: mouse p65 promoter_mClover-(GGGGS)x2-p50, +, 4610, 4629], [pSJ123 - pENTR: PGK_HIF1a_Bagnall et al Linker_mClover, +, 4986, 5005], [pSJ130 - pENTR: PGK_HIF1a (Δ796-836)_Bagnall et al Linker_mClover, +, 4863, 4882], [pSJ143 - pENTR: mouse p65 promoter_p50-(GGGS)x2-mClover, +, 4610, 4629], [pSJ145 - pENTR: p50, +, 2465, 2484], ...more sites present"
oSJ212,aaacCCATGGGATGGGCCTTCACAc,,,
oSJ224,tggagttcgtgaccgccgccatggagggcgccggcg,,,"[pSJ124 - pENTR: PGK_mClover_HIF1a, +, 2388, 2403], [pSJ24 - MGC HIF1alpha (Mus musculus), +, 272, 291]"
oSJ225,AGTGCGGCCGCttAGGCTTAgttaacttgatccaaagctctgagtaattc,,,"[pSJ24 - MGC HIF1alpha (Mus musculus), -, 2754, 2784], [pSJ124 - pENTR: PGK_mClover_HIF1a, -, 4866, 4895]"
oSJ223,gcTGCagccagcagagtgaga,,,"[pSJ137 - pENTR: HIF1a-middleVenusPest (P402A, P577G), -, 1650, 1670], [TK552 HIF1a-middle-VenusPest_2A_H2B-mRuby, -, 2106, 2126], [pSJ126 - pENTR: PGK_HIF1a_Bagnall et al Linker_mClover (P402A, P577G), -, 2891, 2911], [pSJ129 - pENTR: HIF1a-middleVenusPest_2A_H2B-mRuby (P402A, P577G), -, 2106, 2126], [TK630 pENTR trHIF1a-middle-VenusPest, -, 1650, 1670]"
oSJ218,agttcgtgaccgccgccTAAGCCTaaGCGGCCGCAC,,,"[pSJ123 - pENTR: PGK_HIF1a_Bagnall et al Linker_mClover, +, 4986, 5004], [pSJ126 - pENTR: PGK_HIF1a_Bagnall et al Linker_mClover (P402A, P577G), +, 4986, 5004], [pSJ130 - pENTR: PGK_HIF1a (Δ796-836)_Bagnall et al Linker_mClover, +, 4863, 4881], [pSJ127 - pENTR: PGK_HIF1a_Bagnall et al Linker_mClover (L397A, L400A), +, 4986, 5004], [pSJ125 - pENTR: PGK_mClover_Bagnall et al Linker_HIF1a, +, 4986, 5004], [pSJ124 - pENTR: PGK_mClover_HIF1a, +, 4896, 4914], [pSJ128 - pENTR: PGK_HIF1a_Bagnall et al Linker_mClover (K729T), +, 4986, 5004]"
oSJ219,GTGCGGCCGCttAGGCTTAggcggcggtcacgaact,,,"[pSJ146 - pENTR: p50-middleClover (E285-V291), -, 2724, 2740], [pSJ123 - pENTR: PGK_HIF1a_Bagnall et al Linker_mClover, -, 4969, 4985], [pSJ126 - pENTR: PGK_HIF1a_Bagnall et al Linker_mClover (P402A, P577G), -, 4969, 4985], [pSJ130 - pENTR: PGK_HIF1a (Δ796-836)_Bagnall et al Linker_mClover, -, 4846, 4862], [pSJ127 - pENTR: PGK_HIF1a_Bagnall et al Linker_mClover (L397A, L400A), -, 4969, 4985], [pSJ121 - pENTR: PGK_HIF1a_Bagnall et al Linker_mClover_2A_H2B-mRuby, -, 4969, 4999], [pSJ128 - pENTR: PGK_HIF1a_Bagnall et al Linker_mClover (K729T), -, 4969, 4985]"
oSJ229,ggcggcggtcacgaactc,,,"[pSJ130 - pENTR: PGK_HIF1a (Δ796-836)_Bagnall et al Linker_mClover, -, 4845, 4862], [pSJ123 - pENTR: PGK_HIF1a_Bagnall et al Linker_mClover, -, 4968, 4985], [pSJ146 - pENTR: p50-middleClover (E285-V291), -, 2723, 2740], [pSJ124 - pENTR: PGK_mClover_HIF1a, -, 2370, 2387], [pSJ128 - pENTR: PGK_HIF1a_Bagnall et al Linker_mClover (K729T), -, 4968, 4985], [pSJ127 - pENTR: PGK_HIF1a_Bagnall et al Linker_mClover (L397A, L400A), -, 4968, 4985]"
oSJ214,aaacTGTCCTTGGGTCCAGCAGTTc,,,
oSJ222,acttggagatgctggctGGCtatat,,,"[TK630 pENTR trHIF1a-middle-VenusPest, +, 3035, 3059], [pSJ126 - pENTR: PGK_HIF1a_Bagnall et al Linker_mClover (P402A, P577G), +, 3415, 3439], [TK552 HIF1a-middle-VenusPest_2A_H2B-mRuby, +, 3491, 3515], [pSJ137 - pENTR: HIF1a-middleVenusPest (P402A, P577G), +, 3035, 3059], [pSJ129 - pENTR: HIF1a-middleVenusPest_2A_H2B-mRuby (P402A, P577G), +, 3491, 3515]"
oSJ227,CGAAGCTTGAGCTGTCGACGAc,,,"[pSJ123 - pENTR: PGK_HIF1a_Bagnall et al Linker_mClover, -, 1682, 1703], [pSJ127 - pENTR: PGK_HIF1a_Bagnall et al Linker_mClover (L397A, L400A), -, 1682, 1703], [pSJ124 - pENTR: PGK_mClover_HIF1a, -, 1682, 1703], [pSJ128 - pENTR: PGK_HIF1a_Bagnall et al Linker_mClover (K729T), -, 1682, 1703], [pSJ130 - pENTR: PGK_HIF1a (Δ796-836)_Bagnall et al Linker_mClover, -, 1682, 1703]"
oSJ228,gTCGTCGACAGCTCAAGCTTCGatggtgagcaagggcgagga,,,"[pSJ127 - pENTR: PGK_HIF1a_Bagnall et al Linker_mClover (L397A, L400A), +, 4302, 4321], [pSJ123 - pENTR: PGK_HIF1a_Bagnall et al Linker_mClover, +, 4302, 4321], [pSJ124 - pENTR: PGK_mClover_HIF1a, +, 1704, 1723], [pSJ130 - pENTR: PGK_HIF1a (Δ796-836)_Bagnall et al Linker_mClover, +, 4179, 4198], [pSJ128 - pENTR: PGK_HIF1a_Bagnall et al Linker_mClover (K729T), +, 4302, 4321]"
oSJ230,gagttcgtgaccgccgccGACCCAGCTTTCTTGTACAAAGTGG,,,"[pSJ130 - pENTR: PGK_HIF1a (Δ796-836)_Bagnall et al Linker_mClover, +, 4088, 4113], [pSJ125 - pENTR: PGK_mClover_Bagnall et al Linker_HIF1a, +, 2388, 2412], [pSJ127 - pENTR: PGK_HIF1a_Bagnall et al Linker_mClover (L397A, L400A), +, 4211, 4236], [pSJ123 - pENTR: PGK_HIF1a_Bagnall et al Linker_mClover, +, 4211, 4236], [pSJ128 - pENTR: PGK_HIF1a_Bagnall et al Linker_mClover (K729T), +, 4211, 4236]"
oSJ231,cgccggcgccctccatGGTGGCGACCGGTGGATC,,,"[pSJ123 - pENTR: PGK_HIF1a_Bagnall et al Linker_mClover, -, 4284, 4305], [pSJ125 - pENTR: PGK_mClover_Bagnall et al Linker_HIF1a, -, 2460, 2477], [pSJ127 - pENTR: PGK_HIF1a_Bagnall et al Linker_mClover (L397A, L400A), -, 4284, 4305], [pSJ130 - pENTR: PGK_HIF1a (Δ796-836)_Bagnall et al Linker_mClover, -, 4161, 4182], [pSJ128 - pENTR: PGK_HIF1a_Bagnall et al Linker_mClover (K729T), -, 4284, 4305]"
oSJ209,caccgCCGAAGCTGGACAAACACAG,,,
oSJ210,aaacCTGTGTTTGTCCAGCTTCGGc,,,
oSJ211,caccgTGTGAAGGCCCATCCCATGG,,,
oSJ213,caccgAACTGCTGGACCCAAGGACA,,,
oSJ240,CTGCACCTGAGGAGTGAATTCTCTATCAGGCACCGGGCTTGC,,,
oSJ241,TTCTTGTACAAAGTGGTGATAACTCGATATCCAGCACAGTGGCGG,,,
oSJ255,AGTGCGGCCGCttAGGCTTAggcggcggtcacgaact,,,"[pSJ41 - pENTR: mouse p65 promoter_p50-(GGGS)x2-mClover_2A_H2B-iRFP670, -, 4593, 4609], [pSJ144 - pENTR: p50-(GGGGS)x2-mClover, -, 3162, 3178], [pSJ143 - pENTR: mouse p65 promoter_p50-(GGGS)x2-mClover, -, 4593, 4609]"
oSJ256,ACAAAAAAGCAGGCTCCACCatggcagacgatgatccctacg,,,"[pSJ41 - pENTR: mouse p65 promoter_p50-(GGGS)x2-mClover_2A_H2B-iRFP670, +, 2609, 2633], [pSJ146 - pENTR: p50-middleClover (E285-V291), +, 1181, 1202], [pSJ144 - pENTR: p50-(GGGGS)x2-mClover, +, 1181, 1202], [TK283 pENTR mouse p50-Clover, +, 1528, 1569], [pSJ145 - pENTR: p50, +, 1181, 1202]"
oSJ244,CGTCATCGCTGAATACAGTTACATTttacttgtacagctcgtccatgcc,,,"[pkl484, -, 2595, 2618], [pSJ140: pGL2: HRE-mCherry, +, 1095, 1118]"
oSJ245,GGCATTCCGGTACTGTTGGTAAAatggtgagcaagggcgagga,,,"[pSJ140: pGL2: HRE-mCherry, -, 1786, 1805], [pSJ146 - pENTR: p50-middleClover (E285-V291), +, 2057, 2076], [pkl484, +, 1906, 1927]"
oSJ242,TTTACCAACAGTACCGGAATGCC,,,"[pSJ140: pGL2: HRE-mCherry, +, 1806, 1828]"
oSJ243,AATGTAACTGTATTCAGCGATGACG,,,"[pSJ140: pGL2: HRE-mCherry, -, 1070, 1094]"
oSJ260,GGCGGTTCTGGCGGTatggtgagcaagggcgagga,,,"[pSJ146 - pENTR: p50-middleClover (E285-V291), +, 2057, 2076]"
oSJ259,ccgccGGAGGATCAGGTGGAaatggcggagtttgggaag,,,"[pSJ145 - pENTR: p50, +, 2041, 2060], [pSJ146 - pENTR: p50-middleClover (E285-V291), +, 2756, 2774]"
oSJ249,gagtggattaccacagGCAaccagtt,,,"[pSJ131 - pENTR: HIF1a-middle-VenusPest, +, 3720, 3745]"
oSJ246,GAGTTATCACCACTTTGTACAAGAAAG,,,"[pSJ12 - PB-CA, -, 6209, 6235]"
oSJ248,aactggtTGCctgtggtaatccactc,,,"[pSJ131 - pENTR: HIF1a-middle-VenusPest, -, 3720, 3745]"
oSJ247,TAGAGAATTCACTCCTCAGGTGC,,,"[pSJ12 - PB-CA, +, 6236, 6258]"
oSJ257,AGTGCGGCCGCttAGGCTTAgacccctgcgttggatttcg,,,"[TK283 pENTR mouse p50-Clover, -, 2812, 2831], [pSJ146 - pENTR: p50-middleClover (E285-V291), -, 3159, 3178], [pSJ145 - pENTR: p50, -, 2445, 2464]"
oSJ261,TCCACCTGATCCTCCggcggcggtcacgaactc,,,"[pSJ146 - pENTR: p50-middleClover (E285-V291), -, 2723, 2740]"
oSJ258,accatACCGCCAGAACCGCCttcttcctcttcataaaaccgaatc,,,"[pSJ146 - pENTR: p50-middleClover (E285-V291), -, 2017, 2041], [pSJ145 - pENTR: p50, -, 2017, 2041]"
oSJ254,TTTGTACAAAAAAGCAGGCTCCACCatggtgagcaagggcgagga,,,"[pSJ142 - pENTR: mClover-(GGGGS)x2-p50, +, 1181, 1200], [TK283 pENTR mouse p50-Clover, +, 2838, 2857]"
oSJ250,AGTGCGGCCGCttAGGCTTAgacccctgcgttggatttcg,,,"[pSJ144 - pENTR: p50-(GGGGS)x2-mClover, -, 2445, 2468], [pSJ145 - pENTR: p50, -, 2445, 2468], [pSJ143 - pENTR: mouse p65 promoter_p50-(GGGS)x2-mClover, -, 3876, 3899], [pSJ146 - pENTR: p50-middleClover (E285-V291), -, 3159, 3182], [pSJ41 - pENTR: mouse p65 promoter_p50-(GGGS)x2-mClover_2A_H2B-iRFP670, -, 3876, 3899], [pSJ141 - pENTR: mouse p65 promoter_mClover-(GGGGS)x2-p50, -, 4590, 4609], [pSJ142 - pENTR: mClover-(GGGGS)x2-p50, -, 3159, 3198], [TK283 pENTR mouse p50-Clover, -, 2812, 2831]"
oSJ251,ACCTGCTCTCGTCTAGACCTGACCatggtgagcaagggcgagga,,,"[pSJ41 - pENTR: mouse p65 promoter_p50-(GGGS)x2-mClover_2A_H2B-iRFP670, +, 3922, 3945], [TK283 pENTR mouse p50-Clover, +, 2838, 2857], [pSJ144 - pENTR: p50-(GGGGS)x2-mClover, +, 2491, 2514], [pSJ143 - pENTR: mouse p65 promoter_p50-(GGGS)x2-mClover, +, 3922, 3945], [pSJ142 - pENTR: mClover-(GGGGS)x2-p50, +, 1157, 1200], [pSJ141 - pENTR: mouse p65 promoter_mClover-(GGGGS)x2-p50, +, 2612, 2631]"
oSJ252,CACCACCGCCAGAACCGCCTCCTCCggcggcggtcacgaact,,,"[pSJ144 - pENTR: p50-(GGGGS)x2-mClover, -, 3162, 3181], [pSJ142 - pENTR: mClover-(GGGGS)x2-p50, -, 1848, 1889], [TK283 pENTR mouse p50-Clover, -, 3505, 3521], [pSJ143 - pENTR: mouse p65 promoter_p50-(GGGS)x2-mClover, -, 4593, 4612], [pSJ41 - pENTR: mouse p65 promoter_p50-(GGGS)x2-mClover_2A_H2B-iRFP670, -, 4593, 4612], [pSJ141 - pENTR: mouse p65 promoter_mClover-(GGGGS)x2-p50, -, 3279, 3295]"
oSJ253,AGGCGGTTCTGGCGGTGGTGGGTCAatggcagacgatgatccctacg,,,"[pSJ145 - pENTR: p50, +, 1181, 1202], [pSJ143 - pENTR: mouse p65 promoter_p50-(GGGS)x2-mClover, +, 2612, 2633], [pSJ144 - pENTR: p50-(GGGGS)x2-mClover, +, 1181, 1202], [TK283 pENTR mouse p50-Clover, +, 1548, 1569], [pSJ146 - pENTR: p50-middleClover (E285-V291), +, 1181, 1202], [pSJ141 - pENTR: mouse p65 promoter_mClover-(GGGGS)x2-p50, +, 3326, 3347], [pSJ142 - pENTR: mClover-(GGGGS)x2-p50, +, 1870, 1916]"
oSJ262,AGTGCGGCCGCttAGGCTTActtgtacagctcgtccatgcc,,,"[pSJ151 - pENTR: HRE-mCherry-PEST, -, 2173, 2196], [pSJ147 - pENTR: HRE-mCherry, -, 2173, 2196]"
oSJ263,TTTGTACAAAAAAGCAGGCTCCACCTAACATAACCCGGGAGGTACCGA,,,"[pSJ151 - pENTR: HRE-mCherry-PEST, +, 1181, 1203], [pSJ147 - pENTR: HRE-mCherry, +, 1181, 1203]"
oSJ264,ctccaccggcggcatggacgagctgtacaa,,,"[pSJ151 - pENTR: HRE-mCherry-PEST, +, 2173, 2192]"
oSJ265,AGTGCGGCCGCttAGGCTTACACATTGATCCTAGCAGAAGCAC,,,"[pSJ151 - pENTR: HRE-mCherry-PEST, -, 2297, 2319]"
oSJ267,GCAACTAGAAGGCACAGTCGTCAGGCACCGGGCTTGC,,,"[DEST 1 (hPGK, mPGK puro), -, 8186, 8204], [pSJ133 - pPB: CAG_AttR1-cmr/ccdB-AttR2_mPGK-puromycin, -, 7897, 7913]"
oSJ268,GGTGCCTGACGACTGTGCCTTCTAGTTGCCAG,,,"[pSJ133 - pPB: CAG_AttR1-cmr/ccdB-AttR2_mPGK-puromycin, +, 7914, 7936]"
oSJ266,ATCCCTCGACCTGCAGCCCAAATTCTACCGGGTAGGGGAGGC,,,"[pSJ133 - pPB: CAG_AttR1-cmr/ccdB-AttR2_mPGK-puromycin, +, 6785, 6806], [DEST 1 (hPGK, mPGK puro), +, 7074, 7095]"
oSJ269,TTATGCTCTCGTTAATTAACCATGCCTGCTATTcTCTTCCCAATCC,,,"[pSJ133 - pPB: CAG_AttR1-cmr/ccdB-AttR2_mPGK-puromycin, -, 8092, 8117]"
