VP165,GACTTCGAGTTTGAGCAG,,,
VecF,CTTTGCCTTTCTCTCCACAG,,,
VP22rev,CCGCGGACCCGACTTC,,,
YEp243,CTCATGAGCCCGAAGTGG,,,
XpressFwd,TATGGCTAGCATGACTGGT,,,"[TK454 mTFP1-pBAD from addgene, +, 1868, 1886]"
t103,ctgatTGCgttgtcgctgctcagagggg,,,"[TK152 from TK046 T475A AktSubstrate_PFKFB2, -, 539, 566]"
t102,gacaacGCAatcaggaggcctaggaactacagc,,,"[TK152 from TK046 T475A AktSubstrate_PFKFB2, +, 553, 585]"
TempTest1,CGGCCTTTTTACGGTTCCTG,,,
TriEXDOWN.3,TCGATCTCAGTGGTATTTG,,,
attL2,GTAACATCAGAGATTTTGAGACAC,,,"[pSJ21 - pENTR: ddGFPa-3xNLS_2A_JNKKTR-ddGFPb_2A_H2B-mRuby_PGK-Puro, -, 5561, 5584], [pSJ37 - pENTR: mouse p65 promoter_p50-mcClover_2A_H2B-iRFP670, -, 6165, 6188], [pSJ128 - pENTR: PGK_HIF1a_Bagnall et al Linker_mClover (K729T), -, 5141, 5164], [pSJ97 - pENTR: HIF1a_Bagnall et al Linker_mClover_2A_H2B-mRuby, -, 5801, 5824], [pSJ121 - pENTR: PGK_HIF1a_Bagnall et al Linker_mClover_2A_H2B-mRuby, -, 6350, 6373], [pSJ130 - pENTR: PGK_HIF1a (Î”796-836)_Bagnall et al Linker_mClover, -, 5018, 5041], [pSJ124 - pENTR: PGK_mClover_HIF1a, -, 5051, 5074], [pSJ125 - pENTR: PGK_mClover_Bagnall et al Linker_HIF1a, -, 5141, 5164], [pSJ37a - pENTR: mouse p65 promoter_p50-mcClover_2A_H2B-iRFP670, -, 6162, 6185], [test pSJ97 - pENTR: HIF1a_Bagnall et al Linker_mClover_2A_H2B-mRuby, -, 5801, 5824], ...more sites present"
GAL4BD,TCATCGGAAGAGAGTAG,,,
PFLU-DW,AGGGTCAAGGAAGGCACGGGGGAG,,,
pASKF,GAGTTATTTTACCACTCCCT,,,"[pwtCas9-sc101ts, +, 1501, 1520], [pwtCas9-sc101ts [8343-7812], +, 1501, 1520]"
p221R,CACTATAGGGGATATCAGCTGGATGGC,,,
P65,CTCGTATGTTGTGTGGAA,,,
pBADReverse,GATTTAATCTGTATCAGG,,,"[pWT_gRNA-ompF1_sc101ts_CmR, -, 2313, 2330]"
SV40polyA-2,TGATTACGCCAAGCTCTAGC,,,
S-Tagprimer,GAACGCCAGCACATGGAC,,,
SV40pro,CTGAGCTATTCCAGAAGTAG,,,"[pKL634 (pLenti_X1_Blast_DE), +, 4754, 4773]"
T3,ATTAACCCTCACTAAAGGG,,,
T7,TAATACGACTCACTATAGG,,,
T7SELECTDOWN,AACCCCTCAAGACCCGTTTA,,,
T7gilmore,ATAGTTCCTCCTTTCAGC,,,
GFPreverse,CGTCGCCGTCCAGCTCGACCAG,,,
GFPRevUS,GGCCATGGAACAGGTAGT,,,
GLprimer1,TGTATCTTATGGTACTGTAACTG,,,"[pSJ139: pGL2: HRE-luciferase, -, 3056, 3078], [pSJ140: pGL2: HRE-mCherry, -, 2114, 2136]"
HaloTag.R,ACGCTCGCCCAGGACTTC,,,
GLprimer2,CTTTATGTTTTTGGCGTCTTCCA,,,
pCRII F2,GCTTCCCAACCTTACCAGAG,,,
pDEST1520,GTGATCATGTAACCCATCCTGAC,,,
pcWIN2ds,TGACTCTCTTCCGGGCGC,,,
pEE3,CGCCACCAGACATAATAG,,,
pDsRed3,AGCGCATGAACTCCTTGA,,,
pEE5,GGATCTTCCATACCTACC,,,
PDEST10,GTTCTAGTGGTTGGCTACGTATA,,,
PGEX2T.START,TGCGCCGACATCATAACG,,,
pET-15b5,ATGCGTCCGGCGTAGAGG,,,
pGEX3,CCGGGAGCTGCATGTGTCAGAGG,,,"[TK605 pUC19 CamR in the middle of Amp (does not exist), +, 634, 656], [pSJ73 - pMC.BESPX-MCS2, +, 3606, 3628], [pSJ91 - pMC.BESPX-MCS2_crSJ6 (mouse nfkb1)_IRES_H2B-Clover-LoxP, +, 1480, 1502], [pSJ89 - pMC.BESPX-MCS2_crSJ4 (mouse nfkb1)_IRES_H2B-Clover-LoxP, +, 1480, 1502], [pSJ90 - pMC.BESPX-MCS2_crSJ5 (mouse nfkb1)_IRES_H2B-Clover-LoxP, +, 1480, 1502]"
pFUSE.F,TGTCCGGCGCTCCCTTGG,,,
pGL35,ATCAAAACAAAACGAAAC,,,
PIRES-A3,CGCCCTAGATGCATGCTC,,,
pIEX4R,CCCTCGATAATAAAAGAC,,,
pIRES-B5,AAAAACACGATGATAAGC,,,
pLexASeq,CGTCAGCAGAGCTTCACCATTG,,,
pLNCX23,ACCTACAGGTGGGGTCTTTCATTCCC,,,
pLIB3,AGCCCTCACTCCTTCTCTA,,,
pQCXIP3,GAATTCCGCCCCTC,,,
pLIB5,ATGGCGTTACTTAAGCTAG,,,
PolyhedronFor,AAATGATAACCATCTCGC,,,
pQEVecPromRegion,CCCGAAAAGTGCCACCTG,,,
pLNCX23-200,GGCACAGGGTCATTTCAG,,,
pSE3803,GGCATGGGGTCAGGTGGG,,,"[TK536 pB33eCPX, -, 5388, 5405], [pWT_gRNA-ompF1_sc101ts_CmR, -, 2388, 2405], [TK454 mTFP1-pBAD from addgene, -, 2772, 2789]"
pPGK,GGGAGGAGTAGAAGGTGG,,,
TriEX2197.5,GCCTTCTGGTCTGGTCCC,,,
pShuttle3,CAGGTTCAGGGGGAGGTG,,,
pShuttle5,CAGAGCTGGTTTAGTGAA,,,
pRLTK.R,CGACACGGAAATGTTGAA,,,"[pwtCas9-sc101ts, +, 686, 703], [pwtCas9-sc101ts [8343-7812], +, 686, 703], [pWT_gRNA-sc101ts, +, 2056, 2073]"
pSuperF,GGAAGCCTTGGCTTTTG,,,
pTRE5,CGCCTGGAGACGCCATCC,,,
pTRIEX-3Neo3,ACACCAGCCACCACCTTC,,,
PT3,GAGCGCAGCGAGTCAGTG,,,
pU6,TGTGGAAAGGACGAGGAT,,,
T7SELECTUP,GGAGCTGTCGTATTCCAGTC,,,
TempTest2,TGTAGGTCGTTCGCTCCAAG,,,
T7term,GCTAGTTATTGCTCAGCG,,,
TriEXUP.5,GTTATTGTGCTGTCTCATC,,,
Trplx5,AAGCGCGCCATTGTGTTG,,,
U19,GTTTTCCCAGTCACGACGT,,,
TSARD,ACCCTCATAGTTAGCGTAACG,,,
VCPSnbR,GTCCCGTTGATTTTGGTG,,,
NEW1.3a,ACCCATACGATGTTCCAGA,,,
oQE30-Rev,GTTCTGAGGTCATTACTGG,,,"[pCA24N (ASKA), -, 1025, 1043]"
NFP-650,CTGACAGAACATGCTATTGC,,,
RVprimer4,GACGATAGTCATGCCCCGCG,,,
GAL4Bnd,TCATCGCAAGAGAGTAG,,,
GAL4B3,CTGACCTACAGGAAAGAGTTAC,,,
GFP.1,TTGTGTCCAAGAATGTTT,,,
GFPForward,CGACACAATCTGCCCTTTC,,,
GFP.A,GGCAACATTCTGGGACAC,,,
INSECT-DEST39FWD,GCCGCGTTGGTAGTAGAC,,,
Neo.21,CGAAAGGGGGATGTGCTG,,,
Neo.A,ATGAGTGGGAGGAATGAG,,,
Bac2Primer,ACGCACAGAATCTAGCGCTT,,,
pASKR,CGCAGTAGCGGTAAACG,,,
pBADForward,ATGCCATAGCATTTTTATCC,,,"[pKD46, +, 1123, 1142]"
pBR3223,GCTCATGAGCCCGAAGTG,,,
PN3,CGCGTCAGCGGGTGTTGG,,,
Primer1,CATAGCTGTTTCCTGTGTGA,,,
pVR10125,CGCCACCAGACATAATAG,,,
Trplx3,CTCACTATAGGGCGAATTG,,,
U6+275,TGGAAAGGACGAAACACC,,,
LacZRev,AGGCACCCCAGGCTTTAC,,,
INSECT-DEST39REV,ATGTGGTTTCGTGGATTC,,,
Neo.C,TTAACAAAGTATGACAGG,,,
Neo-F,TGGGCACAACAGACAATC,,,"[pSJ91 - pMC.BESPX-MCS2_crSJ6 (mouse nfkb1)_IRES_H2B-Clover-LoxP, -, 5588, 5605], [pSJ73 - pMC.BESPX-MCS2, -, 1648, 1665], [pSJ90 - pMC.BESPX-MCS2_crSJ5 (mouse nfkb1)_IRES_H2B-Clover-LoxP, -, 5588, 5605], [pSJ89 - pMC.BESPX-MCS2_crSJ4 (mouse nfkb1)_IRES_H2B-Clover-LoxP, -, 5588, 5605]"
Neo-R,TGGATACTTTCTCGGCAG,,,
pCAT3proFor,CAAAACAAAACGAAACAA,,,
pCEP4Fwd,CAGAGCTCGTTTAGTGAACCG,,,
attP1,GTAAAACGACGGCCAG,,,
Bac1Primer,AACCATCTCGCAAATAAATA,,,
pRLTK.F,TGAAGGTGCCAAGAAGTT,,,
PolyhedronRev,GTCCAAGTTTCCCTG,,,
pcDNA3.1BGHRev,TAGAAGGCACAGTCGAGG,,,
pTRE2hyg.3,GTCCATGGTGATACAAGG,,,
pVR10123,AAGGACAGTGGGAGTGGC,,,
pTRE3,CCACACCTCCCCCTGAAC,,,
UBI,AGTCCACCCTGCACCTG,,,
EF-1aforward,TCAAGCCTCAGACAGTGGTTC,,,
pCAT3proRev,GAGTTAGGGGCGGGATGG,,,"[pKL634 (pLenti_X1_Blast_DE), -, 4658, 4675]"
pShuttleIRESgfpF,CTCACGGGGATTTCCAAGTC,,,
f-xa.7,GGCGAAACCCGACAGGAC,,,
N-CMV-30,AATGTCGTAATAACCCCGCCCCGTTGACGC,,,
pINDFor,CTCTGAATACTTTCAACAAGTTAC,,,
Psi.F,GGTGAAGGGCCTCCACTT,,,
3AOX,GCAAATGGCATTCTGACATCC,,,
28gIII,GTATGGGATTTTGCTAAACAAC,,,
3CMVFW,GGTCTATATAAGCAGAGC,,,
3end,GGATCGCGAAAACTGTGG,,,
3pLG112,CCATATAAATCAGCATCC,,,"[pSJ123 - pENTR: PGK_HIF1a_Bagnall et al Linker_mClover, -, 5290, 5307], [pSJ131 - pENTR: HIF1a-middle-VenusPest, -, 4130, 4147], [pSJ141 - pENTR: mouse p65 promoter_mClover-(GGGGS)x2-p50, -, 4914, 4931], [pSJ125 - pENTR: PGK_mClover_Bagnall et al Linker_HIF1a, -, 5290, 5307], [pSJ142 - pENTR: mClover-(GGGGS)x2-p50, -, 3483, 3500], [pSJ143 - pENTR: mouse p65 promoter_p50-(GGGS)x2-mClover, -, 4914, 4931]"
5AOX,GACTGGTTCCAATTGACAA,,,
5ProLar,GTGAGCGCTCACAATTATG,,,
3END2,TTGCCGTAATGAGTGACC,,,
5pLG112,TTTGAAGCATAAGAATAG,,,
Ac5Forward,GACACAAAGCCGCTCCATCAG,,,
96gIII,CCCTCATAGTTAGCGTAACG,,,
AD3-5,GCGTTTGGAATCACTACAGG,,,
AP4,CCCCTGTGAGGAACT,,,
MATCHMAKERBD3,CGTTTTAAAACCTAAGAGTCAC,,,
PJR,TTGAATATGGCTCATAACACCCCTTG,,,"[pSJ146 - pENTR: p50-middleClover (E285-V291), -, 3422, 3447]"
NEW1.3b,CTTGCGGGGTTTTTCAGTA,,,
p221F,GACGGCCAGTCTTAAGCTCGGG,,,
oQE31-III,CGGATAACAATTTCACACAG,,,"[pCA24N (ASKA), +, 139, 158]"
P119H3,CTTCCGGCTCGTATGTTG,,,
P63,CGCTTCTTCGCTATTACG,,,
pACT5,CACTTAGACGGCGAGGAC,,,
pWPTFor,CCGAGGGTGGGGGAGAAC,,,
pWPTRev,CATTAAAGCAGCGTATCC,,,
QBGFPFOR,TTGTTGAATTAGATGGTG,,,
QBGFPREV,GGGTAAGTTTTCCGTATG,,,
RseqPrimer,GATACTGGACGCGAGC,,,
RVprimer3,CTAGCAAAATAGGCTGTCCC,,,
SG53,TAAGCTGCAATAAACAAG,,,
SP6,ATTTAGGTGACACTATAG,,,
attL1.AP,CCTTTTTGCGTTTCTACA,,,"[TK441 pLenti Blast (gateway from TK427 - pENTR: mouse p65 promoter_Patl1(DNASU)-mClover_2A_H2B-mRuby2), +, 997, 1014], [pSJ102 - pENTR: mouse p65 promoter_p65-(GGGS)x2-mClover_T2A_H2B-mRuby2, +, 997, 1014], [pSJ90 - pMC.BESPX-MCS2_crSJ5 (mouse nfkb1)_IRES_H2B-Clover-LoxP, +, 341, 358], [TK552 HIF1a-middle-VenusPest_2A_H2B-mRuby, +, 759, 776], [pSJ89 - pMC.BESPX-MCS2_crSJ4 (mouse nfkb1)_IRES_H2B-Clover-LoxP, +, 341, 358], [pSJ146 - pENTR: p50-middleClover (E285-V291), +, 1021, 1038], [test pSJ97 - pENTR: HIF1a_Bagnall et al Linker_mClover_2A_H2B-mRuby, +, 995, 1012], [pSJ70 - pENTR: IRES_H2B-Clover-LoxP, +, 405, 422], [TK434 - pENTR: mouse p65 promoter_Patl1(DNASU)-mClover_2A_H2B-mRuby2 mut2, +, 997, 1014], [TK489 (pLenti Puro gateway from TK433 - pENTR: mouse p65 promoter_Patl1(DNASU)-mClover_2A_H2B-mRuby2 mut1), +, 997, 1014], ...more sites present"
BacRev2,GCTTCATCGTGTCGGGTTTA,,,
attL1,TCGCGTTAACGCTAGCATGGATCTC,,,
BaculoRev.,CAACAACGCACAGAATCTAGC,,,
BaculoFor.,TTTACTGTTTTCGTAACAGTTTTG,,,
BRDGMCSII3,GCAATTCCTTACCTTCCA,,,
BFPFor,CATGGCATGGATGAACTGTA,,,
BRDGMCSII5,TGACGTGCCTGACTATGC,,,
DuetDOWN1,GATTATGCGGCCGTGTACAA,,,
C-CMV-24,TATTAGGACAAGGCTGGTGGGCAC,,,
CON2,CAGTGTGCCGGTCTCCGT,,,
DuetUP2 Primer,TTGTACACGGCCGCATAATC,,,
EBVRev,GTGGTTTGTCCAAACTCATC,,,
FastBacFwd,GTTTTCGTAACAGTTTTG,,,
FastBacFwdB,TTCCTTCCGGTATTGTCTCC,,,
EGFP-380,AGGGCGAGGGCGATGCCACCTA,,,"[pSJ131 - pENTR: HIF1a-middle-VenusPest, +, 1826, 1847]"
FastBacRev,AGGGGGAGGTGTGGGAGG,,,
EGFP-Cnew,CATGGTCCTGCTGGAGTTCGTG,,,"[pSJ125 - pENTR: PGK_mClover_Bagnall et al Linker_HIF1a, +, 2357, 2378], [pSJ141 - pENTR: mouse p65 promoter_mClover-(GGGGS)x2-p50, +, 3265, 3286], [pSJ142 - pENTR: mClover-(GGGGS)x2-p50, +, 1834, 1855], [pSJ131 - pENTR: HIF1a-middle-VenusPest, +, 2382, 2403]"
FastBacRevB,TTTAATTCAACCCAACACAA,,,
f-xa.11,GGTCCTGCAACTTTATCC,,,
f-xa.13,GCTCATCATTGGAAAACG,,,
f-xa.15,TCTTCCCTTCCTTTCTCG,,,
f-xa.3,CGCACCAAATGACTTAGC,,,
f-xa.9,TGATCCGGCAAACAAACC,,,
f-xa.5,TCTCCAACTCCTAATCTC,,,
f-xa.C,GAACGTTTTCCAATGATG,,,
f-xa.A,GAGCCCCCGATTTAGAGC,,,
f-xa.G,AAAAACCACCGCTACCAG,,,
f-xa.N,TCAAGCTTGTCGTCATCG,,,
f-xa.E,GGAGGCGGATAAAGTTGC,,,"[pWT_gRNA-sc101ts, -, 1437, 1454], [pwtCas9-sc101ts, -, 67, 84], [pwtCas9-sc101ts [8343-7812], -, 67, 84]"
f-xa.J,TAGTCCTGTCGGGTTTCG,,,"[pSJ153 - pLenti: mouse p65 promoter_mClover-(GGGGS)x2-p50, -, 8753, 8770]"
GADREV,GTTGAAGTGAACTTGCGGGG,,,
f-xa.P,CCAAGTGGGCAGTTTACC,,,
f-xa.L,GATTAGGAGTTGGAGACC,,,
GAL4A3,ACTTGCGGGGTTTTTCAG,,,
GAL4Act,TACCACTACAATGGATG,,,
IRES.REV,TATAGACAAACGCACACC,,,
Lseqds,CTCATTAGGCGGGCTCAG,,,
LseqPrimer,ATCACGAGGCCCTTTCG,,,
LucB1,GCTCTCCAGCGGTTCCATC,,,
M13-65,AGGCGATTAAGTTGGGTA,,,
M13Rev,TCACACAGGAAACAGCTATGA,,,"[pCA24N (ASKA), +, 5067, 5087]"
M13For,GTTGTAAAACGACGGCCAGT,,,"[pCA24N (ASKA), -, 5104, 5123]"
Mal-E,GGTCGTCAGACTGTCGATGAAGCC,,,
MDXF3,TTCAGGTTCAGGGGGAGG,,,
MATCHMAKERBD5,TCATCGGAAGAGAGTAG,,,
MDXF5,TGCTGTTAACGGTGGAGG,,,
Mono.F,TCTTAGCGGTTCAAAGGT,,,
Mono.R,CCCACGGCCGTCATGCTC,,,
MT-Upstream,CAGCAGCAAAATCAAGTG,,,
Neo.11,TGTTGTGCCCAGTCATAG,,,
Neo.15,GGCGATAGAAGGCGATGC,,,"[pSJ73 - pMC.BESPX-MCS2, +, 960, 977], [pSJ89 - pMC.BESPX-MCS2_crSJ4 (mouse nfkb1)_IRES_H2B-Clover-LoxP, +, 4900, 4917], [pSJ90 - pMC.BESPX-MCS2_crSJ5 (mouse nfkb1)_IRES_H2B-Clover-LoxP, +, 4900, 4917], [pSJ91 - pMC.BESPX-MCS2_crSJ6 (mouse nfkb1)_IRES_H2B-Clover-LoxP, +, 4900, 4917]"
Neo.13,GCTGACCGCTTCCTCGTG,,,"[pSJ73 - pMC.BESPX-MCS2, -, 1009, 1026], [pSJ89 - pMC.BESPX-MCS2_crSJ4 (mouse nfkb1)_IRES_H2B-Clover-LoxP, -, 4949, 4966], [pSJ90 - pMC.BESPX-MCS2_crSJ5 (mouse nfkb1)_IRES_H2B-Clover-LoxP, -, 4949, 4966], [pSJ91 - pMC.BESPX-MCS2_crSJ6 (mouse nfkb1)_IRES_H2B-Clover-LoxP, -, 4949, 4966]"
Neo.17,GCACGAGGAAGCGGTCAG,,,
Neo.23,TGAAGCGTGCGAGAATGC,,,
Neo.25,CGTCCTGCAGTTCATTCA,,,
Neo.19,AAGCGGCCGGAGAACCTG,,,
Neo.5,GATCTATAGATCTCTCGTGG,,,
pCEPR,GTGTACGGTGGGAGGTCTA,,,
pCEPF,GCATTCTAGTTGTGGTTTG,,,
pCIN43,GAGTACTCACCCCAACAG,,,
pCLXSN3,GGGGCGGGACTATGGTTG,,,
pCLXSN5,CCCCTACATCGTGACCTG,,,
PCMV5R,GCACTGGGGAGGGGTCAC,,,
PCMV5F,ATGGGCGGTAGGCGTGTA,,,
pCMVFOR,GATCCGGTACTAGAGGAACTGAAAAAC,,,
pCpG5,ACCTTCTTCTCTTTCCTC,,,
pcWIN2,ATCGATGCTTAGGAGGTC,,,
pSE3805,GGCTCGTATAATGTGTGG,,,
VCPSnbF,CGGTAAACTGCCCACTTG,,,
Vec2F,GTCCCATTCGCCATTCAG,,,
Vec2R,GCAGCACATCCCCCTTTC,,,
VectorPrimer3,GCAGAGCTCGTTTAGTGAA,,,
YEp245,CCAGTCCTGCTCGCTTCG,,,
PFLU-UP,CCCCTGCTATTCTGCTCAACCTTC,,,
pGL33,CCAGCGGTTCCATCTTCC,,,
pGEX5,GGGCTGGCAAGCCACGTTTGGTG,,,
pIRES23,ACACCGGCCTTATTCCAA,,,
pFUSE.R,CCACGCATGTGACCTCAG,,,
pIEX4F,TGTTGGATATTGTTTCAG,,,
PJF,GCGAGAGTAGGGAACTGCCAGGCATC,,,"[TK361 pLenti Puro (gateway from TK354 pENTR truncmutFoxo-mCerulean3-P2Av3-ERK-mRuby2-P2Amod-H2B-iRFP670), +, 6229, 6254], [TK383 pENTR H2B-mCerulean3-E2-V5-HSV-P2A-NWS-Gap43-E-Clover-NES without extra spaces before H2B, +, 78, 103], [KB001 NEMO clover, +, 78, 103], [cand, +, 595, 620], [TK308 pENTR mutFoxo-Clover-P2Av3-ERK-iRFP670-H2B-2A-mRuby2, +, 5665, 5690], [TK309 pLenti pGK Blast (gateway from TK308 pENTR mutFoxo-Clover-P2Av3-ERK-iRFP670-H2B-2A-mRuby2)), +, 3033, 3058], [TK432 pLenti CMV Blast (gateway from TK291 pENTR ERK-iRFP670-2A-H2B-mRuby2), +, 595, 620], [TK339 pENTR mutp53-Clover (EGFP?)-2A-H2B-iRFP670 L25Q/W26S/F53Q/F54S, +, 595, 620], [TK302 pENTR GFP-GSK3MAPK-H2B-2A-mRuby2, +, 595, 620], [TK358 pENTR mCerulean3-MK2-P2Av3-ERK-mRuby2-P2Amod-H2B-iRFP670, +, 6319, 6344], ...more sites present"
PM3,ATGTGGTATGGCTGATTATG,,,
PMYR3,CTTCCTTTTCGGTTAGAG,,,
pJT4-5.5,GTTAACGATACCAGCCTC,,,
pNTZ-3SEQ,CAGCAGCGCCAGGTCAGC,,,
Psi.R,TTCGTTCCTTCCCCCTCC,,,
pShuttleIRESgfpR,ATGCAGTCGTCGAGGAATTG,,,
pUAST5,GCATGTCCGTGGGGTTTG,,,
pSuperR,CGAACGCTGACGTCATC,,,
pUAST3,CATCAGTTCCATAGGTTG,,,"[pSJ140: pGL2: HRE-mCherry, +, 767, 784], [pSJ139: pGL2: HRE-luciferase, +, 767, 784]"
attP2,CAGGAAACAGCTATGAC,,,
BACreverse,CTGTAAATCAACAACGCACAG,,,
