prJS9,aacGGTGGATCTGGCGGATCAatggtgagcaagggcgag,,,"[pSJ159 - pENTR: HIF1a_Bagnall et al Linker_mClover, +, 3735, 3770], [pJS3 HIF1a-GGSGGS_Linker-mClover, +, 3681, 3698]"
prJS29,gatcaccgcgcttgagagctaaGCCTaaGCGGCCGCACTC,,,"[pJS14 pSJ173 pENTR CMV-HIF1a-H2B-miRFP670, +, 6544, 6561], [pSJ173 - pENTR: CMV_trHIF1aL795A_middle-mNeonGreen-PEST_2A_H2B-mRuby, +, 6288, 6327], [pJS13 pSJ173 pENTR CMV-HIF1a-NLS-miRFP670, +, 6163, 6180]"
prJS24,agaggcatgacctgctaccatactagttccggatgagctgccg,,,"[pJS14 pSJ173 pENTR CMV-HIF1a-H2B-miRFP670, -, 5574, 5595], [pSJ173 - pENTR: CMV_trHIF1aL795A_middle-mNeonGreen-PEST_2A_H2B-mRuby, -, 5574, 5603]"
prJS36,TATCCTCCTCGCCCTTGCTCACCATAGCCTGCTTTTTTGTACAAAGTTG,,,"[pJS15 mNeonGreen MOTS-c, -, 434, 457]"
prJS23,atggacccaAAAAAGAAGCGGA,,,"[pJS13 pENTR CMV-HIF1a-NLS-miRFP670, +, 4226, 4247], [pJS13 pSJ173 pENTR CMV-HIF1a-NLS-miRFP670, +, 5164, 5185], [pJS11 pENTR NLS-miRFP670, +, 515, 536]"
prJS7,CCCTGGACCTatggacccaAAAAAGAAGCGGAA,,,"[pJS2 Hif1a-NLS-mKO2, +, 5789, 5811], [pJS2 Hif1a-NLS-mKO2, +, 5789, 5811], [TK551 pENTR NLS-mKO2, +, 509, 537], [pJS8 JS2 with CMV instead of EF-1a, +, 5162, 5184], [pJS9 pENTR CMV-HIF1a-NLS-miRFP670, +, 5215, 5237], [pJS11 pENTR NLS-miRFP670, +, 509, 537]"
prJS8,CCGCttAGGCGCTATGAGCTACTGCATCTTCTACC,,,"[pJS2 Hif1a-NLS-mKO2, -, 6469, 6493], [pJS2 Hif1a-NLS-mKO2, -, 6469, 6493], [pJS8 JS2 with CMV instead of EF-1a, -, 5842, 5866], [TK551 pENTR NLS-mKO2, -, 1195, 1219]"
prJS6,TtgggtccatAGGTCCAGGGTTCTCCTCCAC,,,"[pJS2 Hif1a-NLS-mKO2, -, 5768, 5788], [pJS10 pENTR CMV-HIF1a-H2B-miRFP670, -, 5194, 5214], [TK679 pENTR EF1 trHIF1aL792A-middle-mNGPest_2A_H2B-mRuby, -, 5768, 5791], [pJS2 Hif1a-NLS-mKO2, -, 5768, 5788], [pJS8 JS2 with CMV instead of EF-1a, -, 5141, 5161]"
prJS5,AGCTCATAGCGCCTaaGCGGCCGCACTC,,,"[pJS2 Hif1a-NLS-mKO2, +, 6494, 6511], [TK679 pENTR EF1 trHIF1aL792A-middle-mNGPest_2A_H2B-mRuby, +, 6935, 6952], [pJS10 pENTR CMV-HIF1a-H2B-miRFP670, +, 6595, 6612], [pJS9 pENTR CMV-HIF1a-NLS-miRFP670, +, 6214, 6231], [pJS2 Hif1a-NLS-mKO2, +, 6494, 6511], [pJS8 JS2 with CMV instead of EF-1a, +, 5867, 5884]"
prJS42,CCGGAACCttctgtgtcatcgctgccaaaatccagagagatg,,,"[pSJ185 - pENTR: mCMV_trHIF1aL795A-middle-mNeonGreenPEST_2A_H2B-mRuby with 397A and 400A lysine mutations, -, 2688, 2709], [pSJ185 - pENTR: mCMV_trHIF1aL795A-middle-mNeonGreenPEST_2A_H2B-mRuby with 397A and 400A lysine mutations, -, 2688, 2709], [gSJ4, -, 309, 349]"
prJS41,ttcagcacgacttgattttctcccttcaacaaacagaatctgtg,,,"[pSJ185 - pENTR: mCMV_trHIF1aL795A-middle-mNeonGreenPEST_2A_H2B-mRuby with 397A and 400A lysine mutations, +, 2521, 2544], [gSJ4, +, 122, 165], [pSJ185 - pENTR: mCMV_trHIF1aL795A-middle-mNeonGreenPEST_2A_H2B-mRuby with 397A and 400A lysine mutations, +, 2521, 2544]"
prJS39,tctctctggattttggcagcgatgacacagaaGGTTCCGG,,,"[pSJ185 - pENTR: mCMV_trHIF1aL795A-middle-mNeonGreenPEST_2A_H2B-mRuby with 397A and 400A lysine mutations, +, 2710, 2729], [pSJ185 - pENTR: mCMV_trHIF1aL795A-middle-mNeonGreenPEST_2A_H2B-mRuby with 397A and 400A lysine mutations, +, 2710, 2729]"
prJS40,gattctgtttgttgaagggagaaaatcaagtcgtgctgaataatac,,,"[pSJ185 - pENTR: mCMV_trHIF1aL795A-middle-mNeonGreenPEST_2A_H2B-mRuby with 397A and 400A lysine mutations, -, 2495, 2520], [pSJ185 - pENTR: mCMV_trHIF1aL795A-middle-mNeonGreenPEST_2A_H2B-mRuby with 397A and 400A lysine mutations, -, 2495, 2520]"
prJS54,ggcagctggagccagCTTGTACAGCTCGTCCATGCCC,,,"[pSJ195 - pENTR: EF-1a_mNeonGreenPEST_HIF1aODD-NLS_2A_NLS-miRFP670-NLS, -, 2767, 2794], [pJS33 - pENTR: mCMV_mNeonGreen_HIF1aODD-NLS_2A_NLS-miRFP670-NLS, -, 2151, 2178], [pSJ194 - pENTR: mCMV_mNeonGreenPEST_HIF1aODD-NLS_2A_NLS-miRFP670-NLS, -, 2151, 2178], [pSJ196 - pENTR: EF-1a_mNeonGreenPEST_HIF1aODD-NLS_IRES_NLS-miRFP670-NLS, -, 2767, 2794], [pJS25 - pENTR: EF-1a_mNeonGreenPEST_HIF1aODD-NLS_IRES_NLS-mRuby-NLS, -, 2767, 2794], [pJS34 - pENTR: EF-1a_mNeonGreen_HIF1aODD-NLS_2A_NLS-miRFP670-NLS, -, 2767, 2794], [pJS35 - pENTR: EF-1a_mNeonGreen_HIF1aODD-NLS_IRES_NLS-miRFP670-NLS, -, 2767, 2794], [pJS36 - pENTR: mCMV_mNeonGreen_HIF1aODD-NLS_2A_NLS-mRuby-NLS, -, 2151, 2172], [pJS37 - pENTR: EF-1a_mNeonGreen_HIF1aODD-NLS_2A_NLS-mRuby-NLS, -, 2767, 2803]"
prJS53,GCATGGACGAGCTGTACAAGctggctccagctgccgg,,,"[pSJ195 - pENTR: EF-1a_mNeonGreenPEST_HIF1aODD-NLS_2A_NLS-miRFP670-NLS, +, 2905, 2931], [pJS37 - pENTR: EF-1a_mNeonGreen_HIF1aODD-NLS_2A_NLS-mRuby-NLS, +, 2769, 2805], [pJS35 - pENTR: EF-1a_mNeonGreen_HIF1aODD-NLS_IRES_NLS-miRFP670-NLS, +, 2905, 2931], [pJS36 - pENTR: mCMV_mNeonGreen_HIF1aODD-NLS_2A_NLS-mRuby-NLS, +, 2173, 2189], [pSJ194 - pENTR: mCMV_mNeonGreenPEST_HIF1aODD-NLS_2A_NLS-miRFP670-NLS, +, 2289, 2315], [pSJ196 - pENTR: EF-1a_mNeonGreenPEST_HIF1aODD-NLS_IRES_NLS-miRFP670-NLS, +, 2905, 2931], [pJS25 - pENTR: EF-1a_mNeonGreenPEST_HIF1aODD-NLS_IRES_NLS-mRuby-NLS, +, 2905, 2931], [pJS33 - pENTR: mCMV_mNeonGreen_HIF1aODD-NLS_2A_NLS-miRFP670-NLS, +, 2289, 2315], [pJS34 - pENTR: EF-1a_mNeonGreen_HIF1aODD-NLS_2A_NLS-miRFP670-NLS, +, 2905, 2931]"
prJS2,GCCGGAACCttctgtgtcat,,,"[pJS1 HIF1a-middle-Clover, -, 1709, 1728], [JS1 HIF1a-middle-Clover, -, 1709, 1728]"
prJS4,tgatcttcagtTCCTGAGCCggcggcggtcacgaactc,,,"[pJS1 HIF1a-middle-Clover, -, 2395, 2412], [JS1 HIF1a-middle-Clover, -, 2395, 2412], [TK283 pENTR mouse p50-Clover, -, 3504, 3521]"
prJS3,atgacacagaaGGTTCCGGCatggtgagcaagggcgagga,,,"[pJS1 HIF1a-middle-Clover, +, 1729, 1748], [JS1 HIF1a-middle-Clover, +, 1729, 1748], [TK283 pENTR mouse p50-Clover, +, 2838, 2857]"
prJS11,GGTGGATCTGGCGGATCAatggagggcgccggcg,,,"[pJS4 mClover-GGSGGS_Linker-HIF1a, +, 1857, 1872], [pSJ160 - pENTR: mClover_Bagnall et al Linker_HIF1a, +, 1911, 1944], [pSJ160 - pENTR: mClover_Bagnall et al Linker_HIF1a, +, 1251, 1263], [pSJ160 - pENTR: mClover_Bagnall et al Linker_HIF1a, +, 1927, 1944]"
prJS10,TGATCCGCCAGATCCACCgttaacttgatccaaagctctgagtaattc,,,"[pJS3 HIF1a-GGSGGS_Linker-mClover, -, 3633, 3662], [pSJ159 - pENTR: HIF1a_Bagnall et al Linker_mClover, -, 3633, 3663]"
prJS12,catTGATCCGCCAGATCCACCggcggcggtcacgaact,,,"[pJS4 mClover-GGSGGS_Linker-HIF1a, -, 1822, 1838], [pSJ160 - pENTR: mClover_Bagnall et al Linker_HIF1a, -, 1822, 1839], [pSJ160 - pENTR: mClover_Bagnall et al Linker_HIF1a, -, 1822, 1839]"
prJS20,CGCttAGGCttagctctcaagcgcggtg,,,"[ppe021, -, 1920, 1944], [pJS9 pENTR CMV-HIF1a-NLS-miRFP670, -, 6195, 6213]"
prJS19,AAACGCAAGGTGatggtagcaggtcatgcctct,,,"[ppe021, +, 991, 1011], [pJS9 pENTR CMV-HIF1a-NLS-miRFP670, +, 5266, 5286]"
prJS22,CCGCttAGGCttagctctcaagcgcggtg,,,"[ppe021, -, 1920, 1948], [pJS10 pENTR CMV-HIF1a-H2B-miRFP670, -, 6576, 6594]"
prJS21,ACCCTGGACCTatgccagagccagcgaag,,,"[ppe021, +, 549, 576], [pJS10 pENTR CMV-HIF1a-H2B-miRFP670, +, 5215, 5232]"
prJS18,gctaccatCACCTTGCGTTTCTTCTTAGGATCGA,,,"[pJS8 JS2 with CMV instead of EF-1a, -, 5187, 5217], [pJS9 pENTR CMV-HIF1a-NLS-miRFP670, -, 5240, 5265]"
prJS16,ccatGGTGGAtcACtgacggttcactaaacg,,,"[pSJ165 - pENTR: CMV_HIF2a, -, 1647, 1676], [pJS8 JS2 with CMV instead of EF-1a, -, 1427, 1447]"
prJS15,AGGCTtcgagcgttacataacttacggtaaatggc,,,"[pSJ165 - pENTR: CMV_HIF2a, +, 1134, 1163], [pJS8 JS2 with CMV instead of EF-1a, +, 919, 943]"
prJS27,atggtagcaggtcatgcctct,,,"[pJS11 pENTR NLS-miRFP670, +, 566, 586], [pJS14 pSJ173 pENTR CMV-HIF1a-H2B-miRFP670, +, 5596, 5616], [ppe021, +, 991, 1011]"
prJS26,agaggcatgacctgctaccatCACCTTGCGTTTCTTCTTAGG,,,"[TK551 pENTR NLS-mKO2, -, 545, 570], [pJS11 pENTR NLS-miRFP670, -, 545, 565]"
prJS30,TCCGCTTCTTTTTtgggtccatAGGTCCAGGGTTCTCCTCCAC,,,"[pJS13 pSJ173 pENTR CMV-HIF1a-NLS-miRFP670, -, 5143, 5163], [pSJ173 - pENTR: CMV_trHIF1aL795A_middle-mNeonGreen-PEST_2A_H2B-mRuby, -, 5143, 5166]"
prJS35,GGAGGAGATGGGTTACATTTTTCTGACCCAGCTTTCTTGTACAAAGTT,,,"[pJS15 mNeonGreen MOTS-c, +, 1214, 1236]"
prJS13,ccgtcaGTgaTCCACCatggagggcgc,,,"[pJS8 JS2 with CMV instead of EF-1a, +, 1448, 1464]"
prJS17,tgagagctaaGCCTaaGCGGCCGCACTC,,,"[pJS10 pENTR CMV-HIF1a-H2B-miRFP670, +, 6595, 6612], [pJS8 JS2 with CMV instead of EF-1a, +, 5867, 5884], [pJS9 pENTR CMV-HIF1a-NLS-miRFP670, +, 6214, 6231]"
prJS14,ttatgtaacgctcgaAGCCTGCTTTTTTGTACAAA,,,"[pJS8 JS2 with CMV instead of EF-1a, -, 894, 918]"
prJS32,gctctggcatAGGTCCAGGGTTCTCCTCCAC,,,"[pJS8 JS2 with CMV instead of EF-1a, -, 5141, 5164], [pJS10 pENTR CMV-HIF1a-H2B-miRFP670, -, 5194, 5214]"
prJS38,CAGAAAAATGTAACCCATCTCCTCC,,,"[pJS15 mNeonGreen MOTS-c, -, 1189, 1213]"
prJS28,ttagctctcaagcgcggtg,,,"[ppe021, -, 1920, 1938], [pJS13 pSJ173 pENTR CMV-HIF1a-NLS-miRFP670, -, 6144, 6162], [pJS11 pENTR NLS-miRFP670, -, 1495, 1513], [pJS14 pSJ173 pENTR CMV-HIF1a-H2B-miRFP670, -, 6525, 6543], [pJS14 pSJ173 pENTR CMV-HIF1a-H2B-miRFP670, -, 6525, 6543]"
prJS25,acaccgcgcttgagagctaataaAGATCTCGAGCTCAAGCTT,,,"[TK551 pENTR NLS-mKO2, +, 1220, 1241], [pJS11 pENTR NLS-miRFP670, +, 1514, 1535]"
prJS33,ACGCAAGGTGatggtagcaggtcatgcctct,,,"[pJS11 pENTR NLS-miRFP670, +, 566, 586]"
prJS34,GAGATCTttattagctctcaagcgcggtg,,,"[pJS11 pENTR NLS-miRFP670, -, 1495, 1513]"
prJS31,tcaccgcgcttgagagctaataaAGATCTCGAGCTCAAGCTT,,,"[pJS11 pENTR NLS-miRFP670, +, 1514, 1535]"
prJS50,agaagccatagagcccggg,,,"[Copy of pJS31 - pENTR: 5HRE/GFP, -, 2381, 2399], [pJS31 - pENTR: 5HRE/GFP, -, 2381, 2399]"
prJS49,tcgagccacagtgcatacgt,,,
prJS47,ggcccgggctctatggcttctCGCACTCGAGATATCTAGACC,,,"[Copy of pJS31 - pENTR: 5HRE/GFP, +, 2400, 2420], [pJS31 - pENTR: 5HRE/GFP, +, 2400, 2420]"
prJS48,ccacgtatgcactgtggctcgaAGCCTGCTTTTTTGTACAAAGT,,,
prJS44,CTCTTCGCCCtTAGACACCATCACTTTGCGCTTTTTCTTTG,,,"[pJS22 pJS20+DEST7, -, 5393, 5412], [pJS33 - pENTR: mCMV_mNeonGreen_HIF1aODD-NLS_2A_NLS-miRFP670-NLS, -, 3032, 3059], [pJS36 - pENTR: mCMV_mNeonGreen_HIF1aODD-NLS_2A_NLS-mRuby-NLS, -, 2906, 2946], [pJS25 - pENTR: EF-1a_mNeonGreenPEST_HIF1aODD-NLS_IRES_NLS-mRuby-NLS, -, 4158, 4198], [pJS28 - pLENTI: DEST7-EF-1a_mNeonGreenPEST_HIF1aODD-NLS_IRES_NLS-mRuby-NLS, -, 7988, 8028], [pJS20 - pENTR: EF-1a_mNeonGreenPEST_HIF1aODD-NLS_2A_NLS-mRuby-STOP-NLS, -, 3648, 3667], [pJS35 - pENTR: EF-1a_mNeonGreen_HIF1aODD-NLS_IRES_NLS-miRFP670-NLS, -, 4158, 4185], [pJS21 - pENTR: EF-1a_mNeonGreenPEST_HIF1aODD-NLS_IRES_NLS-mRuby-STOP-NLS, -, 4158, 4177], [pJS37 - pENTR: EF-1a_mNeonGreen_HIF1aODD-NLS_2A_NLS-mRuby-NLS, -, 3522, 3562], [pJS19 - pENTR: mCMV_mNeonGreenPEST_HIF1aODD-NLS_2A_NLS-mRuby-STOP-NLS-, -, 3032, 3051], ...more sites present"
prJS45,ggatggacgagctgtacaagCCAAAAAAGAAAAGAAAGGTCAA,,,"[pJS28 - pLENTI: DEST7-EF-1a_mNeonGreenPEST_HIF1aODD-NLS_IRES_NLS-mRuby-NLS, +, 8699, 8741], [pJS23 - pENTR: mCMV_mNeonGreenPEST_HIF1aODD-NLS_2A_NLS-mRuby-NLS, +, 3743, 3785], [pJS35 - pENTR: EF-1a_mNeonGreen_HIF1aODD-NLS_IRES_NLS-miRFP670-NLS, +, 5103, 5145], [pJS24 - pENTR: EF-1a_mNeonGreenPEST_HIF1aODD-NLS_2A_NLS-mRuby-NLS, +, 4359, 4401], [pJS36 - pENTR: mCMV_mNeonGreen_HIF1aODD-NLS_2A_NLS-mRuby-NLS, +, 3617, 3659], [pJS37 - pENTR: EF-1a_mNeonGreen_HIF1aODD-NLS_2A_NLS-mRuby-NLS, +, 4233, 4275], [pJS33 - pENTR: mCMV_mNeonGreen_HIF1aODD-NLS_2A_NLS-miRFP670-NLS, +, 3977, 4019], [pJS34 - pENTR: EF-1a_mNeonGreen_HIF1aODD-NLS_2A_NLS-miRFP670-NLS, +, 4593, 4635], [pJS25 - pENTR: EF-1a_mNeonGreenPEST_HIF1aODD-NLS_IRES_NLS-mRuby-NLS, +, 4869, 4911]"
prJS51,cggtaccgagcttttctcgag,,,"[pJS31 - pENTR: 5HRE/GFP, +, 914, 934], [Copy of pJS31 - pENTR: 5HRE/GFP, +, 914, 934], [5HRE/GFP, +, 1789, 1809], [pJS29 - 5HRE/GFP, +, 1789, 1809]"
prJS52,ctcgagaaaagctcggtaccgAGCCTGCTTTTTTGTACAAAGT,,,"[Copy of pJS31 - pENTR: 5HRE/GFP, -, 892, 913], [pJS31 - pENTR: 5HRE/GFP, -, 892, 913]"
prJS43,ggatggacgagctgtacaagTAACCAAAAAAGAAAAGAAAGGTCAA,,,"[pJS21 - pENTR: EF-1a_mNeonGreenPEST_HIF1aODD-NLS_IRES_NLS-mRuby-STOP-NLS, +, 4892, 4914], [pJS20 - pENTR: EF-1a_mNeonGreenPEST_HIF1aODD-NLS_2A_NLS-mRuby-STOP-NLS, +, 4382, 4404], [pJS19 - pENTR: mCMV_mNeonGreenPEST_HIF1aODD-NLS_2A_NLS-mRuby-STOP-NLS-, +, 3766, 3788], [pJS22 pJS20+DEST7, +, 6127, 6149]"
prJS1,GGCTCAGGAactgaagatcaaca,,,"[pSJ205 - pLenti: mCMV_trHIF1aL795A-middle-mNeonGreen_2A_H2B-mRuby, +, 5183, 5205], [JS1 HIF1a-middle-Clover, +, 2413, 2435], [pJS1 HIF1a-middle-Clover, +, 2413, 2435], [pSJ206 - pLenti: mCMV_UTR_trHIF1aL795A-middle-mNeonGreenPEST_IRES_H2B-mRuby, +, 5574, 5596], [pJS13 pSJ173 pENTR CMV-HIF1a-NLS-miRFP670, +, 3556, 3578]"
