KL1034,catcgggggatcccggagttcatgcgtg,,,"[pKL541, +, 3191, 3218], [pKL466, +, 1362, 1389], [pKL545, +, 1230, 1257]"
KL1035,GCATGCAAGCTTAATGCGGTAG,,,
KL1038,GACCCGTTCTAAAGCCATCC,,,
KL1036,ATTTAAGAAGGAGATATACATATGGTGAGTAAAGGGGAAGAACTGTTTAC,,,
KL1037,ATAAACTACCGCATTAAGCTTGCATGCTTACTTGTACAGTTCGTCCATCC,,,
KL1039,GGATGACGATGAGCGCATTG,,,
KL1041,ggctaagatctacagctgcc,,,"[pDest_tetON_Casp11-mCherry_Puro, -, 7324, 7343], [pKL634 (pLenti_X1_Blast_DE), -, 5364, 5383]"
KL1040,ggAATTCTGCAGATATCCGG,,,"[pKL634 (pLenti_X1_Blast_DE), +, 4426, 4445]"
KL18,GTCACAAAAGGAAACTCACCCTAAC,,,
KL3/FWD-pGK-H2B_MC101,CGGGATCCACCGGCCGGTCGCCACCccacggggttggggttgcgccttttc,,,
KL231,cactgcgtaccccaggaa,,,
KL221,GTGAAGGAGAAGGCAATCCG,,,"[pSJ9 - PiggyBac: PGK_ddGFP-A-NLS_2A_JNKKTR-ddGFP-B_2A_H2B-mRuby, +, 4117, 4136]"
KL200,GAAGGATGCCCAGAAGGTAC,,,
KL186,GTCTAGATCCGGTGGATCCC,,,
KL164,TCATTTTCGCCAGATATCGACGTCTTTGTGCAATATTCTCCAGCCAGGGG,,,
KL138,CTAGTATTTCTCCTCTTTCTCTCTAGTAAACCCGGATTCTCTATAGTGAC,,,
KL126,gggtaacgaagagcgtgttg,,,
KL111,tacccactttacccggtttg,,,
KL80,tGCATGGCCCTCGAGTTCAAttcaagagaAACTTGAGCTCCCGGTACGttttttc,,,
KL612,CCAATTCAGTCGACTGGATC,,,"[pPE012 (pENTR-pTRE-mClover-parB), +, 467, 486], [pPE025 pENTR-FLEX-tdTomatoRev, +, 467, 486], [pKL564, +, 798, 817], [pPE026 (pENTR-seqA-Linker-mClover), +, 467, 486], [pPE010 (pENTR-pUB-mClover-parB), +, 467, 486], [pPE006 (pENTR-mClover-parB), +, 467, 486], [pPE021 (pENTR-H2B-miRFP670), +, 467, 486], [pPE006 (pENTR-mClover-parB), +, 467, 486], [pPE017 (pENTR-pTRE3G-mClover-parB), +, 467, 486], [pPE010 (pENTR-pUB-mClover-parB), +, 467, 486], ...more sites present"
KL596,cctcgcccttgctcaccatggtggctcagtgaaaaggagggtgcc,,,
KL559,CATTTTCGCCAGATATCGACGTCTaGCTCGGTACCCGGGGATCCT,,,
KL546,AGACACCATCTAGTAtttctcctctttaatCTCTCTAGTAgctagcatag,,,
KL530,gtgctgccggtgccatgccccatgttCTCCTTGGAGGCCATGTAGG,,,
KL475,GCAAAtctACTGTTGTTGTCCATGGACGCAGCTCTTCTCCGGGGTGAtctTCCGCTcctG,,,
KL444,ggccgcgcagcctgtcagtcGCCACcATGGCCGAAGCGCCCCAGGTG,,,
KL426,TGGATAAGGGCGACAGCAACTTCAAGAGAGTTGCTGTCGCCCTTATCCTTTTTTC,,,
KL411,CAGCCGAGGAAATGTTCGTC,,,
KL402,caccgacctctctccccaggGCCACcATGGCAGAGGCACCGGCTTC,,,
KL21,tcgagaaaaaaCGACCCACCAGAAACACATtctcttgaaTACACAAAGACCACCCAGCa,,,
KL5/Rev-mPp65-mp65mRuby,CTAGATATCTCGAGTGCGGC,,,
KL225,AGGAACCAATTCAGTCGACTGGAtcgacggtaccgcgggcccggg,,,
KL215,GTACAAGAAAGCTGGGTCTAGGCGGCTAGATATCTCGAGTGCGGC,,,
KL201,cggccagctaagcctcgactag,,,
KL184,cggcagcaccggcagcggcagctccATGGAAGGGAGAGGACCCTAC,,,
KL166,CTCATTTTCGCCAGATATCGACGTCTTCGCCGGTCGATGACAACACGGGC,,,
KL139,CTAGTATTTCTCCTCTTTCTCTCTAGTATATTCTGCTCCAATTGTGATG,,,
KL124,gattgtcgcgcagaaaaag,,,
KL109,tacaccctgcccgacaac,,,
KL548,AGACACCATCTAGTAtttctcctctttaatCTCTCTAGTAgctagcatta,,,
KL529,caccgacctctctccccaggGCCACcATGGTGAAGGTCGGTGTGAAC,,,
KL514,taccgttcgtatagcatacattatacgaagttatCGAGAGCAGGTGCGCGACTC,,,
KL501,CGGCGGGAAGCCATGGCTAAGggcggcggtcacgaactccag,,,
KL484,CACATGCCAGTGACGACTAC,,,
KL466,CTTCATTCTGCACTCGAATAAActgGCTGTGAAGGGACAGATTGTG,,,
KL443,ACCTGGGGCGCTTCGGCCATgGTGGCgactgacaggctgcgcggccaatg,,,
KL427,TCGAGAAAAAAGGATAAGGGCGACAGCAACTCTCTTGAAGTTGCTGTCGCCCTTATCCA,,,
KL410,GATATCTCGAGTGCGGCCGCcctgcattaggcggcggtcacgaactc,,,
KL397,cggcagcaccggcagcggcagctccATGGCAGAGGCACCGGCTTC,,,
KL384,TGTAATCCAGAGGTTGATTATCGGGttaggcggcggtcacgaactc,,,
KL351,GCTAAACATGCTTCATCGTCGG,,,
KL334,CGAGAGCAGGTGCGCGACTC,,,
KL318,GACATCATGGCAGAAGTGTG,,,
KL302,GGTCTAGATATCTCGAGTGCGGCCGCTCActgtgcaagaattttaattag,,,
KL289,cgaatcaccgacctctctccccaggTCTAGACCTGACCATGGACG,,,
KL275,tGTTCCACCTTCATCTTTCAttcaagagaTGAAAGATGAAGGTGGAACttttttc,,,
KL261,GCATCCTGGAGTCAGAGATC,,,
KL655,cgatcctggttagtccaccc,,,
KL748,ctctctccccagggggatccaccggATGGCTTGTGCCCGTC,,,
KL13,acgaagttattaggtccctcgacgaattcTTAATTAAGCTTGTGCCCCAG,,,
KL226,TACAAGAAAGCTGGGTCTAGATATCGCGGCCGCgctagaattgaa,,,
KL216,tgctcttgtccagtctactcatggtGGCggaagcttgggctgcaggtc,,,
KL202,ggtggatccccgggtaccgag,,,
KL182,AGATCTCGAGCTCAAGCTTC,,,
KL176,CGTCTCATTTTCGCCAGATATCGACGTCTaGCTCGGTACCCGGGGATCC,,,
KL158,TCATTTTCGCCAGATATCGACGTCTATTAAAAGCCATACAAGACTGATGG,,,
KL140,CTAGTATTTCTCCTCTTTCTCTCTAGTATGTGCAATATTCTCCAGCCAGG,,,
KL123,tggcattttctgccattg,,,
KL107,gcgcgaccagcttaaatagt,,,
KL78,tGAAGGCCACAGCTATTTCAttcaagagaACTTTATCGACACCGGAAGttttttc,,,
KL590,GCTCGAGATCCAGTCGACTG,,,"[pSJ7 - pENTR: PGK_H2B-Clover-LoxP_2A_PuroTK-LoxP, -, 438, 457]"
KL550,AGACACCATCTAGTActttcctgtgtgaCTCTCTAGTAgctagcactata,,,
KL537,CCTACCCGGTAGAATTTCGAGGTCGACtaccgttcgtataatgtatgctatacgaagttatCTACACATTGATCCTAGCAG,,,
KL472,GCAAActgACTGTTGTTGTCCATGGACGCAGCTCTTCTCCGGGGTGActgTCCGCTctgG,,,
KL441,gactgacaggctgcgcggccaatg,,,
KL772,GCAAGCCCTTCAGTGACATC,,,
KL14,GAGCAGCTGAAGCTTcccggggccGCCACCATGAGCGAGCTGATTAAG,,,
KL1/FWD-mPp65-mp65mRuby_MC101,CGGGATCCACCGGCCGGTCGCCACCattatcgactcttaactgatgggcc,,,
KL234,acggcagcgaaaatactgtt,,,
KL212,atcacttttttcaattctagcgcggaattctaccgggtaggggag,,,
KL195,GTCTAGATATCTCGAGTGCGGCCGCgctagaattgaaaaaagtga,,,
KL178,GGTGGCGGCGACCGGCCGGT,,,
KL172,GTATTTCTCCTCTTTCTCTCTAGTAATTGTGATGTTTGTTGTTTTAAC,,,
KL136,CTAGGGTACGGGTTTTGCTG,,,
KL119,aatcccgactctttattcactacg,,,
KL82,tGCAGGTAAAGATCTTTGAAttcaagagaAAGTTTCTAGAAATGGACGttttttc,,,
KL584,ttcggtgccatctctaaagg,,,
KL555,AGACACCATCTAGTAtttcccctctttCTCTCTAGTAgctagcactatac,,,
KL 538,GGGGAAACAGATCGTCCATGGTCAGGTCTAGA,,,
KL474,TTGCTGTGGGACCCAGGACTCGCAGGCCActgAGAAAACTGAGACCCAGGGCTGTCTCCA,,,
KL442,CGGGATCCACCGGCCGGTCGCCACCggttgttctttgtggtcctg,,,
KL428,CTCACATGCCAGTGACGACTACGAGGCGTGGGCTGACTTC,,,
KL415,GATGGGCTCAATCTCGCATC,,,
KL395,cggcagcaccggcagcggcagctcaATGGCTGCGAAGCTGCGAGC,,,
KL383,CTCTGCCCAGACCGCAGTATCCATgacTTCCAGAACCTGGGGATCC,,,
KL369,CGCAAATGGGCGGTAGGCGTG,,,
KL348,CCGACTTTATGAGCAACCTGAG,,,
KL336,CAATTCAGTCGACTGGATCTCGAGC,,,
KL321,CTTCGTTGGGAGTGAATTAGC,,,
KL307,cgagctcggtacccggggatccaccGCCACCATGGACGATCTGTTTCC,,,
KL288,cctcgcccttgctcaccatactagtGAGCTCGCTGCCGCCGGTGC,,,
KL273,tGCATGGCCCTCGAGTTCAAttcaagagaTTGAACTCGAGGGCCATGCttttttc,,,
KL681,GCCAGGCACAATCAGCATTG,,,
KL668,GTCTAGATATCTCGAGTGCGGCCGCgacaagatgtctgggttgtg,,,
KL746,cagcggcagctcatccggaactagtatggtgagcaagggcgaggag,,,
KL731,GTCTAGATATCTCGAGTGCGGCCGCCACAGGTTGGCCTCAATCCTTC,,,
KL714,ATCACAGTCTTGGCTAATTAGTCAGAAAGAATAATTAATTGGTCAAAGAGAAATAGTTGA,,,
KL699,GCACTGCAAAACGCCGGTGA,,,
KL12,accgtcagatccgctagcgctaccggtgccGCCACCATGAGCGAGCTGAT,,,
KL11/pSicoR seq,TGCAGGGGAAAGAATAGTAGAC,,,
KL10/Rev-Clover-mPp65,GAGTCGATAATGGTACCGATATCGGATCCTTAGGCGGCGGTCACGAACTC,,,
KL9/FWD-mPp65mp65mRuby,CGCCTAAGGATCCGATATCGGTACCATTATCGACTCTTAACTGATGGGCC,,,
KL8/Rev-Clover_mPp65,ggcccatcagttaagagtcgataatCTAGATATCTCGAGTGCGGC,,,
KL7/FWD-mPp65-mp65mRuby,ATTATCGACTCTTAACTGATGGGCC,,,
KL30,cagcgctaagaacatggggcatggcaccggcagcaccggcagcgg,,,
KL24,CCAATTCAGTCGACTGGATCTCGAGCTCAAGCTTCGAATTCTGCAGTCG,,,
KL235,gaaaggggagtggggtaaag,,,
KL222,TGTTTGAATGAGGCTTCAGTAC,,,
KL206,ccaGTCGACTGAATTGGTTC,,,
KL189,GTCTAGATATCTCGAGTGCGGCCGCTCACTGGGGCCCATCACAGTC,,,
KL167,CTCATTTTCGCCAGATATCGACGTCTTAGGTCAGGAACTCCGTCCGAACG,,,
KL135,GTCTAGGGCGGCGGATTTGTC,,,
KL120,gatgtcgataacgtgattgtgc,,,
KL100,CGGATCTCCCTTTGGGCCGCCTCCCCGCATAATTCTACCGGGTAGGGGAG,,,
KL81,tcgagaaaaaaCGTACCGGGAGCTCAAGTTtctcttgaaTTGAACTCGAGGGCCATGCa,,,
KL542,TACTAGATGGTGTCTAaGGG,,,
KL527,ATGGACGATCTGTTTCCCCTCATCTTTCCCTCAGAGC,,,
KL499,tggtgggatggacgagctgtacaagCTTAGCCATGGCTTCCCGCC,,,
KL469,CAGCCCTGGGTCTCAGTTTTCTaggTGGCCTGCGAGTCCTGGGTC,,,
KL451,CCACAATCTGTCCCTTCACAGCcagTTTATTCGAGTGCAGAATGAAGGAACTGGAAAGAG,,,
KL435,GTACATTTCGTCCTCGAACCAGCgccAATGCTAGTACCATCAGTGG,,,
KL26,GGTGGCGACCGGCCGGTGGATC,,,
KL22,GGCAGCTCATCCGGAACTAG,,,"[pSJ77 - pENTR: crSJ6 (mouse nfkb1)_IRES_H2B-Clover-LoxP, +, 2179, 2198], [pSJ72 - pENTR: crSJ4(mouse nfkb1)_IRES_H2B-Clover-LoxP, +, 2179, 2198], [pSJ70 - pENTR: IRES_H2B-Clover-LoxP, +, 1638, 1657], [pSJ79 - pENTR: crSJ7(mouse nfkb1)_IRES_H2B-Clover-LoxP, +, 2179, 2198], [pSJ75 - pENTR: crSJ5(mouse nfkb1)_IRES_H2B-Clover-LoxP, +, 2179, 2198], [pSJ69 - pENTR: PGK_IRES_H2B-Clover-LoxP, +, 2718, 2737], [pKL24, +, 260, 279]"
KL239,TAATCCAGAGGTTGATTATCGGGCGCGCCTTActtgtacagctcgtccatc,,,
KL223,GGTATGACTTGGCGTTGTTC,,,
KL207,TAAAGGAACCAATTCAGTCGACtggGACGGTACCGCGGGCCCGGG,,,
KL191,GATCCAGTTTGGTTAGTACCGGGCCGGTGGAATTCTGCAGATATC,,,
KL165,TCATTTTCGCCAGATATCGACGTCTTATGCTCAAAATAATATTTAAATAG,,,
KL132,GCCTTGTGTGTGGTAGATCC,,,
KL117,gcattgcgatagccctca,,,
KL106,attatcccggcgaatggt,,,
KL91,tcgagaaaaaaCTCAGAGTCTACCTTCGCAtctcttgaaACGCTTCCATCTGAGACTCa,,,
KL20,tGCTGGGTGGTCTTTGTGTAttcaagagaATGTGTTTCTGGTGGGTCGttttttc,,,
KL2/Rev-mPp65-mp65mRuby_MC101,gtctagatatctcgagtgcggccgcTTACTTGTACAGCTCGTCCATCCC,,,
KL237,CCGCGATATCTAGACCCAGC,,,
KL220,taaatcacttttttcaattctagcgcaattctaccgggtaggggag,,,
KL28,atcctcgagGTCGCCACCATTATCGACTC,,,
KL204,tccctagtcgaggcttagctggccgTTActtgtacagctcgtccatc,,,
KL188,GCGGCCGCACTCGAGATATC,,,"[pSJ103 - pENTR: mouse p65 promoter_p50-(GGGS)x2-mCerulean3_P2A_H2B-mRuby2, +, 5831, 5850], [TK489 (pLenti Puro gateway from TK433 - pENTR: mouse p65 promoter_Patl1(DNASU)-mClover_2A_H2B-mRuby2 mut1), +, 6803, 6822], [pSJ84 - pENTR: mouse p65 promoter_p52-(GGGS)x2-mClover_2A_H2B-mRuby2, +, 5876, 5895], [pSJ111 - pENTR: HSV TK_p65-(GGGS)x2-mClover_2A_H2B-mRuby2, +, 4955, 4974], [TK427 - pENTR: mouse p65 promoter_Patl1(DNASU)-mClover_2A_H2B-mRuby2, +, 6806, 6825], [pSJ82 - pENTR: mouse p65 promoter_p65-(GGGS)x2-mClover_2A_H2B-mRuby2, +, 6161, 6180], [pSJ102 - pENTR: mouse p65 promoter_p65-(GGGS)x2-mClover_T2A_H2B-mRuby2, +, 6158, 6177], [pSJ85 - pENTR: mouse p65 promoter_cRel-(GGGS)x2-mClover_2A_H2B-mRuby2, +, 6086, 6105], [pSJ118 - pENTR: mouse p65 promoter_p50-(GGGS)x2-mCerulean3_P2A_H2B-iRFP670, +, 6053, 6072], [pSJ36 - pENTR: mouse p65 promoter_p50-mClover_2A_H2B-mRuby2, +, 5774, 5793], ...more sites present"
KL175,CTAGTATTTCTCCTCTTTCTCTCTAGTACTGCTCTGAAGACCAGAAAA,,,
KL159,TCATTTTCGCCAGATATCGACGTCTTCGCTCACTCCACCGTGTTTGAACC,,,
KL142,CTAGTATTTCTCCTCTTTCTCTCTAGTAGATCGGCGTAGTTAACGGCGG,,,
KL127,gtcgatcagcagaacgtcaa,,,
KL112,gaaccggctaacttccttga,,,
KL79,tcgagaaaaaaCTTCCGGTGTCGATAAAGTtctcttgaaTGAAATAGCTGTGGCCTTCa,,,
KL624,ccagcagtgccagctctt,,,
KL618,cgcgtactcgctactgttcc,,,
KL594,tcagtgaaaaggagggtgcc,,,
KL543,AGGATCCCCGGGTACCGAGC,,,
KL528,CGAGAGCAGGTGCGCGACTC,,,
KL495,CTTCGCCCtTAGACACCATgGTGGCgtccaacttgttttccctcc,,,
KL478,CGCAGATCTACGAGTGGATG,,,
KL460,TTCTTGGTGGATGCTCAATCCAGAGGGAGGCaggAGCGGAagaTCACCCCGGAGAAGAGC,,,
KL439,CGCGCCGGACTCTCGAGCTGTCGGCATGCTATAGCGGCCGCCATTAGAATTCCTCAAGGATCCGTGAGGGCC,,,
KL421,ccttgctcaccatactagttccggatgagctgccgctgccggtgc,,,
KL394,GATATCTCGAGTGCGGCCGCcctgcaTCAGGGATCTGGCTCAAAGTTG,,,
KL19,CGAATTGTACCTAGTGGAACCG,,,
KL232,tttgcctttttgcgcttc,,,
KL213,tgctcttgtccagtctactcatggtggaagcttgggctgcaggtc,,,
KL199,CGTTTCCCGTTGAATATGGCTC,,,"[pKL565, -, 3204, 3225], [pSJ131 - pENTR: HIF1a-middle-VenusPest, -, 4082, 4103], [pENTR_Lox66_mClover_Lox71, -, 2162, 2183], [pKL564, -, 2891, 2912]"
KL183,ggagctgccgctgccggtgc,,,
KL171,CTAGTATTTCTCCTCTTTCTCTCTAGTACTATAGTGACCCGCAGCCTG,,,
KL160,TCATTTTCGCCAGATATCGACGTCTAAATTCGAAAAGCCTGCTCAACGAG,,,
KL143,CTAGTATTTCTCCTCTTTCTCTCTAGTATGCTGTCCTGTGCTGCTCTG,,,
KL128,ccggacgactataacgaaaaa,,,
KL87,tcgagaaaaaaCACGGTCTCCAGATATAATtctcttgaaTAATATAGACCTCTGGCACa,,,
KL581,cgttccgagattagcctcaa,,,
KL554,AGACACCATCTAGTATTTCTCCTCTTTCTCTCTAGTAgctagcatagtcc,,,
KL539,GGAAACAGATCGTCCATGGTCAGGTCTAGAtaccgttcgtatagcatacattatacgaagttatCGAGAGCAGGTGCG,,,
KL230,attgatgttcccaggtcagg,,,
KL208,CTTTGTACAAGAAAGCTGGGTCTAGGCGGCCGCgctagaattgaa,,,
KL194,CGGGCCCGGGATCCACCGGCCGGTCgatctgggggatcgataccg,,,
KL185,GAATTCGAAGCTTGAGCTCGAGATCTTCACTGGGGCCCATCACAGTC,,,
KL162,TCATTTTCGCCAGATATCGACGTCTTTTTATTTACCTCGGGTACTTATGC,,,
KL147,GCGGGCAGCAAAACCCGTACCCTAGACACGACACACATTTCCCTGCC,,,
KL130,tttaccgggctgtttggtta,,,
KL114,gttcccgacgaaagaacg,,,
KL103,gggttatagggtgcaatcca,,,
KL88,tGAGCTGTTTCTGAGGAGCCttcaagagaCCGAGGAGTCTTTGTCGAGttttttc,,,
KL558,catattttccttgatcagCTCTTCGCCCtTAGACACCATCTAGTA,,,
KL545,GTACCCGGGGATCCTtttacggctagctcagtcctaggtatagtgctagc,,,
KL535,ccgaatcaccgacctctctccccagggggatccaccgg,,,
KL497,gagggaaaacaagttggacGCCACcATGGTGTCTAaGGGCGAAGAG,,,
KL480,GTTGCTGTGGGACCCAGGACTC,,,
KL464,aGCATCTCTCCAGTCTGGGCAAGAGGGTCCTGGAGACAGCCCTGGGTCTCAGTTTTCTag,,,
KL448,CGTCCTCGCCACTCATGTACCCAAGCCCTGCGAGCGCGCTGTCGC,,,
KL433,AAAATCACCCCGGAGAAGAGCTGCGgccATGGACAACAACAGTAAATTTG,,,
KL417,TCGCCACTCATGTACCCAAG,,,
KL404,caccgacctctctccccaggGCCACcATGGATCCAGAGAATAAGAAG,,,
KL389,CCATCATTCGGAATGACCTCATGGATGGAGATACCTTGGATTTTAAC,,,
KL373,CATATCATATCATATAATTAGCCTCcctgcaggGCGGCCGCACTCGAGATATCTAG,,,
KL358,cggcagcaccggcagcggcagctcaATGGGGGTGAACGCCGTGCAC,,,
KL343,CAATTCAGTCGACTGGATCTCGAGCGCCACcATGGTGTCTAaGGGCGAAG,,,
KL327,CAGTCGACTGGATCTCGAGCAATTCTACCGGGTAGGGGAGGCGCTTTTC,,,
KL312,GAAGCACAGATACCACCAAG,,,
KL298,aatcaccgacctctctccccaggGCCACcATGGTGTCTAaGGGCGAAGAG,,,
KL283,cagCTCTTCGCCCtTAGACACCATGAGCTCGCTGCCGCCGGTGCC,,,
KL17,TCAGCTCGCTCATGGTGGCggccccgggAAGCTTCAGCTGCTCGATCG,,,
KL6/FWD-pGK-H2B_mRuby,gTAAGCGGCCGCACTCGAGATATCTAGccacggggttggggttgcgc,,,
KL240,AGAGATCCAGTTTGGTTAGTACCGGGCCATTATCGACTCTTAACTGATG,,,
KL224,gatccagtttggttagtaccGGGCCTGCAGATATCAACAAGTTTG,,,
KL211,CCGCGCTAGAATTGAAAAAAGTG,,,
KL197,GACCGGCCGGTGGATCCCGG,,,
KL181,ATGgggcatggcaccggcag,,,"[pSJ37 - pENTR: mouse p65 promoter_p50-mcClover_2A_H2B-iRFP670, +, 5032, 5051]"
KL169,CTAGCAACACCAGAACAGCC,,,
KL146,GCGGGCAGCAAAACCCGTACCCTAGAAATTCGAAAAGCCTGCTCAACGAG,,,
KL133,ttcccgtatccgctacaaag,,,
KL121,caccgcaataccagcaatta,,,
KL86,tGTGCCAGAGGTCTATATTAttcaagagaATTATATCTGGAGACCGTGttttttc,,,
KL553,AGACACCATCTAGTATTTCTCCTCTTTCTCTCTAGTAgctagcactatac,,,
KL536,CCTACCCGGTAGAATTTCGAGGTCGAC,,,
KL504,TATTTCTCCTCTTTCTCTCTAGTAg,,,
KL486,ACTAGAGAGAAAGAGGAGAAATACTAGatggtgagcaagggcgaggag,,,
KL473,GGACCCTCTTGCCCAGACTGGAGAGATGCctgTTTCTTAGCAGCCCGCCCTCGGCTctgA,,,
KL453,TTCTTGGTGGATGCTCAATCCAGAGGGAGGCcagAGCGGAcagTCACCCCGGAGAAGAGC,,,
KL434,CTCCCACTGATGGTACTAGCATTGGCGCTGGTTCGAGGACGAAATG,,,
KL419,GGATCTGGACCTCGACATGTTTAG,,,
KL405,gtgctgccggtgccatgccccatgttGGGATCTGGCTCAAAGTTGAAG,,,
KL388,CATTCTGCACTCGAATAAACTTGCTGTGAAGGGACAGATTGTGGCGAATT,,,
KL374,GAGGCTAATTATATGATATGATATGttaattaaCGAAGCTTGAGCTCGAGATCC,,,
KL360,GTTTGTGATTCGGGGACAGC,,,
KL344,tgagctgccgctgccggtgc,,,
KL329,GATCTCGATCGAGCAGCTGAAGCTTgccaccATGGCCAATTTACTGACCG,,,
KL316,GTGTCTAAGGGCGAAGAGCTG,,,
KL299,ctgccggtgctgccggtgccatgccccttgtacagctcgtccatcc,,,
KL287,gatggacgagctgtacaagtccggaCGCATGCATAAGTTTTCTCAAG,,,
KL268,tcgagaaaaaaCCAGTGTGATGGCGAGTAAtctcttgaaTTACTCGCCATCACACTGGa,,,
KL16,CCTCGAGTACTAGGATCCATTAGGGAATTCGTCGACCTCGAAATTCTACC,,,
KL228,cgggctgtatttgattcgtt,,,
KL209,GCCATAAACTGCCAGGCATC,,,"[TK489 (pLenti Puro gateway from TK433 - pENTR: mouse p65 promoter_Patl1(DNASU)-mClover_2A_H2B-mRuby2 mut1), +, 946, 965], [pSJ118 - pENTR: mouse p65 promoter_p50-(GGGS)x2-mCerulean3_P2A_H2B-iRFP670, +, 946, 965], [pKL565, +, 872, 891], [pSJ84 - pENTR: mouse p65 promoter_p52-(GGGS)x2-mClover_2A_H2B-mRuby2, +, 946, 965], [pSJ112 - pENTR: hPGK_p65-(GGGS)x2-mClover_2A_H2B-mRuby2, +, 946, 965], [pSJ85 - pENTR: mouse p65 promoter_cRel-(GGGS)x2-mClover_2A_H2B-mRuby2, +, 946, 965], [KB001 NEMO clover, +, 252, 271], [pSJ111 - pENTR: HSV TK_p65-(GGGS)x2-mClover_2A_H2B-mRuby2, +, 946, 965], [pSJ86 - pENTR: mouse p65 promoter_RelB-(GGGS)x2-mClover_2A_H2B-mRuby2, +, 946, 965], [pSJ106 - pENTR: mouse p65 promoter_p65-(GGGS)x2-mClover_T2A_p50-(GGGS)x2-mCerulean_P2A_H2B-mRuby2, +, 946, 965], ...more sites present"
KL192,TGTAATCCAGAGGTTGATTATCGGGCCGCCACTGTGCTGGATATC,,,
KL163,CTCATTTTCGCCAGATATCGACGTCTATATGCACATAAGGTTGCGCGC,,,
KL156,TGTTGTTAAGCTTCGCGGCC,,,
KL141,TAGTATTTCTCCTCTTTCTCTCTAGTATTTATTTACCTCGGGTACTTATG,,,
KL122,aagaagagccagtacgtcaacc,,,
KL83,tcgagaaaaaaCGTCCATTTCTAGAAACTTtctcttgaaTTCAAAGATCTTTACCTGCa,,,
KL609,GACCTTTCCCACACTTCCAC,,,
KL582,atgaaagccttctcgacacc,,,
KL552,AGACACCATCTAGTActttcctgtgtgaCTCTCTAGTAgctagcattata,,,
KL532,GTCTAGATATCTCGAGTGCGGCCGCTTACTCCTTGGAGGCCATGTAG,,,
KL494,ctcctcgcccttgctcaccatgGTGGCgtccaacttgttttccctcc,,,
KL479,CCACAATCTGTCCCTTCACAG,,,
KL463,TaggAGCCGAGGGCGGGCTGCTAAGAAAagaGCATCTCTCCAGTCTGGGCAAGAGGGTCC,,,
KL447,GGTCTTCACCGAAGGATCTG,,,
KL429,GAAGTCAGCCCACGCCTCGTAGTCGTCACTGGCATGTGAG,,,
KL420,GTCTAGATATCTCGAGTGCGGCCGCttaggcggcggtcacgaactc,,,
KL400,aatcaccgacctctctccccaggGCCACcatggtgagcaagggcgaggag,,,
KL385,GCGTGAGTCGCGCACCTGCTCTCGTCCTGACCATGGACGATCTGTTTC,,,
KL370,GAAAGTCTCCCACTGATGGTACTAGCATTTGAGCTGGTTCGAGGAC,,,
KL349,CTGCGTCCATGGACAACAAC,,,
KL333,TCTAGACCTGACCATGGACGATCTG,,,"[pKL24, +, 8122, 8146]"
KL314,CCTGCAGTTTGATGCTGATG,,,
KL297,tgctgccggtgccatgccccatgttTATCGGCTTGTAGAGGAGGG,,,
KL281,TTCTTGAGAAAACTTATGCATGCGggcggcggtcacgaactccag,,,
KL266,CTTCTGTGTCAGGTGCCGGCACTGAGCGGCCGCACTCGAGATATC,,,
KL659,TTActtgtacagctcgtccatcc,,,"[PE030v2 - pENTR: CMV_CRE-TKNLS_2A_H2B-mRuby-bgh, -, 4239, 4261]"
KL757,gtgctgccggtgccatgccccatgttGTACATGTCCTTGTAGATTTC,,,
KL233,aatcctcatctgtttagcgaaga,,,
KL217,ctttcgacctgcagcccaagcttccGCCaccatgagtagactggacaag,,,
KL198,tacctggtggagttcaagtc,,,
KL179,GATCCACCGGCCGGTCgccGCCACCATGGAAGGGAGAGGACCCTAC,,,
KL170,GATGCGCATTGTTTGTGTGC,,,
KL144,GCGGGCAGCAAAACCCGTACCCTAGATTAAAAGCCATACAAGACTGATGG,,,
KL125,atgatgatggtgcgctgtt,,,
KL110,ccgggtgaatgcaaaatc,,,
KL93,tcgagaaaaaaCCTCCTCGACTTCTTCGTTtctcttgaaTTGCTTCTTCAGCTCCTCCa,,,
KL42,gaccaattgCttaggcggcggtcacgaac,,,
KL560,ccctcgatgactttgatcctc,,,
KL544,AGACACCATCTAGTAtttctcctctttaatCTCTCTAGTAgctagcacta,,,
KL526,GTCGACCTCGAAATTCTACCGGGTAGGG,,,
KL498,cctgctggagttcgtgaccgccgccCTTAGCCATGGCTTCCCGCC,,,
KL482,TTAAATTATGATATCATCGATGCATTCAggcggcggtcacgaactccag,,,
KL467,CTTCATTCTGCACTCGAATAAAcctGCTGTGAAGGGACAGATTGTG,,,
KL452,TCGAGTGCAGAATGAAGGAACTGGAAAGAGTTCTTGGTGGATGCTCAATCCAGAGGGAGG,,,
KL438,CCTCACGGATCCTTGAGGAATTCTAATGGCGGCCGCTATAGCATGCCGACAGCTCGAGAGTCCGG,,,
KL424,tGAAACCAGCCAGCTATAAAttcaagagaTTTATAGCTGGCTGGTTTCttttttc,,,
KL408,GATATCTCGAGTGCGGCCGCcctgcaTTActtgtacagctcgtccatc,,,
KL392,TATCTCGAGTGCGGCCGCcctgcaTCAGCCTGGCACCCAGCTCTG,,,
KL376,AATTCGCCACAATCTGTCCCTTCACAGCAAGTTTATTCGAGTGCAGAATG,,,
KL356,gtgctgccggtgccatgccccatgttGTTACTGCTCTGCCGCTGGAC,,,
KL338,CGTCCATGGTCAGGTCTAGAtaccgttcgtatagcatacattatacgaagttatATTATCGACTCTTAACTGATG,,,
KL15,TTGTTTAAATTATGATATCATCGATGCATTTAATTAAGCTTGTGCCCCAG,,,
KL227,cgataccccggtcaaaataa,,,
KL214,ctttcgacctgcagcccaagcttccaccatgagtagactggacaag,,,
KL196,GTCTAGATATCTCGAGTGCGGCCGCcaggtcgagtccggattacc,,,
KL180,gccggtgctgccggtgccatgcccCATCTGGGGCCCATCACAGTCATTG,,,
KL174,CTAGTATTTCTCCTCTTTCTCTCTAGTAGGGTACTTATGCTGATTTTT,,,
KL134,gtatcgatctgcggtttggt,,,
KL116,caaagtcccggaacccttac,,,
KL99,CAACCACTACCTGAGCCATC,,,"[pSJ102 - pENTR: mouse p65 promoter_p65-(GGGS)x2-mClover_T2A_H2B-mRuby2, +, 4858, 4877]"
KL85,tcgagaaaaaaCAAGGTGGAAGTAGAAAGTtctcttgaaTGAAAGATGAAGGTGGAACa,,,
KL598,cctcgcccttgctcaccatggtggcctgcgaagacacaaaagggg,,,
KL583,ggttaagcgcgtcatcatc,,,
KL562,CTAGAGAGAAAGAGGAGAAATACTAGgcTccGgcGgaCatActGgg,,,
KL547,GTACCCGGGGATCCTttgacagctagctcagtcctagggactatgctagc,,,
KL531,cggcagcaccggcagcggcagctcaATGGTGAAGGTCGGTGTGAAC,,,
KL500,GTCTAGATATCTCGAGTGCGGCCGCCTACACATTGATCCTAGCAG,,,
KL481,AGTACTAGGATCCATTAGGGAATTCccacggggttggggttgcgc,,,
KL465,TGGAGACAGCCCTGGGTCTCAGTTTTCTaggTGGCCTGCGAGTCCTGGGTCCCACAGCAA,,,
KL449,GCGACAGCGCGCTCGCAGGGCTTGGGTACATGAGTGGCGAGGACG,,,
KL432,TTACTGTTGTTGTCCATGGCCGCAGCTCTTCTCCGGGGTG,,,
KL414,CTTCAAGGACAAGGGTGACAG,,,
KL393,cggcagcaccggcagcggcagctcaATGGATCCAGAGAATAAGAAG,,,
KL379,AGCGTGAGTCGCGCACCTGCTCTCGTCTAGACCTGACCATGGACG,,,
KL363,ATGGCCGAAGCGCCCCAGGTGGTGGAGACC,,,
KL347,CATAAAGTCGGTGCTGACAG,,,
KL330,GTCTAGATATCTCGAGTGCGGCCGCTCAAGCTGTGGCAGGGAAAC,,,
KL229,cgctggtgctgatatttatgc,,,
KL210,CCGCCTAGACCCAGCTTTCTTG,,,
KL193,AGGTCTCGATCGAGGTCGACGGTATCCGCCACTGTGCTGGATATC,,,
KL177,TAATTAAGCGGCCGCGAAGCTTAACAACActcgaggcatgccttatcaac,,,
KL168,GTTCTTTACGATGCCATTGGG,,,
KL148,GCGGGCAGCAAAACCCGTACCCTAGTTTTATTTACCTCGGGTACTTATGC,,,
KL131,acggtgtagccaacaatcg,,,
KL115,gagaaatattgcgccgagtt,,,
KL102,ttacgtcgtcatcgtgctgt,,,
KL90,tGAGTCTCAGATGGAAGCGTttcaagagaTGCGAAGGTAGACTCTGAGttttttc,,,
KL557,AGACACCATCTAGTAtttcccctctttCTCTCTAGTAgctagcattatac,,,
KL541,CTCTTGCTCAGTGTCCTTGC,,,
KL25,accatactagttccggatgagctgccgctgccggtgctgccggtgccatg,,,
KL236,cgttggtttcatcgttggtt,,,
KL219,GTACAAGAAAGCTGGGTCTAGGCGGgTGCGGCCGCcaggtcgagtc,,,
KL203,cgagctcggtacccggggatccaccATGGTGTCTAaGGGCGAAGAG,,,
KL187,CAGGAGAATGAAGCCCTGAAG,,,
KL161,CTCATTTTCGCCAGATATCGACGTCTACACGACACACATTTCCCTGCC,,,
KL145,GCGGGCAGCAAAACCCGTACCCTAGTCGCTCACTCCACCGTGTTTGAACC,,,
KL129,ctgcatgaagatttgcttcg,,,
KL113,cgcttcggttacacgttctt,,,
KL98,TCTCCCTTTGGGCCGCCTCCCCGCATCGATAATTCTACCGGGTAGGGGAG,,,
KL89,tcgagaaaaaaCTCGACAAAGACTCCTCGGtctcttgaaGGCTCCTCAGAAACAGCTCa,,,
KL44,TCTCTAGGCGCCGGAATTAGATCTCTCGAGccacggggttggggttgcgc,,,
KL613,GATATCTCGAGTGCGGCCGC,,,"[pPE025 pENTR-FLEX-tdTomatoRev, -, 2434, 2453], [pSJ37 - pENTR: mouse p65 promoter_p50-mcClover_2A_H2B-iRFP670, -, 6019, 6038], [pPE017 (pENTR-pTRE3G-mClover-parB), -, 2545, 2564], [TK430 pLenti PGK Blast (gateway from pKL629), -, 3329, 3348], [pPE026 (pENTR-seqA-Linker-mClover), -, 1804, 1823], [pPE021 (pENTR-H2B-miRFP670), -, 1954, 1973], [pPE012 (pENTR-pTRE-mClover-parB), -, 2502, 2521], [pPE010 v3 (pENTR-pUBC-mClover-parB), -, 3383, 3402], [TK429 pLenti CMV Blast (gateway from pKL629), -, 3329, 3348], [pPE006 (pENTR-mClover-parB), -, 574, 593], ...more sites present"
KL551,AGACACCATCTAGTActttcctgtgtgaCTCTCTAGTAgctagcatagtc,,,
KL534,ccgaatcaccgacctctctccccagggggatccaccggataacttcgtatagcatacattatacgaacggtaatggtgagc,,,
KL505,ctgctgatcacccagcactg,,,
KL471,CCTCCCTCTGGATTGAGCATCCACCAAGAACTCTTTCCAGTTCCTTCATTCTGCACTCGA,,,
KL436,GGGTCTAGATATCTCGAGTGCGGCCGCTCAGCCTGGCACCCAGCTCTG,,,
KL413,GGAACGTGATGCTTCGCAATG,,,
KL23,GCTCGAGATCCAGTCGACTG,,,
KL4/Rev-pGK-H2B_MC101,cggtgctgccggtgccatgccccatGTTCTTAGCGCTGGTGTACTTGGTG,,,
KL238,CAAGAAAGCTGGGTCTAGATATCGCGGcaggtcgagtccggattacc,,,
KL218,GCgctagaattgaaaaaagtg,,,
KL205,CTAGACCCAGCTTTCTTGTAC,,,
KL190,GAGTTCAACAGGTTGGCCTC,,,
KL173,CTAGTATTTCTCCTCTTTCTCTCTAGTACCAGCCAGGGGTTATTAAAATG,,,
KL157,TAAGCGGCCGCGAAGCTTAACAACAttatcaacgatgtcctaatttcgac,,,
KL137,GTAGGACAAATCCGCCGCCCTAGACttatcaacgatgtcctaatttcgac,,,
KL118,ccagccaaaccaaccaga,,,
KL97,TAGGTCTCGATCGAGGTCGACGGTATCGATTCAGGCACCGGGCTTGCGGG,,,
KL84,tGTTCCACCTTCATCTTTCAttcaagagaACTTTCTACTTCCACCTTGttttttc,,,
KL610,CATGGAGACAGTGGAGACAG,,,
KL549,GTACCCGGGGATCCTttgacagctagctcagtcctaggtataatgctagc,,,
KL533,GGTGTGAACCACGAGAAATATG,,,
KL513,GGCTCTGAGGGAAAGATGAGGGGAAACAGATCGTCCATGGTCAGGTCTAGAtaccgttcgtatagcatac,,,
KL496,aacaagggagggaaaacaagttggacGCCACcatggtgagcaagggcg,,,
KL485,aGCTTAACAACActcgaggcatgccttaggcggcggtcacgaactc,,,
KL76,tGTGGCTGGGTACTCACATAttcaagagaATACACTCATGGGTCGGTGttttttc,,,
KL77,tcgagaaaaaaCACCGACCCATGAGTGTATtctcttgaaTATGTGAGTACCCAGCCACa,,,
KL74,tGAACTTGCTTTGATGTATAttcaagagaATATGTAGTTTCGTTCAAGttttttc,,,
KL75,tcgagaaaaaaCTTGAACGAAACTACATATtctcttgaaTATACATCAAAGCAAGTTCa,,,
KL73,tcgagaaaaaaCGTTCAAGGTCCGGAACTTtctcttgaaTTCAAGGCCTGGAACTTGCa,,,
KL71,tcgagaaaaaaCCTCGTCCTGGAGAAGTTTtctcttgaaTTTGAAGAGGTCCTGCTCCa,,,
KL72,tGCAAGTTCCAGGCCTTGAAttcaagagaAAGTTCCGGACCTTGAACGttttttc,,,
KL67,tcgagaaaaaaCATTGGGATTCTAGGATTTtctcttgaaTTTAGGATCTTAGGGTTACa,,,
KL70,tGGAGCAGGACCTCTTCAAAttcaagagaAAACTTCTCCAGGACGAGGttttttc,,,
KL68,tGCATCATCTTGTTGTTCGAttcaagagaAGCTTGTTGTTCTACTACGttttttc,,,
KL65,tcgagaaaaaaCTTCACTGCCTGGCAAGATtctcttgaaTAGAACGGTCCGTCACTTCa,,,
KL66,tGTAACCCTAAGATCCTAAAttcaagagaAAATCCTAGAATCCCAATGttttttc,,,
KL69,tcgagaaaaaaCGTAGTAGAACAACAAGCTtctcttgaaTCGAACAACAAGATGATGCa,,,
KL64,tGAAGTGACGGACCGTTCTAttcaagagaATCTTGCCAGGCAGTGAAGttttttc,,,
KL62,tGCACGCTCCTAAACAAACTttcaagagaTCAAACAAATCCTCGCACGttttttc,,,
KL63,tcgagaaaaaaCGTGCGAGGATTTGTTTGAtctcttgaaAGTTTGTTTAGGAGCGTGCa,,,
KL61,GTAATCCAGAGGTTGATTATCGGGCGCGCCCTAGATATCTCGAGTGCGGC,,,
KL59,TAATCCAGAGGTTGATTATCGGGCGCGCCttaggcggcggtcacgaactc,,,
KL60,CAGAGATCCAGTTTGGTTAGTACCGGGCCCGAACCAATTCAGTCGACTGG,,,
KL57,GGCATTAAAGCAGCGTATCC,,,"[DEST 8 (no promoter, SV40 blast), -, 5971, 5990], [TK100 pLenti gateway destination vector without promoter x1 blasticidine, -, 5971, 5990]"
KL58,AGAGATCCAGTTTGGTTAGTACCGGGCCCATTATCGACTCTTAACTGATG,,,
KL56,TGCAGGGGAAAGAATAGTAGAC,,,"[pKL523 (pDEST with PGK-Hygro, PGK-att), +, 4052, 4073], [DEST 4 (hPGK, mPGK hygro), +, 4052, 4073], [TK100 pLenti gateway destination vector without promoter x1 blasticidine, +, 4045, 4066]"
KL95,tcgagaaaaaaCCTCGACTTCTTCGTTCATtctcttgaaTACTTGCTTCTTCAGCTCCa,,,
KL96,tcgtgaccgccgcctaaGGCGCGCCAATTCTACCGGGTAGGGGAG,,,
KL94,tGGAGCTGAAGAAGCAAGTAttcaagagaATGAACGAAGAAGTCGAGGttttttc,,,
KL92,tGGAGGAGCTGAAGAAGCAAttcaagagaAACGAAGAAGTCGAGGAGGttttttc,,,
KL108,gtggcgcaaaatggtgat,,,
KL104,gaacggctgcctgcttaac,,,
KL105,gttcttcagcgcgacatct,,,
KL101,TTCTAGGTCTCGATCGAGGTCGACGGTATTCAGGCACCGGGCTTGCGGG,,,
KL154,TACTAGAGAGAAAGAGGAGAAATACTAGATG,,,
KL153,GCGGGCAGCAAAACCCGTACCCTAGTAGGTCAGGAACTCCGTCCGAACG,,,
KL152,GCGGGCAGCAAAACCCGTACCCTAGTCGCCGGTCGATGACAACACGGGC,,,
KL150,GCGGGCAGCAAAACCCGTACCCTAGTTGTGCAATATTCTCCAGCCAGGGG,,,
KL151,GCGGGCAGCAAAACCCGTACCCTAGTATGCTCAAAATAATATTTAAATAG,,,
KL155,AGACGTCGATATCTGGCGAAAATGAG,,,
KL149,GCGGGCAGCAAAACCCGTACCCTAGATATGCACATAAGGTTGCGCGC,,,
KL55,GTAATCCAGAGGTTGATTATCGGGCGCGCCCTAGATATCTCGAGTGCGGC,,,
KL52,CAGAGATCCAGTTTGGTTAGTACCGGGCCCccacggggttggggttgcgc,,,
KL53,GTAATCCAGAGGTTGATTATCGGGCGCGCCTTActtgtacagctcgtcca,,,
KL50,GCGGCCGCACTCGAGATATCTAGAC,,,"[pSJ160 - pENTR: mClover_Bagnall et al Linker_HIF1a, +, 4446, 4470], [pSJ16 - pENTR: PGK_mClover_Bagnall et al Linker_HIF1a, +, 4995, 5019], [pSJ125 - pENTR: PGK_mClover_Bagnall et al Linker_HIF1a, +, 4995, 5019]"
KL54,CAGAGATCCAGTTTGGTTAGTACCGGGCCCGAACCAATTCAGTCGACTGG,,,
KL48,GGGCCCGGGATCCACCGGCCGGTCGCCACCccacggggttggggttgcgc,,,
KL49,gctggGTCTAGATATCTCGAGTGCGGCCGCttaggcggcggtcacgaac,,,
KL51,gGTGGCGACCGGCCGGTGG,,,
KL47,CTAAATAAAATCTTTTATTTTATCGAATTCCttaggcggcggtcacgaac,,,
KL45,AGATCGTCCATGGTggcggccctggggagagaggtcggtg,,,
KL46,gaatcaccgacctctctccccagggccgccACCATGGACGATCTGTTTCC,,,
KL43,gaccaattgGTGCGGCCGCttaggcggcg,,,
KL563,AGCTTAACAACActcgaggcatgcctcatgactcttccatcacgccgatc,,,
KL564,TAGAGAGAAAGAGGAGAAATACTAGatggctgaaggatccgtcgc,,,
KL561,AGCTTAACAACActcgaggcatgcctcactcttccatcacgccgatc,,,
KL600,gacccagctggaacaaggac,,,
KL593,CACACCAGAAGAGGGCATTAG,,,
KL601,gtcttactctataacacagg,,,
KL599,CTTCGCCCtTAGACACCATggtggcctgcgaagacacaaaagggg,,,
KL595,CAATTCAGTCGACTGGATCTCGAGCcacaccagaagagggcattag,,,
KL592,gccaccATGGTGTCTAaGGG,,,
KL591,gccaccatggtgagcaaggg,,,
KL589,cactggcagtctcctttgagt,,,
KL588,aacgagcgcaacccttatc,,,
KL586,tccctagctggtctgagagg,,,
KL585,gacggctgaaaacgaacaat,,,
KL587,cgtaggagtctggaccgtgt,,,
KL578,GAGACGTGGAGGAGAACCCTGGACCTATGGCAGAGGCACCGGCTTC,,,
KL574,GTACCGGGCCCTCACGGATCCTTGAGGGTCGCCACCATTATCGACTC,,,
KL576,CCGGGGAAGCCGGTGCCTCTGCCATAGGTCCAGGGTTCTCCTCCAC,,,
KL577,GACGTGGAGGAGAACCCTGGACCTATGGCCGAAGCGCCCCAGGTG,,,
KL579,TGTAATCCAGAGGTTGATTATCGGGCTAGATATCTCGAGTGCGGC,,,
KL575,CCACCACCTGGGGCGCTTCGGCCATAGGTCCAGGGTTCTCCTCCAC,,,
KL570,TCTCCTCTTTCTCTCTAGTAGCGCGCCTCCACCACTTAGCACTGT,,,
KL573,CTTAACAACActcgaggcatgccGATATCTCGAGTGCGGCCGCtc,,,
KL572,GCTCGGTACCCGGGGATCCTACATGGGGAGTGTAATTACCTCCGTTAG,,,
KL566,CCACCGGCCGGTCGCCACCATTATCGACTCTTAAC,,,
KL567,CTAGATATCTCGAGTGCGGCCGCttaggcggcggtcacgaac,,,
KL569,TCTCCTCTTTCTCTCTAGTAAATGCTTTTCCTTAAAATAAATACA,,,
KL571,TCTCCTCTTTCTCTCTAGTACAGGCGCGTTAACAGGACGTTGCCC,,,
KL565,TACCCGGTAGAATTTCGAGGTCGAC,,,
KL568,CTAGATATCTCGAGTGCGGCCGCttaTCAGGCACCGGGCTTGCGG,,,
KL627,ggcagcgttgaaagtgttg,,,
KL628,gcctgcacaaaattgatatgag,,,
KL625,ttaatcccgctgttaccattg,,,
KL626,taactttgcgcttgtcgaaac,,,
KL622,atcatcgccagctcatgg,,,
KL623,cggctaaacgtaaagcggta,,,
KL621,agcgatcgacaaagtgtatgg,,,
KL620,ctcatcgccgttttcacc,,,
KL619,tcgatggcatttatcttcctg,,,
KL615,TTGTAATCCAGAGGTTGATTATCGGGCAGTCGACTGGATCTCGAGC,,,
KL616,TTGTAATCCAGAGGTTGATTATCGGGCCAATTCAGTCGACTGGATC,,,
KL617,cgtcatcaatcatccttttgc,,,
KL607,CTGTCGCCCTTATCCTTGAAG,,,
KL606,TTGTAATCCAGAGGTTGATTATCGGGGGAACCAATTCAGTCGACTG,,,
KL611,CAGTCGACTGGATCTCGAGC,,,
KL605,ACCGGGCCCTCACGGATCCTTGAGGCTAGATATCTCGAGTGCGGC,,,
KL608,GAGTGCTGAAACCTCCTGTG,,,"[pSJ37a - pENTR: mouse p65 promoter_p50-mcClover_2A_H2B-iRFP670, +, 1722, 1741]"
KL604,gaggttgaagcagaaggattgaggccaacctgtg,,,
KL602,ctgcgaagacacaaaagggg,,,
KL603,cacaggttggcctcaatccttctgcttcaacctc,,,
KL637,ggagcagccaaaagaagaga,,,
KL633,ggttttggctttatcactcctg,,,
KL636,tcgcttttctcaatgttgtacg,,,
KL629,tgacgctgaaaaaccttagca,,,
KL630,tgcactgcttcccatgacta,,,
KL631,ctgattgcctataccgactgg,,,
KL635,ttgacaaactggccaacg,,,
KL632,ttgtaattaacccagcttccatc,,,
KL634,gatggcggtgaaatggac,,,
KL457,gGCATCTCTCCAGTCTGGGCAAGAGGGTCCTGGAGACAGCCCTGGGTCTCAGTTTTCTca,,,
KL454,CcagAGCGGAcagTCACCCCGGAGAAGAGCTGCGTCCATGGACAACAACAGTcagTTTGC,,,
KL458,TGGAGACAGCCCTGGGTCTCAGTTTTCTcagTGGCCTGCGAGTCCTGGGTCCCACAGCAA,,,
KL459,CCACAATCTGTCCCTTCACAGCaggTTTATTCGAGTGCAGAATGAAGGAACTGGAAAGAG,,,
KL455,TGCGTCCATGGACAACAACAGTcagTTTGCTcagAGCCGAGGGCGGGCTGCTAAGAAAca,,,
KL456,TcagAGCCGAGGGCGGGCTGCTAAGAAAcagGCATCTCTCCAGTCTGGGCAAGAGGGTCC,,,
KL483,TTAAATTATGATATCATCGATGCATTCActtgtacagctcgtccatcc,,,
KL510,ccctggaagtcaaggggtggcagatagtgacacattcgcaagtgtg,,,
KL511,ctatctgccaccccttgacttc,,,
KL512,aattcATTATCGACTCTTAACTGATGGGC,,,
KL509,gtgtgccctgacccacacaaggaagtgcgtgtctctccagaagcccctg,,,
KL508,cgcacttccttgtgtgggtcaggg,,,
KL506,GACACCATCTGCACAATTGTC,,,
KL507,CCATGTACGGATTGCCTTCTC,,,
KL502,GGCGGGAAGCCATGGCTAAGcttgtacagctcgtccatcc,,,
KL493,CAATTCAGTCGACTGGATCTCGAGCcagcttaagcacaaggaggc,,,
KL489,ggcatgcctcgagTGTTGTTAAG,,,
KL490,CTAGTATTTCTCCTCTTTCTCTCTAG,,,
KL487,aGCTTAACAACActcgaggcatgccTTActtgtacagctcgtccatc,,,
KL488,CTAGAGAGAAAGAGGAGAAATACTAGATGGTGTCTAaGGGCGAAGAG,,,
KL525,CCGGTAGAATTTCGAGGTCGACtaccgttcgtataatgtatgc,,,
KL520,atggtgagcaaggg,,,
KL518,AATTCccacggggttggggttgc,,,"[DEST 4 (hPGK, mPGK hygro), +, 4174, 4196]"
KL524,ccgaatcaccgacctctctccccagggggatccaccggataacttcgtatagcatacattatac,,,
KL521,CTACACATTGATCCTAGCAGAAGC,,,
KL523,CTACACATTGATCCTAGCtaccgttcgtataatgtatgctatacgaagttat,,,
KL519,ccggtggatccccctggggagag,,,
KL522,ataacttcgtatagcatacattatacgaacggtagccaccatggtgagcaaggg,,,
KL516,gttcgtgaccgccgccGTCGACCTCGAAATTCTACCG,,,
KL517,TCGAGTCAGGCACCGGGCTTGC,,,
KL515,CCTCCCCTACCCGGTAGAATTTCGAGGTCGACggcggcggtcacgaactcc,,,
KL367,CTATGCTCCTGGAGAGAACGTC,,,
KL366,GGTTGCTCATAAAGTCGGTGC,,,
KL368,CTGGGAAATACATCAGCTGGC,,,
KL365,GCTATGGTAGGATGGGTGTC,,,
KL678,cTGATATCTGCAGAATTCCACC,,,
KL677,tcgagTGATATCCAGCACAGTGGCGGCCCG,,,
KL679,ggGAcaatcaacctctggattac,,,
KL676,tcgagTTGCCTggtaccGAGCCGttaattaaTTGAGGgctagcCAAAAGggcgcgccGTCCGACgggcc,,,
KL675,cGTCGGACggcgcgccCTTTTGgctagcCCTCAAttaattaaCGGCTCggtaccAGGCAAc,,,
KL674,cgatTGATATCTGCAGAATTCCACCACACTGG,,,
KL673,ggTGATATCCAGCACAGTGGCGGCCGCTCG,,,
KL672,ggGAGCCGttaattaaTTGAGGcatatgCAAAAGggccggccTAATACtgatcaGTCCGACat,,,
KL670,GTCTAGATATCTCGAGTGCGGCCGCGTCATTCGGGTGTAGTCACAG,,,
KL671,cgatGTCGGACtgatcaGTATTAggccggccCTTTTGcatatgCCTCAAttaattaaCGGCTCcctgca,,,
KL614,CTAGATATCTCGAGTGCGGC,,,
KL597,CTTCGCCCtTAGACACCATggtggctcagtgaaaaggagggtgcc,,,
KL580,gttttctgccgccacatc,,,
KL556,AGACACCATCTAGTAtttcccctctttCTCTCTAGTAgctagcatagtcc,,,
KL540,GATGGTATTCAAGAGAGTAGGGAG,,,
KL491,CAATTCAGTCGACTGGATCTCGAGCgcttgatatggccaagagac,,,
KL477,TTGCTGTGGGACCCAGGACTCGCAGGCCAcctAGAAAACTGAGACCCAGGGCTGTCTCCA,,,
KL461,CaggAGCGGAagaTCACCCCGGAGAAGAGCTGCGTCCATGGACAACAACAGTagaTTTGC,,,
KL446,GCGACTTCAACACCTCATCG,,,
KL430,GGCACAGGAGCGCTGCCGGGGCAGCGGCTCGAAGTC,,,
KL412,CCATCATGGCAAGCACAGAG,,,
KL403,tgctgccggtgccatgccccatgttGCCTGGCACCCAGCTCTGAG,,,
KL390,GATCTCGAGCTCAAGCTTCGttaatGGAACCAATTCAGTCGACTG,,,
KL372,TTAGCCTGACACCCAGCTGTGTGTT,,,
KL357,aatcaccgacctctctccccaggGCCACcATGGGGGTGAACGCCGTGCAC,,,
KL340,caccgacctctctccccaggGCCACcATGGCCGAAGCGCCCCAGGTG,,,
KL324,CTCGCCCAATTATGCTGCAC,,,
KL304,GGTCTAGATATCTCGAGTGCGGCCGCTCATATCGGCTTGTAGAGGAGGG,,,
KL290,gGTGGCcctggggagagaggtcggtg,,,
KL277,tGAGCTGTTTCTGAGGAGCCttcaagagaGGCTCCTCAGAAACAGCTCttttttc,,,
KL259,tgggatggacgagctgtacaagTAAGCGGCCGCACTCGAGATATC,,,
KL745,actagttccggatgagctgc,,,"[pSJ77 - pENTR: crSJ6 (mouse nfkb1)_IRES_H2B-Clover-LoxP, -, 2180, 2199], [pSJ70 - pENTR: IRES_H2B-Clover-LoxP, -, 1639, 1658], [pSJ69 - pENTR: PGK_IRES_H2B-Clover-LoxP, -, 2719, 2738], [pSJ97 - pENTR: HIF1a_Bagnall et al Linker_mClover_2A_H2B-mRuby, -, 4915, 4934], [pSJ75 - pENTR: crSJ5(mouse nfkb1)_IRES_H2B-Clover-LoxP, -, 2180, 2199], [pSJ35 - pENTR: HIF1a_Bagnall et al Linker_Venus_2A_H2B-mRuby, -, 4948, 4967], [test pSJ97 - pENTR: HIF1a_Bagnall et al Linker_mClover_2A_H2B-mRuby, -, 4915, 4934], [pSJ79 - pENTR: crSJ7(mouse nfkb1)_IRES_H2B-Clover-LoxP, -, 2180, 2199], [pSJ72 - pENTR: crSJ4(mouse nfkb1)_IRES_H2B-Clover-LoxP, -, 2180, 2199], [pSJ121 - pENTR: PGK_HIF1a_Bagnall et al Linker_mClover_2A_H2B-mRuby, -, 5464, 5483]"
KL727,GATTCTCCCAGACTGCCTGTGTAGACGGgccaccatggtgagcaagggc,,,
KL711,CATCAACCAAAGAAGTATTTATAGTAACAACTTATATGTGATAAGAGTGAATTCCTATTA,,,
KL695,CATCTCGAGGGCCCGGTACctttaagaccaatg,,,
KL770,GCAGCAGCTATCCTGGGCGGCGTAGAC,,,
KL761,GGTCTAGATATCTCGAGTGCGGCCGCttaGTACATGTCCTTGTAGATTTC,,,
KL760,cggcagcaccggcagcggcagctccATGGAACAGCCACAGGAGGAG,,,
KL762,cggcagcaccggcagcggcagctcaATGGAACAGCCACAGGAGGAG,,,
KL759,cccagacccagaggattaag,,,
KL492,CAATTCAGTCGACTGGATCTCGAGCcctatgataagtctacactg,,,
KL476,GGACCCTCTTGCCCAGACTGGAGAGATGCtctTTTCTTAGCAGCCCGCCCTCGGCTcctA,,,
KL462,TGCGTCCATGGACAACAACAGTagaTTTGCTaggAGCCGAGGGCGGGCTGCTAAGAAAag,,,
KL445,GGATGGACGAGCTGTACAAG,,,"[PE030v2 - pENTR: CMV_CRE-TKNLS_2A_H2B-mRuby-bgh, +, 4239, 4258], [pSJ21 - pENTR: ddGFPa-3xNLS_2A_JNKKTR-ddGFPb_2A_H2B-mRuby_PGK-Puro, +, 3477, 3496], [pSJ68 - pLenti: hPGK_mRuby2_inactive mGAPDH_WPRE-mpGK-puro, +, 1769, 1788], [pSJ64 - pENTR: hPGK_mRuby2_inactive mGAPDH, +, 1769, 1788]"
KL431,GCTGCCCCGGCAGCGCTCCTGTgccTGGCCGCTGCCCAGGCCGGAG,,,
KL422,tGGTCTCAAGTCTTGATAAAttcaagagaTTTATCAAGACTTGAGACCttttttc,,,
KL406,caccgacctctctccccaggGCCACcATGGCTGCGAAGCTGCGAGC,,,
KL503,TATTTCTCCTCTTTCTCTCTAGTAgctagcattatacctaggactgag,,,
KL470,GGTCTAGATATCTCGAGTGCGGCCGCTCAGCCCGGCACCCAGCTCTG,,,
KL440,ggttgttctttgtggtcctg,,,
KL418,CCATTTCGTCACTGTCCATG,,,
KL396,GATATCTCGAGTGCGGCCGCcctgcaTCAGCCCGGCACCCAGCTCTG,,,
KL377,GTTAAAATCCAAGGTATCTCCATCCATGAGGTCATTCCGAATGATGG,,,
KL361,GAACGACCTCGAATGAATGC,,,
KL350,CCAGATGCCTATGCAGACAC,,,
KL331,ggatcctctagaccacggggttggggttgcgc,,,
KL315,GCAGAAGAACGGCATCAAGG,,,"[pSJ84 - pENTR: mouse p65 promoter_p52-(GGGS)x2-mClover_2A_H2B-mRuby2, +, 4450, 4469], [TK427 - pENTR: mouse p65 promoter_Patl1(DNASU)-mClover_2A_H2B-mRuby2, +, 5374, 5393], [pSJ7 - pENTR: PGK_H2B-Clover-LoxP_2A_PuroTK-LoxP, +, 2025, 2044], [pSJ85 - pENTR: mouse p65 promoter_cRel-(GGGS)x2-mClover_2A_H2B-mRuby2, +, 4660, 4679], [pSJ37a - pENTR: mouse p65 promoter_p50-mcClover_2A_H2B-iRFP670, +, 4362, 4381], [pSJ86 - pENTR: mouse p65 promoter_RelB-(GGGS)x2-mClover_2A_H2B-mRuby2, +, 4762, 4781], [pSJ112 - pENTR: hPGK_p65-(GGGS)x2-mClover_2A_H2B-mRuby2, +, 3833, 3852], [pSJ83 - pENTR: mouse p65 promoter_p50-(GGGS)x2-mClover_2A_H2B-mRuby2, +, 4372, 4391], [pSJ111 - pENTR: HSV TK_p65-(GGGS)x2-mClover_2A_H2B-mRuby2, +, 3529, 3548], [pSJ82 - pENTR: mouse p65 promoter_p65-(GGGS)x2-mClover_2A_H2B-mRuby2, +, 4735, 4754], ...more sites present"
KL284,ATGGTGTCTAaGGGCGAAGAG,,,
KL269,tGCAGGTAAAGATCTTTGAAttcaagagaTTCAAAGATCTTTACCTGCttttttc,,,
KL258,CTAGATATCTCGAGTGCGGCCGCTTActtgtacagctcgtccatc,,,
KL660,TCAggcggcggtcacgaactccag,,,
KL 751,ctctctccccagggggatccaccggATGAAGCCAGGTTTCAGC,,,
KL737,tctGCGAATTGAATTCTTCCAGC,,,
KL721,CCTCGAACTCAGAAATCTGC,,,
KL701,GGTGCGCGTTCTTAATCTTTGCGA,,,
KL685,GTGCTTCTGCTAGGATCAATGTGTAGGAAACCCTGGACCACTCACC,,,
KL468,CAGCCCTGGGTCTCAGTTTTCTcagTGGCCTGCGAGTCCTGGGTC,,,
KL450,ATGGCTGCGAAGCTGCGAGC,,,
KL437,GGTCTAGATATCTCGAGTGCGGCCGCTCAGGGATCTGGCTCAAAGTTG,,,
KL425,tcgagaaaaaaGAAACCAGCCAGCTATAAAtctcttgaaTTTATAGCTGGCTGGTTTCa,,,
KL409,aacatggggcatggcaccggcagcac,,,
KL398,cggcagcaccggcagcggcagctccATGGATCCAGAGAATAAGAAG,,,
KL378,CTCATGGATGGAGATACCTTGG,,,
KL352,CGCTGGAGTTTCAATACCGG,,,"[KB018 (pRS415-LambdaBor::Kan-CMV-CRE-NLS-2A-H2B-mRuby-bgh), +, 29948, 29967], [KB014 (pRS415-LambdaBor::Kan-CMV-CRE-NLS), +, 29948, 29967], [KB020 (pRS415-LambdaBor::Kan-CMV-CRE-NLS-2A-H2B-Clover-bgh), +, 29948, 29967], [KB018 (pRS415-LambdaBor::Kan-CMV-CRE-NLS-2A-H2B-mRuby-bgh), +, 29948, 29967]"
KL339,CAGATCGTCCATGGTCAGGTCTAGA,,,"[pKL24, -, 8122, 8146]"
KL322,GATGATGACCACGTGCCAAC,,,
KL305,GGTTTTCCAGTCACACCTCAGGTACccacggggttggggttgcgc,,,
KL291,aacatggggcatggcaccgg,,,"[pSJ7 - pENTR: PGK_H2B-Clover-LoxP_2A_PuroTK-LoxP, +, 1501, 1520], [pSJ37a - pENTR: mouse p65 promoter_p50-mcClover_2A_H2B-iRFP670, +, 5020, 5039]"
KL271,tTGCCAGAGGTCTATATTAAttcaagagaTTAATATAGACCTCTGGCAttttttc,,,
KL664,GTCTAGATATCTCGAGTGCGGCCGCcGGTTGCAAAGGTATACTTTATTC,,,
KL754,cagcaccggcagcggcagctcaATGGCTTGTGCCCGTCCCCTC,,,
KL736,GATTCAATGAGAGAGGCTGAC,,,
KL720,GGTTGCTGGGAATTGAACTG,,,
KL706,CAATTCAGTCGACTGGATCTCGAGCcttcaacctctgtccagatg,,,
KL690,gacaagatgtctgggttgtg,,,
KL764,tgagctgccgctgccggtgctgc,,,
KL423,tcgagaaaaaaGGTCTCAAGTCTTGATAAAtctcttgaaTTTATCAAGACTTGAGACCa,,,
KL407,gtgctgccggtgccatgccccatgttGCCCGGCACCCAGCTCTGGTTAG,,,
KL387,GGATCTCGAGCTCAAGCTTCGttaattaaccacggggttggggttgcgcc,,,
KL362,GAGGACAGATCCCAATGGAG,,,
KL345,cggcagcaccggcagcggcagctcaATGGCCGAAGCGCCCCAGGTG,,,
KL328,TGTACGGTCAGTAAATTGGCCATggtggcAAGCTTCAGCTGCTCGATCG,,,
KL311,TCACTAGTACCCTCGCAGAC,,,"[pSJ9 - PiggyBac: PGK_ddGFP-A-NLS_2A_JNKKTR-ddGFP-B_2A_H2B-mRuby, +, 1437, 1456]"
KL296,accgacctctctccccaggGCCACcATGGGCAACACGAGCAGCGAG,,,
KL280,tctctccccagggggatccaccggatggtgagcaagggcgaggag,,,
KL264,CTAACTTCAGCCTGCTGAAGCAGGCTGGAGACGTGGAGGAGAACCCTGGACCTATGAACCGGGGAGTCCCTTTTAGgc,,,
KL657,ctctgtcctccactcccttc,,,
KL749,aacatggggcatggcaccggcagcaccggcagcggcag,,,
KL733,GTGTTCTGCTGGTAGTGGTC,,,"[pMGC004, -, 5072, 5091], [pSJ37a - pENTR: mouse p65 promoter_p50-mcClover_2A_H2B-iRFP670, -, 4432, 4451], [pMGC001, -, 2472, 2491], [pMNM7 (pBR322-AmpR-US_Int-mClover-DS), -, 4472, 4491], [pMGC010, -, 4004, 4023], [pMGC008, -, 1404, 1423], [pMNM7 (pBR322-AmpR-US_Int-mClover-DS), -, 4472, 4491], [pMGC003, -, 2472, 2491]"
KL719,CCTGGTCTACAGAGTGAGTTC,,,
KL700,TCTTTTGGCTGCTCCGGCGT,,,
KL684,GTGCTTCTGCTAGGATCAATGTGTAGGTATCTGGGGGTGGGGGACAG,,,
KL416,CTGGAAGAACTCCATTCGGC,,,
KL399,cggcagcaccggcagcggcagctccATGGCTGCGAAGCTGCGAGC,,,
KL381,ACTGGATCCCCAGGTTCTGGAAgtcATGGATACTGCGGTCTGGGC,,,
KL354,CATTCTGCACGCTTCAAAAGC,,,"[pSJ100 - pLenti: PGK_HIF1a_Bagnall et al Linker_mClover_2A_H2B-mRuby (puro), +, 10388, 10408], [DEST 1 (hPGK, mPGK puro), +, 7515, 7535], [pSJ154 - pLenti: mClover-(GGGGS)x2-p50, +, 7895, 7915], [pSJ119 - pLenti: mouse p65 promoter_p50-(GGGS)x2-mCerulean3_P2A_H2B-iRFP670 (puro), +, 8807, 8827], [pSJ153 - pLenti: mouse p65 promoter_mClover-(GGGGS)x2-p50, +, 7349, 7369], [DEST 1 (hPGK, mPGK puro), +, 7515, 7535], [DEST 1 (hPGK, mPGK puro), +, 7515, 7535], [pSJ150 - pLenti: HIF1a (L795A)-middleVenusPest, +, 9260, 9280], [DEST 5 (CMV, mPGK puro), +, 7533, 7553], [pSJ162 - pLenti: CMV_HIF1a_Bagnall et al Linker_mClover, +, 9197, 9217], ...more sites present"
KL335,CAGTCGACTGGATCTCGAGCataacttcgtatagcatacattatacgaacggtaCGAGAGCAGGTGCGCGACTC,,,
KL320,CAATGCTGATTGTGCCTGGC,,,"[pSJ21 - pENTR: ddGFPa-3xNLS_2A_JNKKTR-ddGFPb_2A_H2B-mRuby_PGK-Puro, +, 4186, 4205]"
KL306,CTTGTAAGTCATTGGTCTTAAAGGTACttacccggggagcatgtcaag,,,
KL285,GGTTTTCCAGTCACACCTCAGGTACAATTCTACCGGGTAGGGGAG,,,
KL270,tcgagaaaaaaGCAGGTAAAGATCTTTGAAtctcttgaaTTCAAAGATCTTTACCTGCa,,,
KL260,AGCCTGCTTCAGCAGGCTGAAGTTAGTAGCTCCGCTTCCggcggcggtcacgaactccag,,,
KL669,GTCTAGATATCTCGAGTGCGGCCGCTCATATGCAATTAGACAGTG,,,
KL654,cactgtgaagctgggttggg,,,
KL747,GGTCTAGATATCTCGAGTGCGGCCGCttacttgtacagctcgtccatgcc,,,
KL730,cagctcctcgcccttgctcaccatggtggcCCGTCTACACAGGCAGTCTG,,,
KL717,AGCCAAGACTGTGATTGCGGGGTTGTATCTGGGGGTGGGGGACAG,,,
KL703,TCGTCCATTGCATGATCGCGTG,,,
KL686,TTCGGGGTGGGGAAGAGATTGTCC,,,
KL401,ggagctgccgctgccggtgc,,,
KL382,CTCTGCCCAGACCGCAGTATCCATgccTTCCAGAACCTGGGGATCC,,,
KL364,TCAGTTACTGCTCTGCCGCTGGAC,,,
KL346,GTCTAGATATCTCGAGTGCGGCCGCTTAGCCTGACACCCAGCTGTG,,,
KL332,caaccccaaccccgtggtctagaggatccTCAAGCTGTGGCAGGGAAAC,,,
KL317,GGCACTGAAAGTTGATGGTG,,,"[pSJ64 - pENTR: hPGK_mRuby2_inactive mGAPDH, +, 1569, 1588]"
KL301,gcaccggcagcaccggcagcggcagctcaATGCGCAGACTCAGTTCCTG,,,
KL286,CTTGTAAGTCATTGGTCTTAAAGGTACTCAGGCACCGGGCTTGCGGG,,,
KL272,tcgagaaaaaaTGCCAGAGGTCTATATTAAtctcttgaaTTAATATAGACCTCTGGCAa,,,
KL663,gctggagttcgtgaccgccgccTGAGAAACCCTGGACCACTCACC,,,
KL756,caccgacctctctccccaggGCCACcATGGAACAGCCACAGGAGGAG,,,
KL740,CATAGGCATCTGGGGCAAAGGGCTCATGCTGGATTGGCCGTATGTG,,,
KL723,tcaGTCCGACatcgatTGATATCTGCAGAATTCCACCACACTGGAC,,,
KL708,TTTAAATATTAATAAATAGGTTTAGATTTAAAAATTCAAATAGTGCTGGCAGAATTATTC,,,
KL691,cctcgcccttgctcaccatggtggcgacacccttgggcctgttccagag,,,
KL768,CATCCCTGGTATTACTCTGCTTAATG,,,
KL391,cggcagcaccggcagcggcagctcaATGGCAGAGGCACCGGCTTC,,,
KL375,CTTGCTGTGAAGGGACAGATTG,,,
KL359,GTCTAGATATCTCGAGTGCGGCCGCTCAGTTACTGCTCTGCCGCTG,,,
KL342,ATTCAGTCGACTGGATCTCGAGCGCCACcATGGCCGAAGCGCCCCAGGTG,,,
KL323,GTGAAGATCGGCCACTACATC,,,
KL308,CTCGAGTGCGGCCGCgctagaattgttaggcggcggtcacgaactc,,,
KL293,accgacctctctccccaggGCCACcatggccgagaagcagaagcac,,,
KL276,tcgagaaaaaaGTTCCACCTTCATCTTTCAtctcttgaaTGAAAGATGAAGGTGGAACa,,,
KL680,tcgagGATAATCAACCTCTGGATTAC,,,
KL666,CACTACCTGAGCCATCAGTC,,,
KL744,GGAAGAGAAGGTAGCTGGCTTGTTCTCTTGGATGGTCTGCATGGGAGAC,,,
KL728,CCGTCTACACAGGCAGTCTG,,,
KL713,ATATATGTGTTATTTATAATTTCTGTCTCCTCAACTATTTCTCTTTGACCAATTAATTAT,,,
KL696,cattggtcttaaagGTACCGGGCCCTCGAGATG,,,
KL769,CATTAAGCAGAGTAATACCAGGGATG,,,
KL386,CTTGTCGCACAGCAAGAAGATC,,,
KL371,GTCCTCGAACCAGCTCAAATGCTAGTACCATCAGTGGGAGACTTTC,,,
KL353,GCTCCTAACTTGCTCTTGGAC,,,
KL341,gtgctgccggtgccatgccccatgttGCCTGACACCCAGCTGTGTG,,,
KL325,GACGACGGTACCTACAAGAC,,,
KL309,gatatcagggaacatgaatgg,,,
KL294,gctgccggtgccatgccccatgttctgtgcaagaattttaattagatttg,,,
KL278,tcgagaaaaaaGAGCTGTTTCTGAGGAGCCtctcttgaaGGCTCCTCAGAAACAGCTCa,,,
KL257,CTAACTTCAGCCTGCTGAAGCAGGCTGGAGACGTGGAGGAGAACCCTGGACCTatgccagagccagcgaagtc,,,
KL665,GTCTAGATATCTCGAGTGCGGCCGCAACCCCGCAATCACAGTCTTGGC,,,
KL742,GTCTCCCATGCAGACCATCC,,,
KL725,ccGTCCGACgggcccTGATATCTGCAGAATTCCAC,,,
KL707,TTCGGGGTGGGGAAGAGATTGTCCCAATAAGAATAATTCTGCCAGCACTATTTGAATTTT,,,
KL692,cctcgcccttgctcaccatggtggcGCAGGTTCTGCAGCTCC,,,
KL766,ggcagcaccggcagcggcagctcaATGAAGCCAGGTTTCAGC,,,
KL380,ACTGGATCCCCAGGTTCTGGAAggcATGGATACTGCGGTCTGGGC,,,
KL355,ATTCAGTCGACTGGATCTCGAGCGCCACcATGGGGGTGAACGCCGTGCAC,,,
KL337,ATTATCGACTCTTAACTGATG,,,
KL319,GATGTGTCTGAGCTGTCCAG,,,
KL303,gcaccggcagcaccggcagcggcagctcaATGGGCAACACGAGCAGCGAG,,,
KL292,aatcaccgacctctctccccaggGCCACcATGGACGATCTGTTTCCCCTC,,,
KL274,tcgagaaaaaaGCATGGCCCTCGAGTTCAAtctcttgaaTTGAACTCGAGGGCCATGCa,,,
KL262,GGTGACATCACCAAACTCCTG,,,"[pSJ36 - pENTR: mouse p65 promoter_p50-mClover_2A_H2B-mRuby2, +, 2309, 2329], [pSJ82 - pENTR: mouse p65 promoter_p65-(GGGS)x2-mClover_2A_H2B-mRuby2, +, 2309, 2329], [pSJ103 - pENTR: mouse p65 promoter_p50-(GGGS)x2-mCerulean3_P2A_H2B-mRuby2, +, 2309, 2329], [TK441 pLenti Blast (gateway from TK427 - pENTR: mouse p65 promoter_Patl1(DNASU)-mClover_2A_H2B-mRuby2), +, 2309, 2329], [pSJ102 - pENTR: mouse p65 promoter_p65-(GGGS)x2-mClover_T2A_H2B-mRuby2, +, 2309, 2329], [pSJ41 - pENTR: mouse p65 promoter_p50-(GGGS)x2-mClover_2A_H2B-iRFP670, +, 2333, 2353], [TK436 - pENTR: mouse p65 promoter_Patl1(DNASU)-mClover_2A_H2B-mRuby2 mutated first K, +, 2309, 2329], [TK498 (pLenti Blast gateway from TK434 - pENTR: mouse p65 promoter_Patl1(DNASU)-mClover_2A_H2B-mRuby2 mut2), +, 2309, 2329], [TK434 - pENTR: mouse p65 promoter_Patl1(DNASU)-mClover_2A_H2B-mRuby2 mut2, +, 2309, 2329], [pSJ143 - pENTR: mouse p65 promoter_p50-(GGGS)x2-mClover, +, 2333, 2353], ...more sites present"
KL667,GTCTAGATATCTCGAGTGCGGCCGCGGGTGCAGCGAACTTTATTGATGG,,,
KL758,CACATCTACAACGCCTACCTG,,,
KL741,tctCCGGATGGAGTTCTTCCAGC,,,
KL722,CGGCTCcctgcaggGAcaatcaacctctggattacaaaatttgtg,,,
KL710,TTGTTACTATAAATACTTCTTTGGTTGATGCATCTAAAATAGATTCTCCATATAAATAGT,,,
KL693,GCACAATTCGAGCTCGGTACCtttaagacc,,,
KL767,GATATCTCGAGTGCGGCCGCTCATCAGTTCTTCACCTTGGGA,,,
KL326,GCTCGAGATCCAGTCGACTG,,,
KL310,gtcggctccctcgttgaccg,,,"[pSJ124 - pENTR: PGK_mClover_HIF1a, +, 1628, 1647], [pSJ63 - pENTR: PGK_inactive-mGAPDH_mRuby2, +, 1029, 1048], [pKL564, +, 1360, 1379], [pMC003 (PGK-integrase-2A-puro-gbh(Term)), +, 2656, 2675], [pKL523 (pDEST with PGK-Hygro, PGK-att), +, 4652, 4671], [pPE032 (PGK-integrase-NLS-2A-mRuby2-bgh(Term)), +, 2656, 2675], [pSJ67 - pLenti: PGK_inactive-mGAPDH_mRuby2_WPRE-mpGK-puro, +, 1029, 1048], [pSJ9 - PiggyBac: PGK_ddGFP-A-NLS_2A_JNKKTR-ddGFP-B_2A_H2B-mRuby, +, 1652, 1671]"
KL295,accgacctctctccccaggGCCACcATGCGCAGACTCAGTTCCTG,,,
KL279,cctggggagagaggtcggtg,,,
KL263,GTGTATTTCACGGGACCAGG,,,
KL656,tcactgactacaatacagcc,,,
KL750,gctgccggtgccatgccccatgttTTATGCAGCTGGCTTC,,,
KL734,ctgaacttgtggccgtttac,,,"[pSJ144 - pENTR: p50-(GGGGS)x2-mClover, -, 2561, 2580], [pSJ103 - pENTR: mouse p65 promoter_p50-(GGGS)x2-mCerulean3_P2A_H2B-mRuby2, -, 3968, 3987], [pSJ41 - pENTR: mouse p65 promoter_p50-(GGGS)x2-mClover_2A_H2B-iRFP670, -, 3992, 4011], [pSJ143 - pENTR: mouse p65 promoter_p50-(GGGS)x2-mClover, -, 3992, 4011], [pSJ118 - pENTR: mouse p65 promoter_p50-(GGGS)x2-mCerulean3_P2A_H2B-iRFP670, -, 3968, 3987]"
KL712,GGAGACAGAAATTATAAATAACACATATATTAATAGGAATTCACTCTTATCACATATAAG,,,
KL698,GGGCGTACTTGGCATATGATACACTTGATG,,,"[KB020 (pRS415-LambdaBor::Kan-CMV-CRE-NLS-2A-H2B-Clover-bgh), -, 28558, 28587], [KB014 (pRS415-LambdaBor::Kan-CMV-CRE-NLS), -, 28558, 28587], [KB018 (pRS415-LambdaBor::Kan-CMV-CRE-NLS-2A-H2B-mRuby-bgh), -, 28558, 28587], [KB018 (pRS415-LambdaBor::Kan-CMV-CRE-NLS-2A-H2B-mRuby-bgh), -, 28558, 28587]"
KL683,GTGCTTCTGCTAGGATCAATGTGTAGTTCGGGGTGGGGAAGAGATTG,,,
KL313,CTGATGTGCATCGGCAAGTG,,,
KL300,gcaccggcagcaccggcagcggcagctcaatggccgagaagcagaagcac,,,
KL282,tgctggagttcgtgaccgccgccCGCATGCATAAGTTTTCTCAAG,,,
KL265,CTAGATATCTCGAGTGCGGCCGCTCAGTGCCGGCACCTGACAC,,,
KL658,gcttcccaacccagcttcacagtg,,,
KL752,ccggtgctgccggtgccatgccccatgttTCAGTTCTTCACCTTGGGAGGT,,,
KL738,CACATACGGCCAATCCAGCATG,,,
KL726,CCAATTCAGTCGACTGGATCTCGAGCTCAggcggcggtcacgaactccag,,,
KL705,CAATTCAGTCGACTGGATCTCGAGCctgagtttgaggccagcctg,,,
KL688,GTATCTGGGGGTGGGGGACAG,,,
KL267,tCCAGTGTGATGGCGAGTAAttcaagagaTTACTCGCCATCACACTGGttttttc,,,
KL662,gctggagttcgtgaccgccgccTGAGTATCTGGGGGTGGGGGACAG,,,
KL755,GATATCTCGAGTGCGGCCGCTCATTATGCAGCTGGCTTC,,,
KL739,CGGCGGGCTGGAAGAATTCAATTCGCagaAATCTGTCCCTTCACAGCAAG,,,
KL724,cAGGCAActcgagATAATCAACCTCTGGATTACAAAATTTGTG,,,
KL709,TAAATCTAAACCTATTTATTAATATTTAAAACTATTTATATGGAGAATCTATTTTAGATG,,,
KL694,ggtcttaaaGGTACCGAGCTCGAATTGTGC,,,"[pKL634 (pLenti_X1_Blast_DE), -, 5322, 5351]"
KL771,GTCTACGCCGCCCAGGATAGCTGCTGC,,,
KL661,gctggagttcgtgaccgccgccTGATTCGGGGTGGGGAAGAGATTG,,,
KL753,tgagctgccgctgccggtgctgccggtgccatgccc,,,
KL735,CTGTCTCCACTGTCTCCATG,,,
KL718,GGTCTACCCACTGCAATAAG,,,
KL704,TGCAGAGCCGGTCAGAACGA,,,
KL687,cGGTTGCAAAGGTATACTTTATTC,,,
KL743,TCTGCCGGCTGGAAGAACTCCATCCGGagaAACCTGTCACTGCATAGTCG,,,
KL729,CACAGGTTGGCCTCAATCCTTC,,,
KL715,TGTCCCCCACCCCCAGATACAACCCCGCAATCACAGTCTTGGCTAATTAG,,,
KL697,CATCAAGTGTATCATATGCCAAGTACGCCC,,,
KL773,GGTGGATCCCGGGCCCGCGGTACCGTCGACTGCAGAATTCGAAGCTTGAG,,,
KL732,GGAACCAATTCAGTCGACTGGATCTCGAGCCTACACATTGATCCTAGCAG,,,
KL716,CAACCCCGCAATCACAGTCTTGGCTAATTAG,,,
KL702,CCTCCACGCATTTGTTCAATCGCT,,,
KL689,GAAACCCTGGACCACTCACC,,,
KL765,GGCAGCCTCAACATGGAATGTC,,,
KL979,tttcttaAGCTACTAAAGCGTAGTTTTCGTCGTTTGCTGCAGGCCTtttg,,,
KL978,CTACGCTTTAGTAGCTtaagaaaacgattccttctaacagaaatgtC,,,
KL919,CCTGCCATCTCGAATTTCTG,,,
KL917,GGGCCCTGAGGCCTGCAGGGATCCAAGCTTttagcgttggtggtgggcgg,,,
KL918,GTTCTTTGGACGCGAAACTC,,,
KL907,TCCTCTAGATTTAAGAAGGAGATATACATATGGTGAGCAAGGGCGAGGAG,,,
KL911,ctacGCATGCccaacaactggctccgcccac,,,
KL915,atcttctctcatccgccaaaacagccaagcttagcgttggtggtgggcgg,,,
KL914,tctagatttaagaaggagatatacatatggcgcgtaaggtcgatctcacc,,,
KL906,CTTCTCTCATCCGCCAAAACAGCCAAGCTTACTTGTACAGCTCGTCCATG,,,
KL908,CTTCTCTCATCCGCCAAAACAGCCAAGCTTACTTGTACAGCTCGTCCATG,,,
KL916,TGCATAtttaagaaggagatatacatatggcgcgtaaggtcgatctcacc,,,
KL909,tcagCCTGCAGGgtgtttcccaacacggacac,,,
KL910,ctacGCATGCccaacaactggctccgcccac,,,
KL905,tcctctagatttaagaaggagatatacatATGGTGAGCAAGGGCGAGGAG,,,
KL913,gataCCTGCAGGGTCGACTGAATTGGTTCCTT,,,
KL912,actgGCATGCgccaccatggtgagcaaggg,,,
KL904,GCTTGGCTGTTTTGGCGGATGAGAGAAGATTTTCAGCCTGATACAG,,,
KL902,catatgtatatctccttcttaaatc,,,
KL903,gcttggctgttttggcggatg,,,
KL901,CATATGTATATCTCCTTCTTAAATCTAGAGGATCTTAACATTTTCAGCG,,,
KL900,ctgcagggatccaagcttgtcgaccacgaggcctgcagggatccaag,,,
KL940,gctgaaaggcattgactttaaagaagacggcaatatcctgggccataagc,,,
KL942,gaggatctgctcatgtttgacagc,,,
KL939,tattccagcttatggcccaggatattgccgtcttctttaaagtcaatgcc,,,
KL937,ctcgcccttgctcaccatGGTGGCTGACCCTGGCAGCAGCCATCAGG,,,
KL936,ctcgcccttgctcaccatGGTGGCAGTTTCAAACCAGTGACACTGTGTC,,,
KL935,caccgccgcccaccaccaacgctaaaagcttgatatcgaattcctgcag,,,
KL938,ccccatcggtgatgtcggcgatataggcgatgcgtaaaggcgaagagctg,,,
KL934,AAGCTTGATATCGAATTCCTGCAG,,,
KL926,GGCCCGGGATCCACCGGCCGGTCGCCACCatgcgtaaaggcgaagagctg,,,
KL957,tGCTTAATTTCTCCTCTTTAATTCTAcGGTACCGGCCGCATGCAAATATC,,,
KL954,tccccatcggtgatgtcggcgatataggcgTGGTAGTTTGGGACTACAGC,,,
KL960,TGTTCAAGCATGGAATAGGAAAAAC,,,
KL963,ACAACGGCCTGCTCGCAAAAAAGC,,,
KL956,gtgatgtcggcgatataggcgCGCATTTATTCTGGTATAAGTTGAAATAC,,,
KL958,cccatcggtgatgtcggcgatataggcgACAGTAGTTAAGCGCGTTATCG,,,
KL952,gtgatgtcggcgatataggcgTTGTAAATGCTCTTTATTAGCGTGTGTTG,,,
KL953,tGCTTAATTTCTCCTCTTTAATTCTAcTACCACAAAGAGTGTTCGGCCTG,,,
KL955,TCTCCTCTTTAATTCTAcAATGCTTTTCCTTAAAATAAATACATCGTAAG,,,
KL951,TTAATTTCTCCTCTTTAATTCTAcACAACGGCCTGCTCGCAAAAAAGCAG,,,
KL950,tcggtgatgtcggcgatataggcgAAGAATGAGGCGCCATGTTTTTACAC,,,
KL949,TAATTTCTCCTCTTTAATTCTAcGGTACCTTTTGTAGGCTTTTAAAAGCC,,,
KL948,tcggtgatgtcggcgatataggcgTGTTCAAGCATGGAATAGGAAAAACG,,,
KL946,gTAGAATTAAAGAGGAGAAATTAAGCatgcgtaaaggcgaagagctg,,,
KL944,actgGCATGCcccccttataatcaggttggat,,,
KL945,CTTTAAAGGAACCAATTCAGTCGACGCATGCATATATGAATCCTGCAGGGCCACCatggtgagcaagggcgagg,,,
KL947,cgcctatatcgccgacatcaccgatggg,,,
KL943,cgcctatatcgccgacatcac,,,
KL980,aAGGCCTGCAGCAAACGACGAAAACTACGCTTTAGTAGCTtaagaaaacg,,,
KL974,GCCTGAGAAGTTACGGAGAG,,,
KL976,GAACGGCACTTTCATTGCATC,,,"[pKL473, -, 3220, 3240], [pKL473, -, 3220, 3240], [pKL541, -, 1465, 1485]"
KL970,ACAGTAGTTAAGCGCGTTATCG,,,
KL973,TTGAGCTGAAAGGCATTGAC,,,
KL971,CCCAGAGCGGACTGGGATTTG,,,
KL967,AATGCTTTTCCTTAAAATAAATACATCG,,,
KL966,TGGTAGTTTGGGACTACAGC,,,
KL983,GCTACTAAAGCGTAGTTTTCGTCGTTTGCTGCAGGCCTtttgtacag,,,
KL982,TGCAGCAAACGACGAAAACTACGCTTTAGTAGCTtaaCATTATTATCATG,,,
KL809,tacgtgaaccatacctttgatcc,,,
KL810,tttctctggaatacagcaacagtgc,,,
KL806,gttgttgtgtgcctttagaccaac,,,
KL807,cttaggaaatcaatatccatgaaag,,,
KL808,ccttctcagaatcttcctaatttag,,,
KL805,gagattttcctggagactg,,,
KL801,ggaaaaggcgcaaccccaaccccgtggGATATCTCGAGTGCGGCCGC,,,
KL803,GCTCGAGATCCAGTCGACTGAATTGG,,,
KL802,CCAATTCAGTCGACTGGATCTCGAGCtgggatctgggagcaggtaaaactta,,,
KL804,ggtgctttttgtcctcacaagg,,,
KL800,ccacggggttggggttgcgcc,,,
KL820,AAGGAACCAATTCAGTCGACtgggatctgggagcaggtaaaacttaaatt,,,
KL822,CTTTAAAGGAACCAATTCAGTCGACtcatttgactttagaaatttttcacttctccac,,,
KL825,ctcgcccttgctcaccatGGTGGCtgggagctgcctgactgaaaaggaggacag,,,
KL824,AAAGGAACCAATTCAGTCGACtgacataataaaaccatggatatacag,,,
KL817,GCTCGAGATCCAGTCGACTG,,,
KL818,GCCACCatggtgagcaaggg,,,
KL816,TCAAGCTTCGAATTCTGCAG,,,"[pSJ130 - pENTR: PGK_HIF1a (796-836)_Bagnall et al Linker_mClover, +, 4120, 4139], [pSJ126 - pENTR: PGK_HIF1a_Bagnall et al Linker_mClover (P402A, P577G), +, 4243, 4262], [pSJ159 - pENTR: HIF1a_Bagnall et al Linker_mClover, +, 3694, 3713], [pSJ128 - pENTR: PGK_HIF1a_Bagnall et al Linker_mClover (K729T), +, 4243, 4262], [test pSJ97 - pENTR: HIF1a_Bagnall et al Linker_mClover_2A_H2B-mRuby, +, 3694, 3713], [pSJ123 - pENTR: PGK_HIF1a_Bagnall et al Linker_mClover, +, 4243, 4262], [pSJ97 - pENTR: HIF1a_Bagnall et al Linker_mClover_2A_H2B-mRuby, +, 3694, 3713], [pSJ127 - pENTR: PGK_HIF1a_Bagnall et al Linker_mClover (L397A, L400A), +, 4243, 4262], [pSJ121 - pENTR: PGK_HIF1a_Bagnall et al Linker_mClover_2A_H2B-mRuby, +, 4243, 4262], [pSJ7 - pENTR: PGK_H2B-Clover-LoxP_2A_PuroTK-LoxP, +, 1060, 1079]"
KL819,GTCGACTGAATTGGTTCCTT,,,"[pENTR_Lox66_mClover_Lox71, -, 1097, 1116]"
KL815,gagagaatgccactgagaaaa,,,
KL813,gacgccatgagagatactgtcttcc,,,
KL812,caaggtcaacccagctatgccc,,,
KL811,gacatcagtaattctaatcatcc,,,
KL814,ccagcccaattacttgatttg,,,
KL854,cttcgggtcaaactcgggtc,,,
KL852,gaagatggagcagcatatcg,,,
KL853,ccacacaaagaaaacatgtc,,,
KL849,ctctgcctttcctgcctctg,,,
KL848,ctgagtgatgtctccagag,,,
KL845,CTGTGGTCTCCACCCAGCAC,,,
KL842,gacaattatgtgtgatttc,,,
KL843,CTAAAAGACAGAGGGCACATC,,,
KL847,CAGCGTGGATATAGGCTACC,,,
KL844,GTATGACGTGAGAGACCACGG,,,
KL846,GGCTCCTTTCAGGACTAG,,,
KL841,gtttatccaacaactggctc,,,
KL839,cccccttataatcaggttgg,,,
KL840,cttaaattcctagctagcttc,,,
KL837,GGCTTTAAAGGAACCAATTCAGTCGACgcaggtaaaacttaaattcctagctagcttc,,,
KL838,tgggatctgggagcaggtaa,,,
KL836,GGCTTTAAAGGAACCAATTCAGTCGACtgggatctgggagcaggtaaaacttaaattcc,,,
KL833,GTTCATGCTTGTGAAGGATG,,,
KL831,ctcgcccttgctcaccatGGTGGCgctctgcagagctattttgcataac,,,
KL835,cagggtccactcatcttc,,,
KL834,CTCAAGTATGGTGTCCATGAG,,,
KL832,GAGCTCAAGCTTCGAATTCTG,,,
KL826,AAGGAACCAATTCAGTCGACtgatggtcttgtcttttcgtttccagcac,,,
KL828,AAGGAACCAATTCAGTCGACcatcctgagcatccctgtcgacaacc,,,
KL830,AAGGAACCAATTCAGTCGACtgcgcatgtgtgcacatgagtgtgcagg,,,
KL829,ctcgcccttgctcaccatGGTGGCctgaaaagaaaggaaaggggattagg,,,
KL827,ctcgcccttgctcaccatGGTGGCggatatggccaacccatggctccattcaag,,,
KL872,AGATATTATCAAGATAAGGAGCGTACAAATGGTtAGCAAGGGCGAGGAGG,,,
KL871,gtttgcgggcagcaaaacccgtaccCTTTGAGTGAGCTGATACCG,,,
KL873,CTTATCTTGATAATATCTATTCATATGCACTCCTACTATTTAATATGTAC,,,
KL869,GAGTGCATAtttaagaaggagatatacatATGGTGAGCAAGGGCGAGGAG,,,
KL861,CTTTAAAGGAACCAATTCAGTCGACttctgagtgatgtctccagagaagatg,,,
KL860,AAGGAACCAATTCAGTCGACgtgtttcccaacacggacacacacac,,,
KL863,ctcgagtcgacagttcatag,,,
KL865,ctcgaggtgaagacgaaagg,,,"[pKL541, -, 1815, 1834], [pKL545, -, 62, 81]"
KL864,ggtacgggttttgctgcccg,,,
KL859,ctcgcccttgctcaccatGGTGGCccaacaactggctccgcccaccgaatgg,,,
KL857,ccaacaactggctccgcccac,,,
KL858,cccccttataatcaggttggatctgtttatccaacaactggctccgccca,,,
KL856,gtgtttcccaacacggacac,,,
KL889,CTACTTGAAGCTGTCCTTCC,,,"[pkL552_mod, +, 5156, 5175], [pTRE3G_Casp11_mCherry, +, 1762, 1781], [pEntr_Casp11-mCherry, +, 155, 174]"
KL892,CCTTGATTCTTTCCAGTCTG,,,
KL888,tttgcgggcagcaaaacccgtaccCTTTGAGTGAGCTGATACCGCTCGCC,,,
KL890,CATGGTCTTCTTCTGCATTACG,,,"[pKL541, -, 4104, 4125], [pTRE3G_Casp11_mCherry, -, 1921, 1942]"
KL887,tgagcgaggaagcggaatatatccCTTTGAGTGAGCTGATACCGCTCGCC,,,
KL885,ATGGTGAGCAAGGGCGAGGAG,,,"[pSJ160 - pENTR: mClover_Bagnall et al Linker_HIF1a, +, 1155, 1175], [pBR322 AmpR US Int mClover DS, +, 3932, 3952], [pMGC010, +, 3464, 3484], [pMNM7 (pBR322-AmpR-US_Int-mClover-DS), +, 3932, 3952], [pMGC008, +, 864, 884], [pSJ37 - pENTR: mouse p65 promoter_p50-mcClover_2A_H2B-iRFP670, +, 3901, 3921], [pKL564, +, 1921, 1941], [pSJ16 - pENTR: PGK_mClover_Bagnall et al Linker_HIF1a, +, 1704, 1724], [PE011 (AmpR mClover DS-Int), +, 1932, 1952], [pMGC003, +, 1932, 1952], ...more sites present"
KL883,CGTGAACGGCCACGAGTTCG,,,"[pKL473, +, 3909, 3928], [pKL473, +, 3909, 3928]"
KL882,gccagatatcgacgtctaag,,,
KL886,GTGAGCTGATACCGCTCGCC,,,"[pDest_tetON_Casp11-mCherry_Puro, +, 856, 875]"
KL884,GAGGGCAAGCCCTACGAGGG,,,
KL881,gtcctgagcaatcacctatg,,,
KL876,cgtttgcgggcagcaaaacccgtaccctagGCTTCGCAACGTTCAAATCC,,,
KL880,CTTGCTaACCATTTGTACGCTCCTTATCTTGATAATATCTATTCATATGC,,,
KL877,ACCAGAGCAAGTAGGGGGTAGTAAAAATGGTtAGCAAGGGCGAGGAGCTG,,,
KL899,ctgcagggatccaagcttgtcgaccacttacttgtacagctcgtccatgc,,,
KL897,cgggctgcaggaattcgatatcaagcttacttgtacagctcgtccatgc,,,
KL894,CCCGGTAGTGATCTTATTTC,,,
KL893,GAAATGTCCTGAGCAATCAC,,,
KL896,cccccgggctgcaggaattcgatatcaagccctgaggcctgcagggatcc,,,
KL895,gcttgatatcgaattcctgc,,,
KL778,CCAATTCAGTCGACTGGATCTCGAGCtgggatctgggagcaggtaaaac,,,
KL775,cccgtggGATATCTCGAGTGCGGCCGCCTACACATTGATCCTAGC,,,
KL799,GTCGACTGCAGAATTCGAAGCTTGAgctctgcagagctattttgc,,,
KL786,AATTCAGTCGACTGGATCTCGAGCcatcctgagcatccctgtcgacaacc,,,
KL788,CAATTCAGTCGACTGGATCTCGAGCtgcgcatgtgtgcacatgagtgtg,,,
KL787,CGACTGCAGAATTCGAAGCTTGActgaaaagaaaggaaagggg,,,
KL785,CGACTGCAGAATTCGAAGCTTGAggatatggccaacccatggctcc,,,
KL784,CAGTCGACTGGATCTCGAGCtgatggtcttgtcttttcgtttccag,,,
KL783,CGACTGCAGAATTCGAAGCTTGAtgggagctgcctgactgaaaaggagg,,,
KL782,CAATTCAGTCGACTGGATCTCGAGCtgacataataaaaccatggatatac,,,
KL780,CAATTCAGTCGACTGGATCTCGAGCtcatttgactttagaaatttttcac,,,
KL781,CGACTGCAGAATTCGAAGCTTGAatatactccgagaccatgattttg,,,
KL920,ATGTATATCTCCTTCTTAAATCTAGAGGATCTTAACATTTTCAGCGATAC,,,
KL874,GAGTGCATAtttaagaaggagatatacatATGGTGAGCAAGGGCGAGGAG,,,
KL985,GTTCGCCTTCTTCAATGCAG,,,
KL862,ggatatattccgcttcctcg,,,
KL965,TACCACAAAGAGTGTTCGGC,,,
KL933,ttcgatatcaagcttttagcgttggtggtgggcgg,,,
KL987,GTCAAACATGAGCAGATCCTC,,,
KL981,CGCTTTAGTAGCTtaaCATTATTATCATGACATTAACCTATAAAAATAGG,,,
KL928,CTTGCGCTAATGCTCTGTTACAGacatttctgttagaaggaatcgttttc,,,
KL875,gtcagtgagcgaggaagcggaatatatccGCTTCGCAACGTTCAAATCC,,,
KL977,CGTTTGCTGCAGGCCTtttgtacagttcatccataccatgc,,,
KL925,GGGCCCTGAGGCCTGCAGGGATCCAAGCTTttagcgttggtggtgggcgg,,,
KL850,cgctgtgaaaggatctatc,,,
KL779,CGTCGACTGCAGAATTCGAAGCTTGAcccccttataatcaggttggatc,,,
KL921,tctagatttaagaaggagatatacatatggcgcgtaaggtcgatctcacc,,,
KL867,ATatgtatatctccttcttaaaTATGCACTCCTACTATTTAATATGTACG,,,
KL777,TCAAGCTTCGAATTCTGCAGTCGACGGTACCGCGGGCCCGGG,,,
KL961,CCTTTTGTAGGCTTTTAAAAGCCTC,,,
KL941,tgaactccgggatcccccgatgataagctgtcaaacatgagcagatcctc,,,
KL931,cagtgaacagctcttcgcctttacgcatGGTGGCGACCGGCCGGTGGATC,,,
KL975,gttgacatcaccatccagttc,,,"[pKL550_modified, -, 6621, 6641], [pKL481, -, 4014, 4034]"
KL932,cccgggctgcaggaattcgatatcaagcttttagcgttggtggtgggcgg,,,
KL866,caatcacctatgaactgtcgactcgagGATCCCGGAGTTCATGCGTG,,,
KL851,caatacgatacttatgtttg,,,
KL964,TTGTAAATGCTCTTTATTAGCGTGTG,,,
KL924,AAGCTTGGATCCCTGCAGGC,,,
KL823,ctcctcgcccttgctcaccatGGTGGCatatactccgagaccatgattttgtaatg,,,
KL962,AAGAATGAGGCGCCATGTTTTTAC,,,
KL930,GTGATTTTTCTGTTGTTCGCGTAATTTTTTGCGGCCGCACTCGAGATATC,,,
KL898,GTGGTCGACAAGCTTGGATC,,,
KL870,gtgagcgaggaagcggaatatatccCTTTGAGTGAGCTGATACCG,,,
KL821,ctcgcccttgctcaccatGGTGGCcccccttataatcaggttggatctg,,,
KL989,TGAACTCCGGGATCccccgatgataagctGTCAAACATGAGCAGATCCTC,,,"[pKL479, -, 3908, 3957], [pKL481, -, 4771, 4820]"
KL929,AAAAATTACGCGAACAACAGAAAAATCACCTTGCGCTAATGCTCTGTTAC,,,
KL879,CTCCTCGCCCTTGCTaACCATTTTTACTACCCCCTACTTGCTCTGGTTCC,,,
KL855,gctcaacaggagggaag,,,
KL972,catacccacgccgaaacaag,,,
KL923,CTCACTGCTTATCGTTGTTGTC,,,
KL922,tgagatcgaccttacgcgccatatgtatatctccttcttaaatctagagg,,,
KL969,CCGGCCGCATGCAAATATC,,,
KL927,tctgttagaaggaatcgttttcttatttgtacagttcatccataccatgc,,,
KL868,gaggccctttcgtcttcacctcgagGATCCCGGAGTTCATGCGTG,,,
KL968,CGCATTTATTCTGGTATAAGTTGAAATAC,,,
KL959,CTTAATTTCTCCTCTTTAATTCTAcGGTACCCAGAGCGGACTGGGATTTG,,,
KL891,GGAGAACATGCACATGAAGC,,,
KL878,ACCCCCTACTTGCTCTGGTTCCTATGCACTCCTACTATTTAATATGTACG,,,
KL776,CGAAGCTTGAGCTCGAGATCCAGTCGACTGAATTGGTTCCTTTAAAGC,,,
KL1003,catttatttccctgacaacccaaagcagttctaaagtggcacaactcacgta,,,
KL1000,cgatataggcgGCTCGGTACCCGGGGATCC,,,
KL1002,CTTTAAAGGAACCAATTCAGTCGACggtagccgacgagagaccagctcatct,,,
KL1001,ctcttcgcctttacgcatCTAGTATTTCTCCTC,,,
KL1011,ccctttcgtcttcacctcgagCGCATTTATTCTGGTATAAGTTGAAATAC,,,"[pKL466, +, 61, 110]"
KL1012,aggccctttcgtcttcacctcgagTTGTAAATGCTCTTTATTAGCGTGTG,,,"[pKL467, +, 58, 107]"
KL1010,gtttgcgggcagcaaaacccgtaccagagtttgtagaaacgcaaaaaggc,,,"[pKL464, -, 4055, 4104]"
KL1015,cacctatgaactgtcgactcgagTTGTAAATGCTCTTTATTAGCGTGTG,,,
KL1014,cctatgaactgtcgactcgagCGCATTTATTCTGGTATAAGTTGAAATAC,,,
KL1013,gtgagcgaggaagcggaatatatccagagtttgtagaaacgcaaaaaggc,,,"[pKL468, -, 1044, 1093]"
KL1054,gatcctctagatttaagaaggagatatacatATGGTATCAAAAGGTGAAG,,,"[pKL555, +, 3791, 3840]"
KL1055,ctcatccgccaaaacagccaagcTTACTTATATAATTCGTCCATGCCAAG,,,"[pKL555, -, 4515, 4564]"
KL1016,cacgaggccctttcgtcttcacctcgaggtgatgtcggcgatataggcg,,,"[pKL481, +, 3518, 3566], [pKL479, +, 2509, 2557]"
KL1017,catcgggggatcccggagttcatg,,,
KL1019,ctacgacgctgaggtcaagac,,,"[pEntr_Casp11-mCherry, +, 428, 448], [pKL554_mod, +, 5429, 5449], [pDest_tetON_Casp11-mCherry, +, 3817, 3837], [pKL473, +, 4362, 4382], [pkL552_mod, +, 5429, 5449], [pTRE3G_Casp11_mCherry, +, 2035, 2055], [pKL473, +, 4362, 4382], [pDest_tetON_Casp11-mCherry_Puro, +, 5233, 5253]"
KL1018,gagctggctagattagccag,,,"[pKL473, +, 3557, 3576], [pKL473, +, 3557, 3576]"
KL1020,gcgatgctgcttatcgaatc,,,
KL1329,ATGGAGCAGCGCCGCGTCAC,,,
KL1328,GCGCTTGGCGCGACCGGTTTTC,,,
KL1330,GGATATCCATCACACTGGCGGCCGCTCGAGATGGAGCAGCGCCGCGTCAC,,,
KL1047,CACCCTGGTGAACCGTATTG,,,
KL1032,AGGATCCCCGGGTACCGAGCctcgaggtgaagacgaaagggcctcgtg,,,
KL1023,GCTCGGTACCCGGGGATCCTtttacggctagctcagtcctaggtactatg,,,
KL1022,GCTCGGTACCCGGGGATCCTtttacggctagctcagccctaggtattatg,,,
KL1025,GCTCGGTACCCGGGGATCCTctgatggctagctcagtcctagggattatg,,,
KL1030,gtaaaAGGATCCCCGGGTACCGAGCcgcctatatcgccgacatcac,,,
KL1031,atcagAGGATCCCCGGGTACCGAGCcgcctatatcgccgacatcac,,,
KL1033,CGAACTCGTGGCCGTTCACG,,,"[pkL552_mod, -, 4976, 4995], [pDest_tetON_Casp11-mCherry, -, 3364, 3383], [pKL552, -, 4976, 4995], [pTRE3G_Casp11_mCherry, -, 1582, 1601], [pDest_tetON_Casp11-mCherry_Puro, -, 4780, 4799]"
KL39,GATCATCGAACAGCCGAAGC,,,
KL250,TGCTGTTGACAGTGAGCGCCACCAATAAATTACAGTCTTATAGTGAAGCCACAGATGTATAAGACTGTAATTTATTGGTGTTGCCTACTGCCTCGGA,,,
KL639,gtactggcgctggatatgg,,,
KL35,GACcaattgGCGGCCGCTTACTTGTACAG,,,
KL241,TTTGTAATCCAGAGGTTGATTATCGGGTTActtgtacagctcgtccatc,,,
KL36,GTCGACTGGATCTCGAGCTC,,,"[pSJ7 - pENTR: PGK_H2B-Clover-LoxP_2A_PuroTK-LoxP, +, 440, 459]"
KL247,TGCTGTTGACAGTGAGCGCCCGCTGGGTGCTCTTTGTGTTTAGTGAAGCCACAGATGTAAACACAAAGAGCACCCAGCGGATGCCTACTGCCTCGGA,,,
KL650,cctcgcccttgctcaccatggtggcgtggccgggggaggaacgag,,,
KL27,GGCCCGGGATCCACCGGCCGGTCGCCACcATGGACGATCTGTTTCCCCTC,,,
KL242,atcGCGGCCGCAATTCTACCGGGTAGGGGAG,,,
KL640,cttcaaactcaccgcgatatt,,,
KL31,CTAGATATCTCGAGTGCGGCCGCTTACTTGTACAGCTCGTCCATC,,,
KL252,ACTTAGAAGAATTCCGAGGCAGTAGGCA,,,
KL653,gctcccacggcttgtaaggc,,,
KL255,AATGCGGCCGCTCCACCGGCCGGTCGCCACC,,,
KL243,CTAGATATCGCGGCAGGTCG,,,
KL651,CTTCGCCCtTAGACACCATggtggcgtggccgggggaggaacgag,,,
KL34,atcctcgagACCCCACGGGGTTGGGGTTG,,,
KL253,TGCTGTTGACAGTGAGCGACCAGCTAAAGGTGAAGATATATAGTGAAGCCACAGATGTATATATCTTCACCTTTAGCTGGCTGCCTACTGCCTCGGA,,,
KL649,CAATTCAGTCGACTGGATCTCGAGCgaggctcctcagtactgcttg,,,
KL37,gcagatgaacttcagggtcag,,,"[pSJ144 - pENTR: p50-(GGGGS)x2-mClover, -, 2621, 2641], [pSJ143 - pENTR: mouse p65 promoter_p50-(GGGS)x2-mClover, -, 4052, 4072], [pSJ41 - pENTR: mouse p65 promoter_p50-(GGGS)x2-mClover_2A_H2B-iRFP670, -, 4052, 4072]"
KL244,GATTCTAGAGGTCGAGTCCGGATTACCCG,,,
KL652,gcatgtatctccagcctatg,,,
KL38,CAGGTGTGCAGATTGAGTGTG,,,
KL638,ccagcgtaaagctcaggcta,,,
KL40,TTCGAATTCTGCAGTCGACG,,,"[pSJ125 - pENTR: PGK_mClover_Bagnall et al Linker_HIF1a, +, 2425, 2444], [pSJ7 - pENTR: PGK_H2B-Clover-LoxP_2A_PuroTK-LoxP, +, 464, 483], [pSJ160 - pENTR: mClover_Bagnall et al Linker_HIF1a, +, 1876, 1895], [pSJ16 - pENTR: PGK_mClover_Bagnall et al Linker_HIF1a, +, 2425, 2444]"
KL246,TGCTGTTGACAGTGAGCGCCCACTACAAGTACATGTGTAATAGTGAAGCCACAGATGTATTACACATGTACTTGTAGTGGATGCCTACTGCCTCGGA,,,
KL646,CAATTCAGTCGACTGGATCTCGAGCcatgaagacttctgccttgg,,,
KL29,GACCAATTGCTAGATATCTCGAGTGCGGC,,,
KL245,TGCTGTTGACAGTGAGCGCCCGCCTGAAGTCTCTGATTAATAGTGAAGCCACAGATGTATTAATCAGAGACTTCAGGCGGTTGCCTACTGCCTCGGA,,,
KL32,GTACAAGTAAGCGGCCGCACTCGAGATATC,,,
KL248,TGCTGTTGACAGTGAGCGACGCTCTGGCTTTCGTGAACATTAGTGAAGCCACAGATGTAATGTTCACGAAAGCCAGAGCGCTGCCTACTGCCTCGGA,,,
KL33,CCATGCCCCATGTTCTTAGCGCTGG,,,"[pSJ129 - pENTR: HIF1a-middleVenusPest_2A_H2B-mRuby (P402A, P577G), -, 5003, 5027], [pSJ25 - pENTR: HIF1a_GGGGS_3xGFP11(15aa linker)_2A_H2B-mRuby, -, 4142, 4166], [TK552 pENTR HIF1a-middle-VenusPest_2A_H2B-mRuby, -, 5003, 5027], [TK575 Piggybac CAG (gateway from HIF1a-middle-VenusPest_2A_H2B-mRuby), -, 5003, 5027], [TK569 pLenti PGK Hygro (gateway from TK552 HIF1a-middle-VenusPest_2A_H2B-mRuby), -, 5003, 5027]"
KL254,TGCTGTTGACAGTGAGCGAAAGATCAGCATTCACAAATTATAGTGAAGCCACAGATGTATAATTTGTGAATGCTGATCTTCTGCCTACTGCCTCGGA,,,
KL647,cctcgcccttgctcaccatggtggcgggtctcacccgggagaagg,,,
KL249,TGCTGTTGACAGTGAGCGAACGGTTCAATTTCAGAAGTAATAGTGAAGCCACAGATGTATTACTTCTGAAATTGAACCGTCTGCCTACTGCCTCGGA,,,
KL251,TACAATACTCGAGAAGGTATATTGCTGTTGACAGTGAGCG,,,
KL648,CTTCGCCCtTAGACACCATggtggcgggtctcacccgggagaagg,,,
KL645,CTTCGCCCtTAGACACCATggtggctaagatctgaccggtagcgc,,,
KL644,cctcgcccttgctcaccatggtggctaagatctgaccggtagcgc,,,
KL642,tgaatctgcgcaatcgag,,,
KL643,CAATTCAGTCGACTGGATCTCGAGCgaaatcggaaggtcagcaaagc,,,
KL641,cgatgaagtggtggtcttcc,,,
KL991,gatagtgattgtctggcagc,,,
KL996,agctcttcgcctttacgcatCTAGTATTTCTCCTCTTTCTCTCTAGTAgc,,,
KL997,atgcgtaaaggcgaagagctg,,,"[pKL541, +, 2358, 2378]"
KL993,GCTCGGTACCCGGGGATCCTttgacagctagctcagtcctaggtataatg,,,
KL986,gctgccagacaatcactatc,,,"[pkL552_mod, +, 3975, 3994]"
KL998,AGAGAGAAAGAGGAGAAATACTAGatgcgtaaaggcgaagagctg,,,
KL984,GCGACACGGAAATGTTGAATAC,,,"[pkL552_mod, -, 4149, 4170], [pDest_tetON_Casp11-mCherry_Puro, -, 8763, 8784]"
KL995,ccccatcggtgatgtcggcgatataggcgGCTCGGTACCCGGGG,,,
KL994,CTAGTATTTCTCCTCTTTCTCTCTAGTAgctagcattatacctaggactg,,,
KL988,aaacactccaatcggtgatggtcctgttctgctgccagacaatcactatc,,,
KL999,gtcaaAGGATCCCCGGGTACCGAGCcgcctatatcgccgacatcac,,,
KL992,GAGGATCTGCTCATGTTTGAC,,,
KL990,gatagtgattgtctggcagcag,,,
KL1008,GGTGGCCCTGCAGGGCTGCATGTGCTCGGGCTGT,,,
KL1004,gtacgtgagttgtgccactttagaactgctttgggttgtcagggaaataaatg,,,
KL1007,CAGTCGACGCATGCggtagccgacgagagacca,,,
KL1009,ctcaccatGGTGGCCCTGCAGGGGCGACCGGTGGTGGCTGGAT,,,
KL1006,cctcgcccttgctcaccatGGTGGCGGCGACCGGTGGTGGCTGGATCTTTTA,,,
KL1005,cctcgcccttgctcaccatGGTGGCGCTGCATGTGCTCGGGCTGTCCA,,,
KL1021,GCTCGGTACCCGGGGATCCTttgacagctagctcagtcctaggtattgtg,,,
KL1024,GCTCGGTACCCGGGGATCCTctgatagctagctcagtcctagggattatg,,,
KL1027,CTAGTATTTCTCCTCTTTCTCTCTAGTAgctagcataatacctagggctg,,,
KL1026,CTAGTATTTCTCCTCTTTCTCTCTAGTAgctagcacaatacctaggactg,,,
KL1029,CTAGTATTTCTCCTCTTTCTCTCTAGTAgctagcataatccctaggactg,,,
KL1028,CTAGTATTTCTCCTCTTTCTCTCTAGTAgctagcatagtacctaggactg,,,
KL1049,cgtttcacttctgagttcgg,,,
KL1048,CCCAGAATGTTGCCGTCTTC,,,
KL1046,ctctcatccgccaaaacagccaagcttttacttgtacagctcgtccatgc,,,
KL1045,tctcatccgccaaaacagccaagcttTTACTTGTACAGTTCGTCCATCCC,,,
KL1043,GAGTGCATAtttaagaaggagatatacatGTGAGTAAAGGGGAAGAACTG,,,
KL1044,CTGTATCAGGCTGAAAATCTTCTCTCATCCGCCAAAACAGCCAAGC,,,
KL1042,atgtatatctccttcttaaaTATGCACTCCTAC,,,
KL1051,ataggcgtatcacgaggccc,,,"[pKL477, +, 1331, 1350], [PE009 (error correct Apr 2017), -, 2432, 2451], [pKL541, +, 1797, 1816], [pTRE3G_Casp11_mCherry, +, 5794, 5813]"
KL1052,ccaaggtaccggcagtttac,,,"[pKL477, -, 2043, 2062]"
KL1053,cagccgattgtctgttgtgc,,,"[pKL541, +, 1536, 1555], [pKL477, +, 1060, 1079], [pKL481, +, 3237, 3256], [pKL550_modified, +, 4709, 4728]"
KL1080,GCAAAGATCCAAATGAAAAAtaaGCGGCCGCACTCGAGATATCTAGAC,,,
KL1081,AGTTCTTCTCCTTTGGACATgGTGGCGACCGGCCGGTGGAT,,,
KL1082,TCCACCGGCCGGTCGCCACcATGTCCAAAGGAGAAGAACT,,,
KL1083,ATCTCGAGTGCGGCCGCttaTTTTTCATTTGGATCTTTGCTC,,,
KL1084,GGTCCGGCGGGAAATTCATGtaaGCGGCCGCACTCGAGAT,,,
KL1085,AGGACCATGTGGTCACGCATactagttccggatgagctgc,,,
KL1086,gcagctcatccggaactagtATGCGTGACCACATGGTCCT,,,
KL1087,ATCTCGAGTGCGGCCGCttaCATGAATTTCCCGCCGGACC,,,
KL1050,ATAAACTACCGCATTAAGCTTGCATGCttacttgtacagctcgtccatgc,,,
KL1079,GTCCTGAGCAAAGATCCAAATGAAAAAtaaGCGGCCGCACTCGAGATATC,,,"[pKL582, +, 1773, 1822], [pKL582, +, 1773, 1822]"
KL1077,AGTGGTGGGTCCGGCGGGAAATTCATGtaaGCGGCCGCACTCGAGATATC,,,"[pKL585, +, 1830, 1879], [pKL584, +, 2007, 2056], [pKL583, +, 2202, 2251]"
KL1076,ATACTCATGAAGGACCATGTGGTCACGCATactagttccggatgagctgc,,,"[pKL584, -, 1570, 1619], [pKL585, -, 1570, 1619], [pKL583, -, 1570, 1619]"
KL1078,ACCGGTAAACAGTTCTTCTCCTTTGGACATgGTGGCGACCGGCCGGTGG,,,
KL1060,CGAGGCGAAGTGGTTAAAAG,,,
KL1061,ACGGATCAACCTCATTCCAC,,,
KL1062,AATTCGCCAATGACAAGACG,,,
KL1063,AGCGCCTGACCCTCCAGTCCAGCactagtATGGTGTCTAaGGGCGAAGAG,,,
KL1064,TCTAGATATCTCGAGTGCGGCCGCttaTTActtgtacagctcgtccatcc,,,
KL1065,actagtGCTGGACTGGAGGG,,,"[pSJ17 - pENTR: ddGFPa-3xNLS_2A_JNKKTR-ddGFPb_2A_H2B-mRuby, -, 3141, 3160], [pSJ19 - pENTR: ddGFPa-3xNLS_2A_JNKKTR (AA mutant)-ddGFPb_2A_H2B-mRuby_PGK-Puro, -, 3141, 3160]"
KL1092,AAATCACCTTGCGCTAATGCTCTGTTACAGttagcgttggtggtgggcgg,,,"[pKL586, -, 3342, 3391], [pKL617, -, 2973, 3022]"
KL1093,atcacgaggccctttcgtcttcacctcgaggcaattccgacgtctgtgtg,,,"[pKL616, +, 3794, 3843], [pKL611, +, 3317, 3366], [pKL586, +, 1862, 1911], [pKL605, +, 1862, 1911]"
KL1094,ggaggtgagatcgaccttacgcgccatgggtacctttctcctctttaatg,,,"[pKL605, -, 2403, 2452], [pKL586, -, 2403, 2452], [pKL616, -, 4335, 4384], [pKL611, -, 3858, 3907]"
KL1095,TCTTCCAAGTACCCACAAATTTCTCTACCATcatgggtacctttctcctc,,,"[pKL587, -, 3574, 3623]"
KL1090,CTGTAACAGAGCATTAGCGCAAG,,,"[pKL617, +, 3028, 3050], [pKL605, +, 3103, 3125], [pKL610, +, 3424, 3446], [pKL604, +, 2734, 2756], [pKL632, +, 3466, 3488], [pKL586, +, 3397, 3419], [pKL616, +, 5080, 5102], [pKL607, +, 4169, 4191], [pKL608, +, 3952, 3974], [pKL633, +, 3466, 3488], ...more sites present"
KL1100,ttaCATGAATTTCCCGCCGGACC,,,"[pKL597ampR-DDX1, -, 3072, 3094], [pKL597, -, 3071, 3093], [pKL597ampR-deaD, -, 3072, 3094], [pKL625, -, 2676, 2698], [pKL597, -, 3071, 3093], [pKL597ampR, -, 3072, 3094]"
KL1091,attcattaaagaggagaaaggtacccatggcgcgtaaggtcgatctcacc,,,"[pKL586, +, 2400, 2449], [pKL617, +, 2031, 2080]"
KL1096,CGTTCATACCGCCGCGCCACGGAATGACTGTAACAGAGCATTAGCGCAAG,,,"[pKL587, +, 4021, 4070], [pKL621, +, 3650, 3699]"
KL1097,CATACTCATGAAGGACCATGTGGTCACGCATcatgggtacctttctcctc,,,"[pKL597ampR, -, 2434, 2483], [pKL597ampR-DDX1, -, 2434, 2483], [pKL597, -, 2433, 2482], [pKL597ampR-deaD, -, 2434, 2483], [pKL597-DDX50, -, 2400, 2449], [pKL597, -, 2433, 2482]"
KL1098,GGTGGGTCCGGCGGGAAATTCATGtaaCTGTAACAGAGCATTAGCGCAAG,,,"[pKL625, +, 2707, 2756], [pKL597ampR, +, 3103, 3152], [pKL597ampR-DDX1, +, 3103, 3152], [pKL597, +, 3102, 3151], [pKL597ampR-deaD, +, 3103, 3152], [pKL597, +, 3102, 3151]"
KL1099,ATGCGTGACCACATGGTCCTTC,,,"[pKL597, +, 2452, 2473], [pKL597ampR-deaD, +, 2453, 2474], [pKL625, +, 2057, 2078], [pKL597, +, 2452, 2473], [pKL597ampR, +, 2453, 2474], [pKL597ampR-DDX1, +, 2453, 2474]"
KL1108,CACAAGCTTCTCTCCAACCAG,,,"[pKL621, -, 3495, 3515], [pKL587, -, 3866, 3886]"
KL1107,GATGAGTTTCCGTCGGATCG,,,"[pKL587, +, 3818, 3837], [pKL621, +, 3447, 3466]"
pKL1 FWD,GCAAAGATCCAAATGAAAAAtaaGCGGCCGCACTCGAGAT,,,
pKL1 REV,AGTTCTTCTCCTTTGGACATactagttccggatgagctgc,,,
gblock_KL6 (GFP1-10) FWD,gcagctcatccggaactagtATGTCCAAAGGAGAAGAACT,,,
gblock_KL6 (GFP1-10) REV,ATCTCGAGTGCGGCCGCttaTTTTTCATTTGGATCTTTGCTC,,,
KL1070,accggcagcaccggcagcggcagctccccgggaaaactccgtagtgacgc,,,
KL1073,cactggcccatatttcaggtg,,,
KL1072,gaacaggtggacctgattgg,,,
KL1069,AAGCTTGAGCTCGAGATCTtcattgaccaaatgctttactgaaactccgc,,,"[pKL576, -, 3498, 3547]"
KL1068,tggtcctgctggagttcgtgaccgccgccGGGATCACTCTCGGCATGGAC,,,"[pKL576, +, 1118, 1167]"
KL1066,ggcggcggtcacgaactccag,,,"[pKL565, -, 2873, 2893], [pKL564, -, 2620, 2640], [pKL576, -, 1126, 1146]"
pKL1 FWD,GCAAAGATCCAAATGAAAAAtaaGCGGCCGCACTCGAGATATCTAGAC,,,
pKL1 REV,AGTTCTTCTCCTTTGGACATgGTGGCGACCGGCCGGTGGAT,,,
gblock_KL6 (GFP1-10) FWD,TCCACCGGCCGGTCGCCACcATGTCCAAAGGAGAAGAACT,,,
gblock_KL6 (GFP1-10) REV,ATCTCGAGTGCGGCCGCttaTTTTTCATTTGGATCTTTGCTC,,,
pKL1 FWD,GGTCCGGCGGGAAATTCATGtaaGCGGCCGCACTCGAGAT,,,"[pKL583b, +, 2795, 2814], [pKL583b, +, 2795, 2814]"
pKL1 REV,AGGACCATGTGGTCACGCATactagttccggatgagctgc,,,"[pKL583b, -, 2136, 2155], [pKL583b, -, 2136, 2155]"
gblock_KL9 (GFP11x7 (15aa linker)) FWD,gcagctcatccggaactagtATGCGTGACCACATGGTCCT,,,"[pKL583b, +, 2156, 2175], [pKL583b, +, 2156, 2175]"
gblock_KL9 (GFP11x7 (15aa linker)) REV,ATCTCGAGTGCGGCCGCttaCATGAATTTCCCGCCGGACC,,,"[pKL583b, -, 2775, 2794], [pKL583b, -, 2775, 2794]"
KL1067,gcatttggtcaatgaAGATCTCGAGCTCAAGCTTC,,,"[pKL576, +, 3514, 3548]"
KL1071,catcctgaaccggactgtaacc,,,
KL1075,GCAGAATTCGAAGCTTGAGCTCGAGATCTTCAGTGATGGTGATGGTGGTG,,,"[pKL579, -, 2425, 2474]"
KL1074,ggcaccggcagcaccggcagcggcagctccATGCTGTCCaACTCCCAGGG,,,"[pKL579, +, 1192, 1241]"
KL1088,GCCGGTATCACCGGCGGCAAATTCATGtaaGCGGCCGCACTCGAGATATC,,,"[pKL584, +, 2007, 2056], [pKL585, +, 1830, 1879]"
KL1089,GGTGGCGGTAGTGGCGGAAAATTCATGtaaGCGGCCGCACTCGAGATATC,,,"[pKL585, +, 1830, 1879]"
KL1127,GGTAAGACCTGATTCTCCCACG,,,"[pKL606, -, 2886, 2907]"
KL1123,atcacgaggccctttcgtcttcacctcgagcatacccacgccgaaacaag,,,"[pKL633, +, 1862, 1911], [pKL610, +, 1862, 1911], [pKL632, +, 1862, 1911], [pKL604, +, 1862, 1911], [pKL631, +, 1862, 1911]"
KL1124,ATGAAGGACCATGTGGTCACGCATCTAGTATTTCTCCTCTTTCTCTCTAG,,,"[pKL632, -, 2031, 2080], [pKL610, -, 2031, 2080], [pKL604, -, 2031, 2080], [pKL631, -, 2031, 2080], [pKL633, -, 2031, 2080]"
KL1125,CTCATGAAGGACCATGTGGTCACGCATgggtacctttctcctctttaatg,,,"[pKL611, -, 3858, 3907], [pKL605, -, 2403, 2452]"
KL1135,TGCGCAACGCTAACAAATCC,,,"[pKL608, +, 1892, 1911]"
KL1128,cgaggccctttcgtcttcacctcgagAGTTGCCTGATACGGATGAAAACC,,,"[pKL609, +, 1866, 1915], [pKL606, +, 1866, 1915]"
KL1126,AGTTGCCTGATACGGATGAAAACC,,,"[pKL609, +, 1892, 1915], [pKL606, +, 1892, 1915]"
KL1130,gggcatggcaccggcagcac,,,"[pKL606, +, 2908, 2927], [pSJ64 - pENTR: hPGK_mRuby2_inactive mGAPDH, +, 1789, 1808], [pSJ37 - pENTR: mouse p65 promoter_p50-mcClover_2A_H2B-iRFP670, +, 5035, 5054], [pKL609, +, 2734, 2753]"
KL1129,cgctgccggtgctgccggtgccatgcccGGTAAGACCTGATTCTCCCACG,,,"[pKL606, -, 2886, 2935]"
KL1131,GCATGAGTGATAATTTTCACATTGC,,,"[pKL607, +, 1892, 1916]"
KL1132,GGAGGCATTCTGAAGATACTTATTCG,,,"[pKL607, -, 3418, 3443]"
KL1134,gccggtgctgccggtgccatgcccGGAGGCATTCTGAAGATACTTATTCG,,,"[pKL607, -, 3418, 3467]"
KL1133,gaggccctttcgtcttcacctcgagGCATGAGTGATAATTTTCACATTGC,,,"[pKL607, +, 1867, 1916]"
KL1137,atcacgaggccctttcgtcttcacctcgagTGCGCAACGCTAACAAATCC,,,"[pKL608, +, 1862, 1911]"
KL1138,gctgccggtgctgccggtgccatgcccTAAAAAACAACATAAACAGCCGC,,,"[pKL608, -, 3204, 3253]"
KL1136,TAAAAAACAACATAAACAGCCGC,,,"[pKL608, -, 3204, 3226]"
KL1139,GAAGGATGTCCTGAATGTCCC,,,"[pKL609, -, 2713, 2733]"
KL1140,ccgctgccggtgctgccggtgccatgcccGAAGGATGTCCTGAATGTCCC,,,"[pKL609, -, 2713, 2762]"
KL1101,TTTTTATAGGTTAATGTCATGATAATAATGtcagcgttggtggtgggcgg,,,"[pKL617, -, 2973, 3022], [pKL586, -, 3342, 3391]"
KL1102,CATTATTATCATGACATTAACCTATAAAAATAGGCCTGTAACAGAGC,,,"[pKL604, +, 2699, 2745], [pKL632, +, 3431, 3477], [pKL586, +, 3362, 3408], [pKL607, +, 4134, 4180], [pKL616, +, 5045, 5091], [pKL606, +, 3598, 3644], [pKL609, +, 3424, 3470], [pKL633, +, 3431, 3477], [pKL611, +, 5213, 5259], [pKL608, +, 3917, 3963], ...more sites present"
KL1103,TTTTTATAGGTTAATGTCATGATAATAATGTCATTCCGTGGCGCGGCGGT,,,"[pKL587, -, 3993, 4042], [pKL621, -, 3622, 3671]"
KL1104,ttaaagaggagaaaggtacccatgATGGTAGAGAAATTTGTGGGTACTTG,,,"[pKL587, +, 3569, 3618], [pKL621, +, 3198, 3247]"
KL1106,TTTTTATAGGTTAATGTCATGATAATAATGttaCATGAATTTCCCGCCGG,,,"[pKL597ampR-DDX1, -, 3075, 3124], [pKL597, -, 3074, 3123], [pKL597ampR-deaD, -, 3075, 3124], [pKL625, -, 2679, 2728], [pKL597, -, 3074, 3123], [pKL597ampR, -, 3075, 3124]"
KL1116,ATGGTAGAGAAATTTGTGGGTACTTGG,,,"[pKL622, +, 2528, 2554], [pKL591, +, 2900, 2926]"
KL1109,catgggtacctttctcctctttaatg,,,"[pKL645, -, 3567, 3592], [pKL640, -, 2403, 2428], [pKL588, -, 2403, 2428]"
KL1117,ATACTCATGAAGGACCATGTGGTCACGCATACTGCCTCCACCgctccctc,,,"[pKL594, -, 2880, 2929], [pKL626, -, 2508, 2557]"
KL1110,atggcgcgtaaggtcgatctc,,,"[pKL645, +, 3836, 3856], [pKL588, +, 2900, 2920], [pKL618, +, 2528, 2548], [pSJ37 - pENTR: mouse p65 promoter_p50-mcClover_2A_H2B-iRFP670, +, 5083, 5103], [pKL640, +, 2609, 2629]"
KL1111,attaaagaggagaaaggtacccatgATGAAGGCGACTAAATTGGTATTGG,,,"[pKL588, +, 2404, 2453], [pKL618, +, 2032, 2081]"
KL1120,cgatcgcaggaggtgagatc,,,"[pKL640, -, 2624, 2643], [pKL645, -, 3851, 3870], [pKL588, -, 2915, 2934], [pKL618, -, 2543, 2562]"
KL1112,gaggtgagatcgaccttacgcgccatACTGCCTCCACCgctccctc,,,"[pKL618, -, 2508, 2553], [pKL588, -, 2880, 2925]"
KL1113,ttaaagaggagaaaggtacccatgATGTCAAACAATAACTACTCCAATGG,,,"[pKL619, +, 2033, 2082], [pKL589, +, 2405, 2454]"
KL1115,ttcattaaagaggagaaaggtacccatgATGAATCTGGATAAGGCCCTTG,,,"[pKL620, +, 2029, 2078], [pKL590, +, 2401, 2450]"
KL1114,CTTCCAAGTACCCACAAATTTCTCTACCATACTGCCTCCACCgctccctc,,,"[pKL622, -, 2508, 2557], [pKL591, -, 2880, 2929]"
KL1119,CCTGTAATCCCAGCAGCATTTAC,,,"[pKL596, -, 3020, 3042], [pKL628, -, 2648, 2670]"
KL1121,GTATAAGGTAGGCGTTGTGGC,,,"[pKL592, -, 2690, 2710], [pKL623, -, 2318, 2338]"
KL1122,gagtttcgcgtccaaagaac,,,"[pKL588, -, 3037, 3056], [pKL640, -, 2746, 2765], [pKL645, -, 3973, 3992], [pKL618, -, 2665, 2684]"
KL1142,gaattcattaaagaggagaaaggtacccatgCCCTTTCATATTGGAAGCG,,,"[pKL611, +, 3853, 3902]"
KL1143,cacctatgaactgtcgactcgag,,,"[pKL605, +, 2274, 2296]"
KL1147,CCTATGCTCGTCAGACATGC,,,"[pKL607, +, 3037, 3056]"
KL1148,CGGACCGTTGTCTACATGAG,,,"[pKL608, +, 2355, 2374]"
KL1144,GGCATCATCAAGGGTGACTG,,,"[pKL606, -, 2591, 2610]"
KL1141,TACTAGAGAGAAAGAGGAGAAATACTAGatgCCCTTTCATATTGGAAGCG,,,"[pKL610, +, 2029, 2078]"
KL1149,AGATGGGTGGAAAGCGCAAG,,,"[pKL608, +, 2800, 2819]"
KL1146,GTGACGCAGTAGTTGAATTGAAG,,,"[pKL607, +, 2471, 2493]"
KL1145,GGTTATCGGCGGATTCATGG,,,"[pKL606, -, 2168, 2187]"
KL1152,CCTATCACCGACGACTTAGAC,,,"[pKL588, +, 2642, 2662], [pKL618, +, 2270, 2290]"
KL1151,CGTGAAGCACCATATGGTCTC,,,"[pKL609, -, 3158, 3178]"
KL1150,cggatcgcgttcttcaagtac,,,"[pKL640, -, 3220, 3240], [pKL588, -, 3511, 3531], [pKL645, -, 4447, 4467], [pKL618, -, 3139, 3159]"
KL1153,gaacagctacggaactcttgtg,,,"[pKL595, +, 2199, 2220]"
KL1154,agaattcattaaagaggagaaaggtacccatggtgagcaagggcgaggag,,,"[pKL616, +, 4329, 4378]"
KL1155,TATAGGTTAATGTCATGATAATAATGTCAggcggcggtcacgaactccag,,,"[pKL616, -, 5021, 5070]"
KL1157,ACCAATTTAGTCGCCTTCATCTAGTATTTCTCCTCTTTCTCTCTAGTAgc,,,"[pKL626, -, 2027, 2076]"
KL1163,GTACCCACAAATTTCTCTACCATCTAGTATTTCTCCTCTTTCTCTCTAGT,,,"[pKL621, -, 3195, 3244]"
KL1156,ATGAAGGCGACTAAATTGGTATTGG,,,"[pKL626, +, 2057, 2081]"
KL1159,TTGGAGTAGTTATTGTTTGACATCTAGTATTTCTCCTCTTTCTCTCTAGT,,,"[pKL619, -, 2030, 2079]"
KL1158,gagatcgaccttacgcgccatCTAGTATTTCTCCTCTTTCTCTCTAGTAg,,,"[pKL617, -, 2028, 2077]"
KL1160,ATGTCAAACAATAACTACTCCAATGGAT,,,"[pKL619, +, 2057, 2084]"
KL1161,ACAAGGGCCTTATCCAGATTCATCTAGTATTTCTCCTCTTTCTCTCTAGT,,,"[pKL620, -, 2030, 2079]"
KL1162,ATGAATCTGGATAAGGCCCTTG,,,"[pKL620, +, 2057, 2078]"
KL1172,ACTAGAGAGAAAGAGGAGAAATACTAGatgGTGGAGTACCTTATCTCAGG,,,"[pKL631, +, 2030, 2079]"
KL1165,CGGTAAACAGTTCTTCTCCTTTGGACATGGTGGAGCCTGCTTTTTTGTAC,,,"[TK429 pLenti CMV Blast (gateway from pKL629), -, 1195, 1244], [TK430 pLenti PGK Blast (gateway from pKL629), -, 1195, 1244]"
KL1174,gcTACTAGAGAGAAAGAGGAGAAATACTAGatgCCAACGGGAATTAAACC,,,"[pKL632, +, 2027, 2076]"
KL1166,TTGTACAAAAAAGCAGGCTCCACCATGTCCAAAGGAGAAGAACTGTTTAC,,,"[TK429 pLenti CMV Blast (gateway from pKL629), +, 1193, 1242], [TK430 pLenti PGK Blast (gateway from pKL629), +, 1193, 1242]"
KL1164,AACCTGCTGCCAAACGCGTTAAACTAGACGGAAGCGGAGCTACTAACTTC,,,"[TK429 pLenti CMV Blast (gateway from pKL629), +, 1857, 1906], [TK430 pLenti PGK Blast (gateway from pKL629), +, 1857, 1906]"
KL1171,catCTAGTATTTCTCCTCTTTCTCTCTAGTAgc,,,"[pKL631, -, 2027, 2059]"
KL1167,AGTTTAACGCGTTTGGCAGCAGGTTTTTCATTTGGATCTTTGCTCAGGAC,,,"[TK429 pLenti CMV Blast (gateway from pKL629), -, 1832, 1881], [TK430 pLenti PGK Blast (gateway from pKL629), -, 1832, 1881]"
KL1169,CAGTCCTGAGCAAAGATCCAAATGAAAAAGGAAGCGGAGCTACTAACTTC,,,"[pKL630, +, 1832, 1881]"
KL1168,CTGAAGTTAGTAGCTCCGCTTCCTTTTTCATTTGGATCTTTGCTCAGGAC,,,"[pKL630, -, 1834, 1883]"
KL1170,GCTCAGGACTGTTTGTGTTGAG,,,"[pKL630, -, 1821, 1842]"
KL1173,ccggtgctgccggtgccatgcccTTTATTGAAGATGTAGACCATTCTGGG,,,"[pKL631, -, 2531, 2580]"
KL1175,gccggtgctgccggtgccatgcccATTACTAAATTCGTAGGCGATTCTTG,,,"[pKL632, -, 2715, 2764]"
KL1176,TACTAGAGAGAAAGAGGAGAAATACTAGATGCCAGCAGGAATTAAACCAA,,,"[pKL633, +, 2029, 2078]"
KL1177,gccggtgctgccggtgccatgcccATTACTAGATTCGTAGGCGATTCTTG,,,"[pKL633, -, 2715, 2764]"
KL1197,GGCTCGGGTtacccatacgatg,,,"[pKL645, +, 3737, 3758]"
KL1195,cattaaagaggagaaaggtacccATGAATAAGGCCTACAGTATCATTTGG,,,"[pKL645, +, 3567, 3616]"
KL1205,CACTCTAGAGCCAGATCCCCAATGCTTAATCAGTGAGGCACC,,,"[pKL648, -, 3308, 3349]"
KL1206,GATTAAGCATTGGGGATCTGGCTCTAGAGTGAATAACAATGGAAGCATTG,,,"[pKL648, +, 3319, 3368]"
KL1196,ctggaacatcgtatgggtaACCCGAGCCTGCAAATGCATTTCCGATTGTG,,,"[pKL645, -, 3715, 3764]"
KL1200,TAGGTTAATGTCATGATAATAATGTCAGAAGCTGTATTTTATCCCCAGTG,,,"[pKL645, -, 6252, 6301]"
KL1202,CATGGGATCTGGCGGATCTGGCTCTAGAGTGAATAACAATGGAAGCATTG,,,"[pKL646, +, 3331, 3380]"
KL1199,CTAGAGCCAGATCCgcgttggtggtgggcggcgg,,,"[pKL645, -, 4749, 4782]"
KL1201,CTCTAGAGCCAGATCCGCCAGATCCCATGAATTTCCCGCCGGACC,,,"[pKL646, -, 3315, 3359]"
KL1208,GTTAATGTCATGATAATAATGTCAtttgtacagttcatccataccatgcg,,,"[pKL650, -, 3207, 3256]"
KL1204,CACTCTAGAGCCAGATCCtttgtacagttcatccataccatgc,,,"[pKL647, -, 3361, 3403]"
KL1207,ttaaagaggagaaaggtacccatgtacccatacgatgttccagattacgc,,,"[pKL650, +, 2405, 2454]"
KL1209,AGGTTAATGTCATGATAATAATGTCACCAATGCTTAATCAGTGAGGCACC,,,"[pKL651, -, 3155, 3204]"
KL1184,ggaggagggagcGGTGGAGG,,,"[pKL641, +, 2609, 2628]"
KL1189,tttgtacagttcatccataccatgcg,,,"[pKL642, -, 3297, 3322]"
KL1191,GCCACATAGCAGAACTTTAAAAGTGCTcatGCCAGATCCTGCGTAGTCCG,,,"[pKL643, -, 2589, 2638]"
KL1203,tgaactgtacaaaGGATCTGGCTCTAGAGTGAATAACAATGGAAGCATTG,,,"[pKL647, +, 3373, 3422]"
KL1178,ttcattaaagaggagaaaggtacccatgCGGATTATCTTTCTACGCAAGG,,,"[pKL640, +, 2401, 2450]"
KL1180,gcgttggtggtgggcggcgg,,,"[pSJ37a - pENTR: mouse p65 promoter_p50-mcClover_2A_H2B-iRFP670, -, 5987, 6006], [TK430 pLenti PGK Blast (gateway from pKL629), -, 3297, 3316], [pKL640, -, 3522, 3541], [TK429 pLenti CMV Blast (gateway from pKL629), -, 3297, 3316], [pSJ38 - pENTR: mouse p65 promoter_p50-mcClover_2A_H2B-iRFP670 (codon optimized linker), -, 5982, 6001]"
KL1179,gcaggaggtgagatcgaccttacgcgccatGCCAGATCCTGCGTAGTCCG,,,"[pKL640, -, 2589, 2638]"
KL1182,TTTATAGGTTAATGTCATGATAATAATGttaCCATTTCACCGTCATCGAC,,,"[pKL640, -, 4927, 4976]"
KL1198,ccaccaccaacgcGGATCTGGCTCTAGAGTGAATAACAATGGAAGCATTG,,,"[pKL645, +, 4756, 4805]"
KL1190,atcacgcatggtatggatgaactgtacaaaGGATCTGGCCTTTCCAACGT,,,"[pKL642, +, 3293, 3342]"
KL1181,tgcacttcaccgccgcccaccaccaacgcGGATCTGGCCTTTCCAACGTG,,,"[pKL640, +, 3513, 3562]"
KL1183,ACGcatACTGCCTCCACCgctccctcctccGCCAGATCCTGCGTAGTCCG,,,"[pKL641, -, 2589, 2638]"
KL1185,CATGAATTTCCCGCCGGACCCACC,,,"[pKL641, -, 3248, 3271]"
KL1186,GGGAGTGGTGGGTCCGGCGGGAAATTCATGGGATCTGGCCTTTCCAACGT,,,"[pKL641, +, 3242, 3291]"
KL1187,accagtgaacagctcttcgcctttacgcatGCCAGATCCTGCGTAGTCCG,,,"[pKL642, -, 2589, 2638]"
KL1188,atgcgtaaaggcgaagagct,,,"[pKL642, +, 2609, 2628]"
KL1192,atgAGCACTTTTAAAGTTCTGCTATGTGGC,,,"[pKL643, +, 2609, 2638]"
KL1193,CCAATGCTTAATCAGTGAGGCACC,,,"[pKL643, -, 3245, 3268]"
KL1194,AGATAGGTGCCTCACTGATTAAGCATTGGGGATCTGGCCTTTCCAACGTG,,,"[pKL643, +, 3240, 3289]"
KL1216,CAGGTATTCGTGCATCCTGG,,,"[gblock_KL14, +, 1241, 1260]"
KL1211,GGTCAGACGCTGAATTTACGTG,,,"[gblock_KL16 (yfaL-HAx3 for surface display), +, 778, 799]"
KL1212,GTTTCAGCACGGTAATCAGAAGC,,,"[gblock_KL16 (yfaL-HAx3 for surface display), +, 1035, 1057]"
KL1213,GCTCTCTGCTACAGTGAATGGTAG,,,"[gblock_KL14, +, 129, 152]"
KL1214,GGAGATAATTCACTTACGGACCG,,,"[gblock_KL14, +, 283, 305]"
KL1215,CCATGCTGAACAACTGGGTG,,,"[gblock_KL14, +, 792, 811]"
KL1217,CGTCAACACGGGATAATACCG,,,"[pKL644, -, 3300, 3320]"
KL1218,CGTTTACCGTCAGCGTATCG,,,"[pKL644, -, 4012, 4031]"
KL1219,GTGGGTCCGGCGGGAAATTCATGAGCACTTTTAAAGTTCTGCTATGTGGC,,,"[pKL644, +, 3249, 3298]"
KL1220,CCTCAGAGTTAGCCAGAGGAC,,,"[pKL645, +, 3645, 3665]"
KL1221,GTCGCCGCATACACTATTCTC,,,"[pKL643, +, 2679, 2699]"
KL1222,CAGATCGCTGAGATAGGTGC,,,"[pKL643, +, 3230, 3249]"
KL1210,GGCAATCTGACCAATACGTCC,,,"[gblock_KL16 (yfaL-HAx3 for surface display), +, 205, 225]"
KL1223,CTACGCGGTTCTTCAGAGAG,,,"[pKL646, -, 3754, 3773]"
KL1224,GGTGATGTCCATGTGTGCAC,,,"[pKL646, -, 4409, 4428]"
KL1229,TGAAATGGTTTCAGACGGCATGCAGGTCGAgcaattccgacgtctgtgtg,,,"[pKL659, +, 226, 275]"
KL1235,CAGCTCATTTCAGAATATTTGCCAG,,,"[pKL665, -, 3843, 3867]"
KL1232,ATGTATATCTCCTTCTTAAATCTAGAGGATCCC,,,"[pKL663, -, 4059, 4091]"
KL1226,gagcaatcacctatgaactgtcgactcgaggcaattccgacgtctgtgtg,,,"[pKL655, +, 16, 65]"
KL1228,atcacctatgaactgtcgactcgagataaatgtgagcggataacattgac,,,"[pKL657, +, 30, 79]"
KL1230,TCGACCTGCATGCCGTCTGA,,,"[pKL659, -, 236, 255]"
KL1233,AGATTTAAGAAGGAGATATACATATGAATAAGGCCTACAGTATCATTTGG,,,"[pKL663, +, 4069, 4118], [pKL665, +, 3948, 3997]"
KL1227,CCAAATGATACTGTAGGCCTTATTCATgggtacctttctcctctttaatg,,,"[pKL657, -, 135, 184]"
KL1231,TGGTTTCAGACGGCATGCAGGTCGAataaatgtgagcggataacattgac,,,"[pKL661, +, 220, 269]"
KL1234,CTGGCAAATATTCTGAAATGAGCTGataaatgtgagcggataacattgac,,,"[pKL665, +, 3843, 3892]"
KL1258,AGATCTCGAGCTCAAGCTTCGAATTCTGCAG,,,
KL1265,CTAAGCAGAAGGCCATCCTG,,,"[pSJ159 - pENTR: HIF1a_Bagnall et al Linker_mClover, +, 967, 986], [pSJ123 - pENTR: PGK_HIF1a_Bagnall et al Linker_mClover, +, 967, 986], [pSJ160 - pENTR: mClover_Bagnall et al Linker_HIF1a, +, 967, 986], [pSJ131 - pENTR: HIF1a-middle-VenusPest, +, 275, 294], [pSJ16 - pENTR: PGK_mClover_Bagnall et al Linker_HIF1a, +, 967, 986], [pSJ125 - pENTR: PGK_mClover_Bagnall et al Linker_HIF1a, +, 967, 986]"
KL1257,gctgctgccgctgccggtgc,,,
KL1264,gcaccggcagcggcagctccATGCTGTCGGGCTCTCCGGG,,,
KL1261,gcaccggcagcggcagcagcATGCTGTCGGGCTCTCCGGG,,,
KL1260,TGCAGAATTCGAAGCTTGAGCTCGAGATCTTCAGTGGGCCAGAGCCGCAG,,,
KL1259,gcaccggcagcggcagcagcATGCTGTCCAACTCCCAGGG,,,
KL1280,gctgccggtgccatgccctccggaaccggtcttgtacagctcgtccatcc,,,"[pKL684, -, 1154, 1203]"
KL1263,ggagctgccgctgccggtgc,,,
KL1262,TGCAGAATTCGAAGCTTGAGCTCGAGATCTTCAGTGGGCGAGAGCCGCAT,,,
KL1242,GCGGGAGACGTGGAGGAAAACCCTGGACCTGCGGCCGCACTCGAGATATC,,,"[pKL676, +, 2540, 2589]"
KL1278,CAACTTTGTACAAAAAAGCAGGCTCCACCATGGTGTCTAaGGGCGAAGAG,,,
KL1279,accggttccggagggcatgg,,,
KL1245,AGGTCCAGGGTTTTCCTCCA,,,
KL1246,GCGGCCGCACTCGAGATATCTAGAC,,,
KL1252,CTCGAGCGGCCGCCAGTGTGCATGGATATC,,,
KL1256,CAGTAGACTAAAATTCGTCGCTCCGCTTCCtcctcgatcGTCAGCCGGCA,,,
KL1241,TTTTCCTCCACGTCTCCCGCTTGTTTCAGTAGACTAAAATTCGTCGCTCC,,,"[pKL676, -, 2510, 2559]"
KL1251,TGCATGGATATCGCCCAGGGAAGGCAACATCTTGTACAGCTCGTCCATGC,,,
KL1240,TCAGTAGACTAAAATTCGTCGCTCCGCTTCCCAGCGCCTTTCTCCGTTTT,,,"[pKL676, -, 2485, 2534]"
KL1248,GGGTCTAGATATCTCGAGTGCGGCCGCTCATCAGATGGTGTCCTGGTCCT,,,
KL1239,ACTACCGCATTAAGCTTGCATGCttaaactcaattaagtttgtgccccag,,,"[pKL674, -, 1344, 1393]"
KL1236,TGATAAACTACCGCATTAAGCTTGCATGCttaggcggcggtcacgaactc,,,"[pKL672, -, 1317, 1366]"
KL1237,ATAAACTACCGCATTAAGCTTGCATGCTTActtgtacagctcgtccatcc,,,"[pKL673, -, 4719, 4768]"
KL1238,TCCTCTAGATTTAAGAAGGAGATATACATATGGTGTCTAaGGGCGAAGAG,,,"[pKL673, +, 3999, 4048]"
KL1243,CCACCGGCCGGTCGCCACCATGGTGAGCAAGGGCGAGGAG,,,"[pKL676, +, 1408, 1447]"
KL1244,CATGGTGGCGACCGGCCGGTGGATC,,,"[pKL676, -, 1405, 1429]"
KL1247,GCGGGAGACGTGGAGGAAAACCCTGGACCTATGGTGAGCGTGATCAAGCC,,,
KL1249,ATGTTGCCTTCCCTGGGCGA,,,
KL1250,CGGGAGACGTGGAGGAAAACCCTGGACCTATGGTGAGCAAGGGCGAGGAG,,,
KL1253,GGAAGCGGAGCGACGAATTTTAGTCTACTG,,,
KL1254,CTTGTACAGCTCGTCCATGC,,,
KL1255,TACACATGGCATGGACGAGCTGTACAAGtactcaatgttgccttccctgg,,,
KL1293,ggatatccatcacactggcggccgctcgagATGACCCAACCACAAATGGC,,,
KL1288,TTGATCCCTCGATGTTAACTCTAGATcAttagctctcaagcgcggtgatc,,,
KL1291,gatatccatcacactggcggccgctcgagATGGCCTCAGAGATCCACATG,,,
KL1294,GACTAAAATTCGTCGCTCCGCTTCCTAAATGCTTTAGATAACGGACAAGG,,,
KL1289,atatccatcacactggcggccgctcgagATGGCTCCAGAGATCAACTTGC,,,
KL1284,TgATCTAGAGTTAACATCGAGGGATCAAGCGC,,,
KL1283,CATctcgagcggccgccagtg,,,
KL1285,tatccatcacactggcggccgctcgagATGGCATCAGAGATCCACATGAC,,,
KL1286,TAGACTAAAATTCGTCGCTCCGCTTCCGCTTATGGTACATGCCTTTCGTC,,,
KL1287,gtccaccctgacaccggcatttcgtccaaggccatgggcatcatgaattc,,,
KL1290,ACTAAAATTCGTCGCTCCGCTTCCGAGTATGTTACATATTGGCTCCAATG,,,
KL1292,TAGACTAAAATTCGTCGCTCCGCTTCCGAGTATAGTGCACTTCCCAGACG,,,
KL1266,TAGATATCTCGAGTGCGGCCGCTTACAGCGCCTTTCTCCGTTTTTCTGCC,,,
KL1282,GTAGACTAAAATTCGTCGCTCCGCTTCCGCGCTTGGCGCGACCGGTTTTC,,,
KL1281,ATGGTGAGCGTGATCAAGCC,,,"[pKL679, +, 2600, 2619]"
KL1268,GCAGGCTCCACCTCTAGACCTGACCATGGTGAGCAAGGGCGAGGAG,,,
KL1267,GGTCAGGTCTAGAGGTGGAG,,,
KL1273,GAAGGGAGAAGTTAGTCGCTCCGCTTCCGCGCTTGGCGCGACCGGTTTTC,,,
KL1274,TCGAGGAAAACCCTGGTCCTCGCGAATTCATGGTGAGCAAGGGCGAGGAG,,,
KL1277,ACCACATGTCACAGGACTTG,,,"[pKL685, -, 1875, 1894]"
KL1272,CTCCTCGCCCTTGCTCACCATGAATTCGCGAGGACCAGGGTTTTCCTCGA,,,
KL1269,GGATATCCATCACACTGGCG,,,
KL1270,TCCACCGGCGGCATGGACGAGCTGTACAAGGGATATCCATCACACTGGCG,,,
KL1271,AAGATAAAGAAAACCGGTCGCGCCAAGCGCGGAAGCGGAGCGACTAACTT,,,
KL1275,CTCGAGCGGCCGCCAGTGTGATGGATATCCCTTGTACAGCTCGTCCATGC,,,
KL1276,TCTGGAGCCACATAGTACGG,,,"[pKL683, -, 1873, 1892]"
KL1307,gatccaaacgaaaagagagaccac,,,
KL1315,CACTTCTACAGACGGATCAGTC,,,
KL1310,gtacaaggttctgaagcaggtc,,,
KL1316,GTGATGACTACCTGGAGAATGC,,,
KL1301,GACTTTGGAAGAGAGAGAAAATCATCATC,,,"[gblock_KL26, +, 1, 29]"
KL1306,TCACTTGTACAGCTCGTCCATGCC,,,"[gblock_KL29 (sfGFP_mammalian), -, 697, 720]"
KL1311,gctgatcatcgaactcgaacg,,,
KL1300,TCCCTCGTAAGGTCTGCCTG,,,"[gblock_KL25, -, 231, 250]"
KL1297,CAGGAGTCATTTGATCTTATGATTAAAGAAAATCC,,,"[gblock_KL24, +, 1, 35]"
KL1296,GCCTGTGCCCTCACCCTCGATTGTGAACTC,,,"[gblock_KL23, -, 221, 250]"
KL1295,CACCCAGGAGTCATTTGATCTTATG,,,"[gblock_KL23, +, 1, 25]"
KL1313,GATACAGGCCAAAGAGGTGC,,,
KL1298,TCTCGAACTCGTGGCCGTTC,,,"[gblock_KL24, -, 231, 250]"
KL1303,GTGGCCGTTTACGTCGCCGTC,,,"[gblock_KL27, -, 230, 250]"
KL1308,GGACACTGAGAGATTTCTCCCTG,,,
KL1309,GCATCATCAGATCGTTGCTCAG,,,
KL1299,AGAGAGAAAATCATCATCAGGAAGTTCTG,,,"[gblock_KL25, +, 1, 29]"
KL1302,GGACGAGGTTTCCAGCCCCAG,,,"[gblock_KL27, +, 1, 21]"
KL1304,GGAAGCGGAGCGACGAATTTTAGTC,,,"[gblock_KL28 (P2A_part pf H2B), +, 1, 25]"
KL1305,tgcccatggccttggacgaaatgc,,,"[gblock_KL28 (P2A_part pf H2B), -, 227, 250]"
KL1317,CATGACTACTGGCAGGTTCC,,,
KL1313,GATACAGGCCAAAGAGGTGC,,,
KL1312,CACTGCTGATGACTACTTGGAG,,,
KL1314,GTCACTTCTGATGAGTACCTGG,,,
KL1320,CCCGGTGAACAGCTCCTCGCCCTTGCTCACCATGGTGGCGAATTCTCGAG,,,
KL1319,GCTGGACGGCGACGTAAACGGCCACGCGGCCGCACTCGAGATATCTAGAC,,,
KL1321,CATCCTGGTCGAGCTGGACGGCGACGTAAACGGCCAC,,,
KL1318,GTCTAGATATCTCGAGTGCGGCCGCGTGGCCGTTTACGTCGCCGTC,,,
KL1340,GGGTCTAGATATCTCGAGTGCGGCCGCttaCTTGTACAGCTCGTCCATGC,,,"[pKL711, -, 1501, 1550]"
KL1339,GGTGGCGAATTCTCGAGACC,,,
KL1327,CAGAAGATAAAGAAAACCGGTCGCGCCAAGCGC,,,
KL1323,CAGTGTGATGGATATCCCTTGTACAGCTCGTCCATGCCGCCGGTGGAGTG,,,
KL1324,GAAAACCGGTCGCGCCAAGCGC,,,
KL1322,GTCCATGCCGCCGGTGGAGTG,,,
KL1326,CCTGCCCTTCTCCGGGCCAGAAGATAAAGAAAACCGGTCGCGCCAAGCGC,,,
KL1334,CCGGCCCGCGCGGCCGCGCGGCTGTCGGTGGACGAGGTTTCCAGCCCCAG,,,
KL1334,CCGGCCCGCGCtGCaGCtCGGCTGTCGGTGGACGAGGTTTCCAGCCCCAG,,,
KL1336,CtGCaGCtCGGCTGTCGGTGGACGAGGTTTCCAGCCCCAG,,,
KL1338,GGCGAGTTCATCTACAAGGTG,,,
KL1337,GTCTTGACCTCAGCGTCGTAG,,,
KL1341,CGGCATGGACGAGCTGTACAAGtaaGCGGCCGCACTCGAGATATCTAGAC,,,"[pKL711, +, 1499, 1548]"
KL1335,AACCTCGTCCACCGACAGCCGaGCtGCaGCGCGGGCCGGTGGCCTGGCC,,,
KL1333,TCCGCTTCCGCGCTTGGCGCGACCGGTTTTCTTTATCTTCTGGCCCGGAG,,,
KL1331,TTTCTTTATCTTCTGGCCCGGAG,,,
KL1332,GCGCTTGGCGCGACCGGTTTTCTTTATCTTCTGGCCCGGAG,,,
