T7,TAATACGACTCACTATAGGG,,,
T7 Term,GCTAGTTATTGCTCAGCGG,,,
T3,ATTAACCCTCACTAAAGGGA,,,
SP6,GATTTAGGTGACACTATAG,,,
U6,GACTATCATATGCTTACCGT,,,
BGHR,TAGAAGGCACAGTCGAGG,,,
M13F,GTAAAACGACGGCCAG,,,
M13R,CAGGAAACAGCTATGAC,,,
M13-40FOR,GTTTTCCCAGTCACGAC,,,
M13-48REV,CGGATAACAATTTCACACAG,,,
CMV-Forward,CGCAAATGGGCGGTAGGCGTG,,,
5GEX,GGGCTGGCAAGCCACGTTTGGTG,,,
3GEX,CCGGGAGCTGCATGTGTCAGAGG,,,
pFastBacF,GGATTATTCATACCGTCCCA,,,
pFastBacR,CAAATGTGGTATGGCTGATT,,,
pBAD Forward,ATGCCATAGCATTTTTATCC,,,
pBAD Reverse,GATTTAATCTGTATCAGG,,,
EGFP-C-For,CATGGTCCTGCTGGAGTTCGTG,,,
EGFP-C-REV,GTTCAGGGGGAGGTGTG,,,
EGFP-N,CGTCGCCGTCCAGCTCGACCA,,,
SV40pA-R,GAAATTTGTGATGCTATTGC,,,
ATTB1,GTTTGTACAAAAAAGCAGGC,,,
ATTB2,CCACTTTGTACAAGAAAGCTGGGT,,,
ATTL1,CGCGTTAACGCTAGCATGGATCTC,,,
ATTL2,CATCAGAGATTTTGAGACAC,,,"[pSJ346 - pENTR: UBC_UTR_trHIF1aL795A-middle-mNeonGreen_(nogblock7)_2A_H2B-mTurquoise2-PEST, -, 7203, 7222], [pSJ329 - pENTR: EF1a_UTR_trHIF1aL795A-middle-mNeonGreen_(nogblock7)_2A_H2B-mCerulean3-PEST, -, 7089, 7108], [pSJ338 - pENTR: SV40_UTR_trHIF1aL795A-middle-mNeonGreen_(nogblock7)_2A_H2B-mTurquoise2-PEST, -, 6276, 6295], [pSJ330 - pENTR: mPGK_UTR_trHIF1aL795A-middle-mNeonGreen_(nogblock7)_2A_H2B-mCerulean3-PEST, -, 6446, 6465], [pSJ345 - pENTR: hPGK_UTR_trHIF1aL795A-middle-mNeonGreen_(nogblock7)_2A_H2B-mTurquoise2-PEST, -, 6449, 6468], [pSJ315 - pENTR: mCMV_UTR_trHIF1aL795A-middle-mNeonGreen_(nogblock7)_2A_H2B-mTurquoise2-PEST, -, 6469, 6488], [pSJ337 - pENTR: mPGK_UTR_trHIF1aL795A-middle-mNeonGreen_(nogblock7)_2A_H2B-mTurquoise2-PEST, -, 6446, 6465], [pSJ344 - pENTR: HSVTK_UTR_trHIF1aL795A-middle-mNeonGreen_(nogblock7)_2A_H2B-mTurquoise2-PEST, -, 6133, 6152], [pSJ302 - pENTR: H2B-mCerulean3-PEST, -, 2217, 2236], [pSJ331 - pENTR: SV40_UTR_trHIF1aL795A-middle-mNeonGreen_(nogblock7)_2A_H2B-mCerulean3-PEST, -, 6276, 6295], ...more sites present"
ITS1,TCCGTAGGTGAACCTGCGG,,,
ITS4,TCCTCCGCTTATTGATATGC,,,
PJET1-2F,CGACTCACTATAGGGAGAGCGGC,,,
PJET1-2R,AAGAACATCGATTTTCCATGGCAG,,,
