MD0127,GTACAAAAAAGCAGGCTCCACCatgagtctcttaaactgtgag,,,
MD0136,atcaaatctgtcgatcct,,,"[pTG029, +, 4958, 4975], [pTG033, +, 1651, 1668], [pMD0069, +, 3203, 3220], [pMD0078, +, 1663, 1680], [pSJ319 - pUC19: pLac_RBS-LacZ_RBS-mVenus_rrnBT, +, 2504, 2521], [pMD0089, +, 1651, 1668], [pMD0093_TEG, +, 1651, 1668], [Copy of pTG033, +, 2457, 2474], [pMD0067, +, 3203, 3220], [pMD0070, +, 3203, 3220], ...more sites present"
MD0137,caaaccatcgaagtgacca,,,"[pSJ322 - pUC19: pJ23107_RBS-LacZ_RBS-mVenus_rrnBT, +, 2922, 2940], [pSJ319 - pUC19: pLac_RBS-LacZ_RBS-mVenus_rrnBT, +, 2981, 2999], [pSJ321 - pUC19: pJ23107_RBS-LacZ_RBS-mVenus_RBS-LacY_RBS-mScarlet_rrnBT, +, 2922, 2940], [pTG029, +, 5435, 5453], [gSJ19 - pLac_RBS-LacZ_RBS-mVenus_rrnBT, +, 2025, 2043], [pMD0095, +, 2128, 2146], [pTG029, +, 2128, 2146], [gSJ13 - pLac_RBS-LacZ_RBS-mScarlet_rrnBT, +, 2025, 2043], [gSJ16 - pJ23107_RBS-LacZ_RBS-mScarlet_rrnBT, +, 1966, 1984], [pMD0093_TEG, +, 2128, 2146], ...more sites present"
MD0138,acattggcgtaagtgaag,,,"[pRJPaph-lacZYA, +, 5853, 5870], [Copy of Copy of pTG033 (COUPLED), +, 2603, 2620], [pMD0078, +, 2615, 2632], [Copy of pTG033, +, 3409, 3426], [pTG033, +, 2603, 2620], [gSJ14 - pJ23107_RBS-LacY_RBS-mVenus_RBS-LacZ_RBS-mScarlet_rrnBT, +, 4448, 4465], [pMD0095, +, 2603, 2620], [pTG029, +, 2603, 2620], [pMD0070, +, 4155, 4172], [pMD0060, +, 4214, 4231], ...more sites present"
MD0140,tattccaaccgctgtttg,,,"[Copy of Copy of pTG033 (COUPLED), +, 4207, 4224], [pMD0060, +, 5084, 5101], [pSJ323 - pUC19: pJ23107_RBS-LacY_RBS-mScarletI_rrnBT, +, 1189, 1206], [pTG030, +, 2789, 2806], [pMD0075, +, 4238, 4255], [gSJ12 - pLac_RBS-LacY_RBS-mVenus_rrnBT, +, 295, 312], [pTG032, +, 2258, 2275], [pSJ342 - pUC19: LacZYA-HA_pJ23107_RBS-LacY_RBS-mVenus_rrnBT_FRT-Kan-FRT_LacZYA-HA, +, 592, 609], [Copy of pSJ320 (COUPLED) - pUC19: pLac_RBS-LacY_RBS-mScarlet_rrnBT, +, 2258, 2275], [pTG032, +, 2258, 2275], ...more sites present"
MD0133,cactgaccgaattcaactca,,,"[pCRISPR, -, 2342, 2361], [pLL3, -, 2616, 2635], [pCRISPR, -, 2616, 2635], [pCRISPR, -, 2616, 2635]"
MD0145,ATCCAGCGGATAGTTAATGAT,,,"[pLacI, +, 2313, 2333]"
MD0169,tggaactcaacaagtctcag,,,"[pLL2, -, 6595, 6614], [pCas9, -, 6595, 6614], [pCas9, -, 6595, 6614]"
MD0183,AGACGGCATTTAAAGGTGAT,,,"[pMA7CR_2.0_beta_gam_exo, +, 9751, 9770], [pSIM6, -, 1488, 1507], [pKD46, +, 1760, 1779], [pwtCas9-tetR-BGE, +, 6746, 6765]"
MD0146,ATCATTAACTATCCGCTGGAT,,,"[giTG026 delta-lacZYA, -, 2007, 2027], [pLacI, -, 2313, 2333], [Copy of giTG026 delta-lacZYA, -, 2007, 2027], [lac operon Kan deletion, -, 3229, 3249], [lac operon Kan deletion, -, 3229, 3249]"
pMD0034_Assembly REV (2),AACAACActcgaggcatgccTCAggcggcggtcacgaact,,,"[pMD0034_AssemblyGibson, -, 4094, 4113]"
MD319,cgcaaagttaacagtcggtac,,,"[MG1655 Genome Version U00096.3, +, 788776, 788796]"
MD0247,AGCGGATAACAATTTCACACAGGAAACAGCTatgtactatttaaaaaacacaaacttttg,,,"[pMD0054, +, 1527, 1586], [pMD0059, +, 2634, 2662], [pMD0059 [1785-4013], +, 896, 924], [pMD0056, +, 1159, 1218], [pMD0059, +, 2634, 2662]"
MD0344,cttatgagcaaaaaagggaagtggcaagccacttcccttgtacgagctaaTGTAGGCTGGAGCTGCTTCGAAGTT,,,"[dsMD0001, -, 1329, 1403], [cadBA Kan deletion, +, 1061, 1135], [cadBA Kan deletion genomic region, +, 102, 176]"
MD0135,cacgctgattgaagcag,,,"[pMD0063, +, 2740, 2756], [gSJ14 - pJ23107_RBS-LacY_RBS-mVenus_RBS-LacZ_RBS-mScarlet_rrnBT, +, 3033, 3049], [pTG031, +, 1188, 1204], [pSJ322 - pUC19: pJ23107_RBS-LacZ_RBS-mVenus_rrnBT, +, 1982, 1998], [pMD0066, +, 2799, 2815], [pSJ324 - pUC19: pLac_RBS-LacZ_RBS-mScarletI_rrnBT, +, 2038, 2054], [pRJPaph-lacZYA, +, 4438, 4454], [pTG029, +, 1188, 1204], [pMD0067, +, 2740, 2756], [pMD0070, +, 2740, 2756], ...more sites present"
MD0165,TTGTTGATGAATTGGTCAAAGTAATGG,,,"[pCas9, +, 4452, 4478], [pwtCas9-sc101ts [8343-7812], +, 3798, 3824], [pMA7CR_2.0_beta_gam_exo, +, 3212, 3238], [pwtCas9-tetR-BGE, +, 2967, 2993], [pLL2, +, 4452, 4478], [pwtCas9-sc101ts, +, 3798, 3824], [pCas9, +, 4452, 4478]"
pMD0035_assembly FWD (4),CTTCGCGGCCGCTTAATTAAccaggcatcaaataaaacga,,,"[pMD0035_ AssemblyGibson, +, 4032, 4051], [pMD0035, +, 3016, 3055], [pSC101-BFP, +, 3016, 3055], [pMD0035, +, 3016, 3055]"
MD0246,ctagctgtcaaAGGATCCCCGGGTACCGAGCtAGACGTCGATATCTGGCGAAAATGAGAC,,,
MD0212,tctttaattaattctgacatAGCTGTTT,,,"[pSC101-BFP, -, 2286, 2313], [pMD0035, -, 2286, 2313], [pMD0035, -, 2286, 2313]"
M13/pUC For,CCCAGTCACGACGTTGTAAAACG,,,"[pRJPaph-lacZYA, -, 3505, 3527]"
MD0343,ctgttccttatgttgtaccttatctcgacaaatttcttgcttcagaataaATTCCGGGGATCCGTCGACCTGCAG,,,"[dsMD0001, +, 1, 75]"
MD0309,cacatggcatggatgaactatacaaataaatgtactatttaaaaaacacaaacttttgg,,,"[pMD0066, +, 5600, 5658]"
MD0304,CCGCGAAGCTTAACAACActcgaggcatgcccttatttgtatagttcatccatgc,,,"[pMD0064, -, 5606, 5660]"
MD0264,ggcggaggttctggaggagggagcGGTGGAGGCAGTatgtactatttaaaaaacacaaac,,,"[pMD0058, +, 1704, 1763], [pMD0058, +, 1704, 1763], [pMD0058 [892-3118], +, 863, 922]"
MD0151,GCTGTCTTTTTCGTGACATT,,,"[pMD0065, +, 829, 848], [pKL28, -, 1222, 1241], [pMD0061, +, 6308, 6327], [pMD0051, +, 453, 472], [pMD0067, +, 453, 472], [pKL28_for assembly, -, 1704, 1723], [pSIM6, +, 6400, 6419], [pMD0068, +, 453, 472], [pMD0052, +, 910, 929], [pMD0066, +, 453, 472], ...more sites present"
MD323,ggatatcgctgactgcgcgcaaacATTTAAATtcactgcccgctttccagtcg,,,"[pMD0072, -, 73, 125], [pMD0071, -, 840, 892], [pMD0072, -, 73, 125], [pMD0071, -, 840, 892]"
MD0231,gcTACTAGAGAGAAAGAGGAGAAATACTAGatgtactatttaaaaaacacaaacttttgg,,,"[pMD0062, +, 2205, 2264], [pMD0092, +, 110, 169], [pMD0046, +, 1821, 1880], [pMD0045, +, 2205, 2264]"
MD0326,cagcaagctgtcgctgaacaatatgaaATTTAAATttaagccagccccgacacccgcc,,,"[pMD0071, +, 1188, 1245], [pMD0072, +, 382, 439], [pMD0072, +, 382, 439], [pMD0071, +, 1188, 1245]"
pMD0035_assembly REV (2),tctttaattaattctgacatAGCTGTTTCCTGTGTGAAAT,,,"[pMD0035, -, 2274, 2313], [pMD0035_ AssemblyGibson, -, 3270, 3289], [pMD0035, -, 2274, 2313], [pSC101-BFP, -, 2274, 2313]"
MD0365,tttacggctagctcagtcctaggtatagtgctagcTACTAGAGAGAAAGAGGAGAAATAC,,,"[pMD0103, +, 1784, 1843], [pMD0101, +, 94, 153]"
MD0331,gtttgcgcgcagtcagcgatatccattttcgcgaatccggagtgtaagaaGCTCGGTACCCGGGGATCC,,,"[pMD0072, +, 102, 170], [pMD0072, +, 102, 170]"
MD0308,GCGAAGCTTAACAACActcgaggcatgcccttatttgtatagttcatccatgcc,,,"[pMD0065, -, 4160, 4213]"
MD0348,gtgaaaagttcttctcctttactcatttaagcgacttcattcacctgacgacgcagc,,,
MD0311,atgagtaaaggagaagaac,,,"[pSJ322 - pUC19: pJ23107_RBS-LacZ_RBS-mVenus_rrnBT, +, 4113, 4131], [pTG033, +, 3319, 3337], [pSJ318 - pUC19: pLac_RBS-LacZ_RBS-mVenus_RBS-LacY_RBS-mScarlet_rrnBT, +, 4172, 4190], [pTG029, +, 3319, 3337], [pMD0064, +, 4912, 4930], [pSJ325 - pUC19: pLac_RBS-LacY_RBS-mVenus_rrnBT, +, 2366, 2384], [pMD0091, +, 3215, 3233], [gSJ17 - pLac_RBS-LacZ_RBS-mVenus_RBS-LacY_RBS-mScarlet_rrnBT, +, 3216, 3234], [pSJ319 - pUC19: pLac_RBS-LacZ_RBS-mVenus_rrnBT, +, 4172, 4190], [pTG029, +, 6626, 6644], ...more sites present"
MD0164,CAGGTGAACAGAAGAAAGCCAT,,,"[pMA7CR_2.0_beta_gam_exo, +, 2606, 2627], [pwtCas9-sc101ts [8343-7812], +, 3192, 3213], [pwtCas9-bacteria, +, 2361, 2382], [pwtCas9-sc101ts, +, 3192, 3213], [pLL2, +, 3846, 3867], [pwtCas9-gRNA-sc101ts, +, 3372, 3393], [pwtCas9-tetR-BGE, +, 2361, 2382], [pCas9, +, 3846, 3867], [pCas9, +, 3846, 3867]"
MD0227,gcTACTAGAGAGAAAGAGGAGAAATACTAGatgtcagaattaattaaagaaaatatgcacatgaaatt,,,"[pMD0041, +, 2205, 2272], [pMD0041, +, 2205, 2272]"
MD0228,CTCCTCTTTCTCTCTAGTAgctagcattatacctaggactgagctagctgtcaaAGGATCCCCGGGTACCG,,,"[pMD0041, -, 2155, 2225], [pMD0044, -, 1772, 1842], [pMD0052, -, 2155, 2171], [pMD0041, -, 2155, 2225], [pMD0042, -, 1772, 1842], [pMD0061, -, 1113, 1183], [pMD0062, -, 2155, 2225], [pMD0045, -, 2155, 2225], [pMD0063, -, 1698, 1768], [pMD0046, -, 1771, 1841], ...more sites present"
MD0324,GAAGCTTAACAACActcgaggcatgcccagctgtttcctgtgtgaaattgttatccgc,,,"[pMD0073, -, 1020, 1077], [pMD0073, -, 1020, 1077], [pMD0071, -, 1011, 1068], [pMD0071, -, 1011, 1068]"
pMD0035_assembly FWD (3),ATTTCACACAGGAAACAGCTatgtcagaattaattaaagaaaatatgca,,,"[pMD0035_ AssemblyGibson, +, 3290, 3318], [pMD0035, +, 2274, 2322], [pSC101-BFP, +, 2274, 2322], [pMD0035, +, 2274, 2322]"
MD0370,gagagcgttcaccgacaaacaacagataaaacgaaaggcccagtc,,,"[pMD0101, -, 934, 978], [pMD0102, -, 934, 978]"
MD0361,CAGCAAAACCCGTACCCTAGCTCTAGATTAAataaaacgaaaggcccagtctttcgactg,,,"[pEB1-mScarletI, -, 1039, 1067], [pMD0093, -, 4052, 4111]"
MD0270,ccattaccagttggtctggtgtcaaaaat,,,"[sgHA-lacZ-mVenus-KAN, +, 535, 563], [sgHA-lacZ-mVenusNB-kan, +, 535, 563], [BW25113 Genome Annotated, -, 358944, 358972], [pTG021 lacZ-mScarletI-KAN, +, 535, 563], [pTG028, +, 535, 563], [pTG019 - lacZ-mVenus-Kan, +, 535, 563], [sgHA-lacZ-SCFP, +, 535, 563], [BW25113 Genome Annotated, -, 358944, 358972], [pTG033, +, 535, 563], [pTG019 - lacZ-mVenus-Kan, +, 535, 563], ...more sites present"
MD0371,gctagcacaatacctaggactgagctagctgtcaatcactgcccgctttccagtcgggaa,,,"[pMD0102, -, 69, 128]"
MD0369,ctgttgtttgtcggtgaacgctctcggcatccgcttacagacaagctgtgaccg,,,"[pMD0102, +, 954, 1007], [pMD0101, +, 954, 1007]"
MD0363,aaatagtacatAATGGATTTCCTTACGCGttatttgtatagttcatccatgccatgtgta,,,"[pTG033, -, 4005, 4064], [pTG029, -, 4005, 4035], [Copy of Copy of pTG033 (COUPLED), -, 3986, 4045], [pTG029, -, 4005, 4035], [Copy of pTG033, -, 4811, 4870], [pMD0089, -, 3987, 4017], [pSJ319 - pUC19: pLac_RBS-LacZ_RBS-mVenus_rrnBT, -, 4858, 4888], [pTG029, -, 7312, 7342], [pMD0095-new, -, 3987, 4046], [pMD0095, -, 3987, 4046], ...more sites present"
MD0221,cGGTGGAGGCAGTatggtgagcaagggcgag,,,"[pMD0038, +, 5006, 5036], [pMD0044, +, 4947, 4977]"
MD0128,ctcacagtttaagagactcatGGTGGAGCCTGCTTTTTTGTAC,,,
MD0134,caggacagtcgtttgcc,,,"[gSJ17 - pLac_RBS-LacZ_RBS-mVenus_RBS-LacY_RBS-mScarlet_rrnBT, +, 612, 628], [pMD0051, +, 2326, 2342], [gSJ16 - pJ23107_RBS-LacZ_RBS-mScarlet_rrnBT, +, 553, 569], [pMD0093, +, 715, 731], [pTG029, +, 715, 731], [pMD0077, +, 766, 782], [pMD0095-new, +, 715, 731], [pMD0064, +, 2326, 2342], [gSJ19 - pLac_RBS-LacZ_RBS-mVenus_rrnBT, +, 612, 628], [pSJ321 - pUC19: pJ23107_RBS-LacZ_RBS-mVenus_RBS-LacY_RBS-mScarlet_rrnBT, +, 1509, 1525], ...more sites present"
MD0121,GCACAGATCATGATCGGAGCAGCAGGAAGCGGAGCTACTAACTTCAGCCTGCTGAAGCAGGCTGGA,,,
MD0282,tttttgacaccagaccaactggtaatggtagc,,,"[pTG029, -, 3266, 3297], [pMD0066, -, 4877, 4908], [gSJ16 - pJ23107_RBS-LacZ_RBS-mScarlet_rrnBT, -, 3104, 3135], [pMD0069, -, 4818, 4849], [pMD0064, -, 4877, 4908], [pTG029, -, 6573, 6604], [pMD0063, -, 4818, 4849], [pTG029, -, 3266, 3297], [pMD0075, -, 3314, 3345], [gSJ19 - pLac_RBS-LacZ_RBS-mVenus_rrnBT, -, 3163, 3194], ...more sites present"
MD0265,gctaccgcctccacttccacccccagatccacctccggcggcggtcacgaactccagcag,,,"[pMD0059 [1785-4013], -, 836, 895], [pMD0059, -, 2574, 2633], [pMD0059, -, 2574, 2633]"
pMD0035_assembly FWD (1),aacgctctcTTAATCTAGAGCTAGGGTACGGGTTTTGCTGC,,,"[pMD0035, +, 3107, 3147], [pMD0035_ AssemblyGibson, +, 1, 21], [pSC101-BFP, +, 3107, 3147], [pMD0035, +, 3107, 3147]"
pENTR Reverse C Sergi,GGTGGAGCCTGCTTTTTTGTACAAAGTTGGC,,,
MD0144,AAGGCTCTCAAGGGCATC,,,"[pMAZ-SK-TG, +, 2875, 2892], [pMAZ-SK-TG, +, 2883, 2900], [pMAZ-SK-TG-galK, +, 2877, 2894], [pMAZ-SK-TG-galKHAs, +, 1934, 1951], [pLacI, +, 1545, 1562], [pMAZ-SK-tetR, +, 3774, 3791]"
MD0152,GTCTGTTTTGTAGAGGAGCA,,,"[pSIM6, -, 6289, 6308], [pMD0067, -, 341, 360], [pMD0064, -, 341, 360], [pKL28, +, 1816, 1835], [pMD0070, -, 341, 360], [pMD0051, -, 341, 360], [pMD0052, -, 798, 817], [pMD0034, -, 290, 309], [pMD0052, -, 798, 817], [pKL28_for assembly, +, 1816, 1835], ...more sites present"
MD0310,ccaaaagtttgtgttttttaaatagtacatttatttgtatagttcatccatgccatgtg,,,"[pMD0066, -, 5600, 5658]"
MD0280,gccagcttttcgcccgcttgccagactgg,,,"[BW25113 Genome Annotated, -, 4290898, 4290926]"
MD0325,gggcatgcctcgagTGTTGTTAAGCTTCGCGGCCGCTTAATTAAccaggcatcaaataa,,,"[pMD0071, +, 1041, 1099], [pMD0071, +, 1041, 1099], [pMD0072, +, 235, 293], [pMD0072, +, 235, 293], [pMD0073, +, 1050, 1108], [pMD0073, +, 1050, 1108], [pMD0074, +, 1003, 1061]"
pMD0035_assembly REV (3),tcgttttatttgatgcctggTTAATTAAGCGGCCGCGAAG,,,"[pMD0035, -, 3016, 3055], [pSC101-BFP, -, 3016, 3055], [pMD0035, -, 3016, 3055], [pMD0035_ AssemblyGibson, -, 4012, 4031]"
pMD0035_assembly REV (1),TCACATTAATTGCGTTGCGCAGGATCCCCGGGTACCGAGC,,,"[pMD0035, -, 2152, 2191], [pMD0035_ AssemblyGibson, -, 3148, 3167], [pSC101-BFP, -, 2152, 2191], [pMD0035, -, 2152, 2191]"
MD0100,ATGCCAGAGCCAGCG,Forward internal primer to amplify H2B,,
MD0254,TAACAATTTCaCACAGGAAACAGC,,,"[gSJ11 - pLac_RBS-LacY_RBS-mVenus_RBS-LacZ_RBS-mScarlet_rrnBT, +, 98, 121], [pTG032, +, 2061, 2084], [gSJ18 - pLac_RBS-LacY_RBS-mScarlet_rrnBT, +, 98, 121], [pTG032, +, 2061, 2084], [pMD0090, +, 201, 224], [pTG030, +, 201, 224], [pTG030, +, 2592, 2615], [pSJ325 - pUC19: pLac_RBS-LacY_RBS-mVenus_rrnBT, +, 1069, 1092], [pMD0094, +, 2061, 2084], [Copy of pSJ320 (COUPLED) - pUC19: pLac_RBS-LacY_RBS-mScarlet_rrnBT, +, 2061, 2084], ...more sites present"
MD0294,CCGTAGATTTACAGTTCGTCATGGTTCGCTTCAGATCGTTGACAGCCGCAcctgcgcaacgcaattaatg,,,"[pMD0073, +, 875, 944], [pMD0073, +, 875, 944]"
MD0120,CCTCCACGTCTCCAGCCTGCTTCAGCAGGC,,,"[pMD 0009, -, 3065, 3094], [pMD 0009, -, 3065, 3094], [pMD0009, -, 3065, 3094]"
MD0118,ccaacgctaaGCCTaaGCGGCCGCACTCGAGATATCTAGACCCAGCTTTCTTGTACAAAGTTGGC,,,"[pMD0009, +, 4467, 4531], [pMD 0009, +, 4467, 4531], [TK263 pLenti pGK Puro (gateway from TK212 pENTR p53-Clover-2A-H2B-iRFP670 (based on MD009)), +, 3771, 3835], [TK212 pENTR p53-Clover-H2B-2A-iRFP670 (based on MD009), +, 4288, 4352], [TK217 pLenti pGK Blast (gateway from TK212 pENTR p53-Clover-2A-H2B-iRFP670 (based on MD009)), +, 3771, 3835], [pMD 0009, +, 4467, 4531], [TK217 pLenti pGK Blast (gateway from TK212 pENTR p53-Clover-2A-H2B-iRFP670 (based on MD009)), +, 3771, 3835]"
pMD0035_assembly FWD (2),GCTCGGTACCCGGGGATCCTGCGCAACGCAATTAATGTGA,,,"[pSC101-BFP, +, 2152, 2191], [pMD0035_ AssemblyGibson, +, 3168, 3187], [pMD0053, +, 1216, 1255], [pMD0053, +, 1216, 1255], [pMD0035, +, 2152, 2191], [pMD0035, +, 2152, 2191]"
MD0330,CCGTAGATTTACAGTTCGTCATGGTTCGCTTCAGATCGTTGACAGCCGCAcctGCTCGGTACCCGGGGATCC,,,"[pMD0074, +, 867, 938]"
MD0350,cagctgatgcatatctcaccgcc,,,"[MG1655 Genome Version U00096.3, -, 4360507, 4360529], [cadBA genomic region, -, 4189, 4211], [cadBA Kan deletion genomic region, -, 1566, 1588], [cadBA Kan deletion, -, 937, 959], [BW25113 Genome Annotated, -, 4350324, 4350346]"
MD0351,gagtaaggcacgcatgccgtaaa,,,"[cadBA Kan deletion, +, 960, 982], [MG1655 Genome Version U00096.3, +, 4356319, 4356341], [BW25113 Genome Annotated, +, 4346136, 4346158], [cadBA Kan deletion genomic region, +, 1, 23], [cadBA genomic region, +, 1, 23]"
MD0268,agggtggcgggcaggacgcccgccataaac,,,"[pSJ336 - pENTR: CAG_UTR_trHIF1aL795A-middle-mNeonGreen_(nogblock7)_2A_H2B-mTurquoise2-PEST, +, 687, 716], [BW25113 Genome Annotated, -, 360115, 360144]"
IntS Homology Arm Forward,ccgtagatttacagttcgtcatggttcgcttcagatcgttgacagccgca,,,"[MG1655 Genome Version U00096.3, +, 2466441, 2466490], [test_1, +, 73, 122]"
MD0277,ggtcgccgctcgcttaactcttcatgaaag,,,"[BW25113 Genome Annotated, +, 4292816, 4292845]"
MD0101,CACCAAGTACACCAGCGATG,Reverse internal primer to amplify H2B,,
intS homology arm Revrese,atagttgttaaggtcgctcactccaccttctcatcaagccagtccgccca,,,"[test_1, -, 1302, 1351], [MG1655 Genome Version U00096.3, -, 2467670, 2467719]"
MD0352,ttatttgccgactaccttggtgatc,,,"[pMD0099, +, 436, 460]"
MD0368,gctagcactatacctaggactgagctagccgtaaatcactgcccgctttccagtcgggaa,,,"[pMD0101, -, 69, 128]"
MD0122,gagcagacttcgctggctctggcatAGGTCCAGGGTTCTCCTCCACGTCTCCAGCCTGCTTCAGCAGGC,,,"[pMD 0009, -, 3065, 3133]"
MD0125,ACAAAAAAGCAGGCTTTAAAGGAACCAATTCAGCCACCatgccagagccagcgaagt,,,
MD0126,ctctggcatGGTGGCTGAATTGGTTCCTTTAAAGCCTGCTTTTTTGTACAAAGTTGG,,,
MD0269,ccaaaagtttgtgttttttaaatagtacat,,,"[lacZ-HAs mVenus Kan genome, +, 519, 548], [giTG059 - lacZ-RBS, +, 519, 548], [lacZ-HAs SCFP Kan genome, +, 519, 548], [BW25113 Genome Annotated, +, 358861, 358890]"
MD0278,cctgacccggaaatgttccgcatcggcgc,,,"[BW25113 Genome Annotated, -, 4292926, 4292954]"
MD0215,cccttgctcaccatCTAAGCTGTTTCCTGTGTGAAATTGTTATCCG,,,"[pMD0089, -, 197, 225], [pMD0090, -, 197, 225], [intC-lacY-mScarlet, -, 180, 208], [pTG030, -, 197, 225], [pMD0060, -, 1808, 1836], [Copy of Copy of pTG033 (COUPLED), -, 197, 225], [pTG031, -, 197, 225], [pTG030, -, 197, 225], [pMD0066, -, 1808, 1836], [pTG029, -, 197, 225], ...more sites present"
MD0119,agcacagatcatgatcggagcagcaGGAAGCGGAGCTACTAACTTCAGCCTGCTGAAGCAGGCTGGAGACGTGGAGG,,,
MD0110,cacttgcaagagaataccca,Sequencing Primer near the end of Traf6,"""Sequencing Primer""","[pMD0009, +, 1243, 1262], [pMD 0009, +, 1243, 1262], [pMD 0009, +, 1243, 1262]"
MD0293,ttcatattgttcagcgacagcttgctgtacggcaggcaccagctcttccggagagcgttcaccgacaaac,,,"[pMD0071, -, 1145, 1214], [pMD0072, -, 339, 408], [pMD0071, -, 1145, 1214], [pMD0072, -, 339, 408]"
MD0292,gtttgcgcgcagtcagcgatatccattttcgcgaatccggagtgtaagaagcgcaacgcaattaatgtg,,,"[pMD0071, +, 869, 937], [pMD0071, +, 869, 937]"
MD0327,CGCGAAGCTTAACAACActcgaggcatgcccCTAGTATTTCTCCTCTTTCTCTCTAGTA,,,"[pMD0072, -, 207, 265], [pMD0072, -, 207, 265], [pMD0074, -, 975, 1033]"
MD320,cagcgatatccattttcgcg,,,"[MG1655 Genome Version U00096.3, -, 789997, 790016], [MG1655 Genome Version U00096.3, -, 789997, 790016], [p15A-galKHA-gRNA, -, 2125, 2144], [galK-Kan, -, 1467, 1486]"
MD0154,CTCTATGAGGATTTATGAGTGG,,,"[pMD0070, -, 8683, 8704], [pSC101-BFP, -, 33, 54], [pMD0064, -, 6792, 6813], [pKL28, +, 2579, 2600], [pMD0052, -, 33, 54], [pMD0060, -, 7329, 7350], [pMD0066, -, 8763, 8784], [pSIM6, -, 5524, 5545], [pMD0061, -, 5431, 5452], [pMD0051, -, 6075, 6096], ...more sites present"
MD0121,gcacagatcatgatcggagcagcaGGAAGCGGAGCTACTAACTTCAGCCTGCTGAAGCAGGCTGGA,,,"[pMD0009, +, 3019, 3084], [pMD 0009, +, 3019, 3084], [pMD 0009, +, 3019, 3084]"
MD0295,ATAGTTGTTAAGGTCGCTCACTCCACCTTCTCATCAAGCCAGTCCGCCCAgagagcgttcaccgacaaac,,,"[pMD0073, -, 1154, 1223], [pMD0074, -, 1107, 1176], [pMD0073, -, 1154, 1223]"
MD322,ttctatcagctaataatca,,,"[MG1655 Genome Version U00096.3, -, 2467833, 2467851]"
MD0216a,CATTAATTGCGTTGCGCAGGATCCCCGGGTACCGAGC,,,"[pMD0061, -, 1110, 1146], [pMD0093_TEG, -, 84, 120], [pMD0070, -, 1695, 1731], [pTG029, -, 84, 120], [pMD0093, -, 84, 120], [pMD0064, -, 1695, 1731], [pSJ318 - pUC19: pLac_RBS-LacZ_RBS-mVenus_RBS-LacY_RBS-mScarlet_rrnBT, -, 937, 973], [pTG030, -, 84, 120], [pTG033, -, 84, 120], [pTG030, -, 84, 120], ...more sites present"
MD0220,ACTGCCTCCACCgctccctcctccagaacctccgcctttttgacaccagaccaactggt,,,"[pMD0044, -, 4901, 4959], [pMD0037, -, 5343, 5401], [pMD0038, -, 4960, 5018], [pMD0043, -, 5284, 5342]"
MD0345,TGCAGTTCGAAGTTCCTATTCTCTAGAA,,,"[pSJ325 - pUC19: pLac_RBS-LacY_RBS-mVenus_rrnBT, +, 3239, 3266], [pMD0095-new, +, 6101, 6128], [Copy of Copy of pTG033 (COUPLED), +, 6158, 6185], [Copy of pTG033, +, 6983, 7010], [pMD0090, +, 2353, 2380], [pMD0095, +, 6141, 6168], [pSJ322 - pUC19: pJ23107_RBS-LacZ_RBS-mVenus_rrnBT, +, 4986, 5013], [pSJ339 - pUC19: pJ23107_RBS-LacZ_RBS-mScarletI_rrnBT, +, 4965, 4992], [cadBA Kan deletion genomic region, -, 1407, 1434], [giTG026 delta-lacZYA, -, 1263, 1290], ...more sites present"
MD0346,TAGAGAATAGGAACTTCGAACTGCACAGCAAAACCCGTACCCTAGCTCTA,,,"[pSJ339 - pUC19: pJ23107_RBS-LacZ_RBS-mScarletI_rrnBT, -, 4940, 4989], [pTG029, -, 7474, 7523], [pSJ319 - pUC19: pLac_RBS-LacZ_RBS-mVenus_rrnBT, -, 5020, 5069], [pMD0093, -, 4087, 4136], [pTG029, -, 4167, 4216], [pTG033, -, 6152, 6201], [pMD0090, -, 2328, 2377], [pTG030, -, 4737, 4786], [pTG031, -, 4146, 4195], [pSJ322 - pUC19: pJ23107_RBS-LacZ_RBS-mVenus_rrnBT, -, 4961, 5010], ...more sites present"
pMD0332,GCTCGGTACCCGGGGATCCTgtaactccgggttgatttatgctcg,,,"[pMD0080, +, 1221, 1260], [pMD0080, +, 1221, 1260], [pMD0082, +, 1216, 1260], [pMD0079, +, 1769, 1813], [pMD0079, +, 1769, 1813], [pMD0082, +, 1216, 1260]"
pMD0034_Assembly FWD (2),TTCGCCAGATATCGACGTCTGCGCAACGCAATTAATGTGA,,,
MD0216,AGGATCCCCGGGTACCGAGC,,,"[pTG033, -, 84, 103], [pMD0065, -, 2071, 2090], [pMD0093, -, 84, 103], [pTG029, -, 3391, 3410], [pKL28, +, 462, 481], [pMD0095, -, 84, 103], [pMD0068, -, 1695, 1714], [pMD0069, -, 1695, 1714], [pMD0067, -, 1695, 1714], [pMD0093_TEG, -, 84, 103], ...more sites present"
MD0244,cTTAATCTAGAGCTAGGGTACGGGTTTTGCTGctaggggatatattccgcttcctcgctc,,,
MD0347,gttggccgattcattaATTTAAATCTCATTTTCGCCAGATATCGACGTCT,,,"[pTG029, +, 3340, 3389], [pTG033, +, 33, 82], [pMD0090, +, 33, 82], [pTG030, +, 33, 82], [pSJ319 - pUC19: pLac_RBS-LacZ_RBS-mVenus_rrnBT, +, 886, 935], [Copy of pTG033, +, 839, 888], [pMD0093_TEG, +, 33, 82], [pMD0090, +, 33, 82], [pMD0089, +, 33, 82], [pSJ322 - pUC19: pJ23107_RBS-LacZ_RBS-mVenus_rrnBT, +, 886, 935], ...more sites present"
MD0333,AGCTTAACAACActcgaggcatgccttaatgtgcgttagacgcggtgtgg,,,"[pMD0079, -, 3463, 3512], [pMD0079, -, 3463, 3512]"
MD0336,AGCTTAACAACActcgaggcatgccttattttttgctttcttctttcaataccttaacgg,,,"[pMD0080, -, 3713, 3772], [pMD0080, -, 3713, 3772]"
MD0338,ccacaccgcgtctaacgcacattaaatgagtaaaggagaagaacttttc,,,"[pMD0085, +, 3162, 3210]"
MD0335,caaaaatgaaattaggagaagagcatgaacgttattgcaatattgaatca,,,"[pMD0080, +, 1576, 1625], [pMD0082, +, 1576, 1625], [pMD0082, +, 1576, 1625], [pMD0080, +, 1576, 1625]"
MD0339,GAAGCTTAACAACActcgaggcatgccttatttgtatagttcatccatgc,,,"[pMD0085, -, 3880, 3929]"
MD0341,gaaagaagaaagcaaaaaataaatgagcaagggcgaggagctgtttactg,,,"[pEB1 coSCFP3A, +, 234, 269], [pMD0082, +, 3726, 3775], [pMD0082, +, 3726, 3775], [pMD0082, +, 3726, 3775]"
MD0340,cagtaaacagctcctcgcccttgctcatttattttttgctttcttctttc,,,"[pMD0082, -, 3726, 3775], [pMD0082, -, 3726, 3775]"
MD0342,GAAGCTTAACAACActcgaggcatgccttatttatacagctcatccatgcc,,,"[pMD0082, -, 4441, 4491], [pMD0082, -, 4441, 4491], [pEB1 coSCFP3A, -, 935, 958]"
MD0225,TTCACACAGGAAACAGCTatgtactatttaaaaaacacaaacttttggatgt,,,"[pMD0052, +, 2276, 2327], [pMD0052, +, 2276, 2327], [pMD0040, +, 1893, 1944]"
MD0218,cGGTGGAGGCAGTatgtcagaattaattaaagaaaatatgcacatgaaatta,,,"[pMD0037, +, 5389, 5440], [pMD0043, +, 5330, 5381]"
MD0223,gtggaggcggtagcatgtcagaattaattaaagaaaatatgcacatgaaatta,,,"[pMD0039, +, 3567, 3619], [pMD0045, +, 3508, 3560]"
MD0103,tgctgctccgatcatgatct,R Cry 2 from Entry no overlap (to make backbone for pMD9),,
MD0242,tcgcttaagggcatgcctcgagTGTTGTTAAGCTTCG,,,"[pMD0059, +, 3880, 3916], [pMD0059, +, 3880, 3916], [pMD0058 [892-3118], +, 2145, 2181], [pMD0058, +, 2986, 3022], [pMD0058, +, 2986, 3022], [pMD0059 [1785-4013], +, 2142, 2178]"
MD0260,TGCGTTGCGCAGGATCCCCGGGTACCGAGCctcgagtcgacagttcataggtgattgctc,,,"[pMD0054, -, 1386, 1445], [pMD0056, -, 1018, 1077]"
MD0355,cttcggcgatcaccgcttccctcatgcgaaacgatcctcatcctgtctct,,,"[pMD0099, +, 1203, 1252]"
MD0373,tcgagGCTCGGTACCCGGGGATCCTttgacagctagctcagtcctaggtattgtgctagc,,,"[pMD0104, +, 1759, 1818]"
MD0224,gctaccgcctccacttccacccccagatccacctccagcgacttcattcacctgacg,,,"[pMD0039, -, 3524, 3580], [pMD0045, -, 3465, 3521], [pMD0040, -, 3141, 3197], [pMD0046, -, 3081, 3137]"
MD0259,cgaggcacacagcgcccagccaacacagccaaacat,,,"[pMD0053, -, 1790, 1825], [pMD0053, -, 1790, 1825], [pMD0039, -, 2726, 2761], [pMD0056, -, 1622, 1657], [pMD0054, -, 1990, 2025]"
MD0348,tgaaaagttcttctcctttactcatttaagcgacttcattcacctgacga,,,"[pMD0090, -, 1455, 1504], [intC-lacY-mScarlet, -, 1438, 1487], [pMD0094, -, 3315, 3364], [pMD0090, -, 1455, 1504], [pMD0095, -, 5265, 5314], [pMD0095-new, -, 5265, 5314]"
MD0353,atgagggaagcggtgatcgccgaag,,,"[pMD0099, -, 1203, 1227]"
MD0354,gatcaccaaggtagtcggcaaataagcgggactctggggttcgagagctc,,,"[pMD0099, -, 411, 460]"
MD0373,tcgagGCTCGGTACCCGGGGATCCTttgacagctagctcagtcctaggtattgtgctagcTACTAGAGAGAAAGAGGAGAAATAC,,,
MD0362,ctatacaaataaCGCGTAAGGAAATCCATTatgtactatttaaaaaacacaaacttttgg,,,"[pTG030, +, 2616, 2646], [pTG030, +, 225, 255], [pTG032, +, 2085, 2115], [pMD0090, +, 225, 255], [gSJ14 - pJ23107_RBS-LacY_RBS-mVenus_RBS-LacZ_RBS-mScarlet_rrnBT, +, 64, 93], [pMD0095-new, +, 4006, 4065], [gSJ18 - pLac_RBS-LacY_RBS-mScarlet_rrnBT, +, 122, 152], [pTG032, +, 2085, 2115], [pMD0095, +, 4006, 4065], [gSJ12 - pLac_RBS-LacY_RBS-mVenus_rrnBT, +, 122, 152], ...more sites present"
MD0188,cgagattttgccacagtg,,,"[pLL2, +, 5456, 5473], [pMA7CR_2.0_beta_gam_exo, +, 4216, 4233], [pCas9, +, 5456, 5473], [pCas9, +, 5456, 5473], [pwtCas9-tetR-BGE, +, 3971, 3988]"
MD0374,GTATTTCTCCTCTTTCTCTCTAGTAgctagcacaatacctaggactgagctagctgtcaa,,,"[pMD0104, -, 1784, 1843]"
MD360,cattaccagttggtctggtgtcaaaaataaatgagtaaaggagaagctgtgattaaagag,,,"[pEB1-mScarletI, +, 288, 317], [pMD0093, +, 3271, 3330]"
MD0366,gctagcacaatacctaggactgagctagctgtcaaAGGATCCCCGGGTACCGAGCctcga,,,"[pMD0104, -, 1759, 1818]"
MD0160,CTCAATAGGCTTAGATATCGGCAC,,,"[pMA7CR_2.0_beta_gam_exo, +, 999, 1022], [pLL2, +, 2239, 2262], [pwtCas9-sc101ts [8343-7812], +, 1585, 1608], [pwtCas9-sc101ts, +, 1585, 1608], [pwtCas9-gRNA-sc101ts, +, 1765, 1788], [pwtCas9-tetR-BGE, +, 754, 777], [pCas9, +, 2239, 2262], [pCas9, +, 2239, 2262]"
MD0372,ttgacagctagctcagtcctaggtattgtgctagcTACTAGAGAGAAAGAGGAGAAATAC,,,"[pMD0104, +, 1784, 1843]"
MD0147,CGCGGTATGGCATGATAG,,,"[pLacI, -, 2733, 2750]"
MD0364,gctagcactatacctaggactgagctagccgtaaaAGGATCCCCGGGTACCGAGCctcga,,,"[pMD0103, -, 1759, 1818]"
MD0104,GTCTAGATATCTCGAGTGCGGCCGCttAGGCttagcgttggtggtgggcggcggtgaag,R IRFP with overlap to entry vector KL50 primer,,"[pMD0009, -, 4449, 4507], [TK263 pLenti pGK Puro (gateway from TK212 pENTR p53-Clover-2A-H2B-iRFP670 (based on MD009)), -, 3753, 3811], [TK217 pLenti pGK Blast (gateway from TK212 pENTR p53-Clover-2A-H2B-iRFP670 (based on MD009)), -, 3753, 3811], [pMD 0009, -, 4449, 4507], [pMD 0009, -, 4449, 4507], [TK217 pLenti pGK Blast (gateway from TK212 pENTR p53-Clover-2A-H2B-iRFP670 (based on MD009)), -, 3753, 3811], [TK212 pENTR p53-Clover-H2B-2A-iRFP670 (based on MD009), -, 4270, 4328]"
pBADForward_MD0182,ATGCCATAGCATTTTTATCC,,,"[pMA7CR_2.0_beta_gam_exo, +, 9123, 9142], [pwtCas9-tetR-BGE, +, 6109, 6128], [pKD46, +, 1123, 1142]"
MD0187,CTCAAGACGATCCTGAATGT,,,"[pSIM6, +, 1871, 1890], [pwtCas9-tetR-BGE, -, 6363, 6382], [pMA7CR_2.0_beta_gam_exo, -, 9368, 9387], [pKD46, -, 1377, 1396]"
MD150,TTAAACGTGGCCAATATGGA,,,"[pMD0061, -, 484, 503], [pKL28, +, 1088, 1107], [pMD0034, -, 1018, 1037], [pKL28, +, 606, 625], [pMD0051, -, 1069, 1088], [pMD0065, -, 1445, 1464], [pMD0067, -, 1069, 1088], [pKL28_for assembly, +, 1088, 1107], [pMD0066, -, 1069, 1088], [pMD0062, -, 1526, 1545], ...more sites present"
pMD0035_FWD3_long_MD208,ATTTCACACAGGAAACAGCTatgtcagaattaattaaagaaaatatgcacatga,,,"[pMD0035, +, 2274, 2327], [pSC101-BFP, +, 2274, 2327], [pMD0035, +, 2274, 2327]"
MD0211,GCTCGGTACCCGGGG,,,"[Copy of Copy of pTG033 (COUPLED), +, 84, 98], [pMD0066, +, 1695, 1709], [pSJ324 - pUC19: pLac_RBS-LacZ_RBS-mScarletI_rrnBT, +, 934, 948], [pMD0041, +, 2152, 2166], [pTG029, +, 84, 98], [pMD0099, +, 1761, 1775], [pSC101-BFP, +, 2152, 2166], [pMD0083, +, 1769, 1783], [pMD0088, +, 1764, 1778], [pMD0054, +, 1416, 1430], ...more sites present"
MD0226,gtggaggcggtagcatggtgagcaagggcgag,,,"[pMD0046, +, 3124, 3155], [pMD0040, +, 3184, 3215]"
MD0230,gcTACTAGAGAGAAAGAGGAGAAATACTAGatgaccatgattacggattcactgg,,,"[pMD0043, +, 2205, 2259], [pMD0091, +, 110, 164], [pMD0061, +, 1163, 1217]"
MD0233,accgccgccTGAggcatgcctcgagTGTTGTTAAGC,,,"[pMD0047, +, 8063, 8098]"
MD0209,CAGCAAAACCCGTACCCTAG,,,"[pTG029, -, 4172, 4191], [pMD0104, -, 2680, 2699], [pTG032, -, 4189, 4208], [intC-lacY-mScarlet, -, 2294, 2313], [pTG030, -, 2351, 2370], [pSJ340 - pUC19: pJ23107_RBS-LacY_RBS-mVenus_rrnBT, -, 3185, 3204], [pMD0034, -, 2610, 2629], [pMD0089, -, 4154, 4173], [pSJ340 - pUC19: pJ23107_RBS-LacY_RBS-mVenus_rrnBT, -, 3141, 3160], [pMD0093, -, 4092, 4111], ...more sites present"
MD0210,CTTCGCGGCCGCTTAAT,,,"[pMD0060, +, 6190, 6206], [pMD0068, +, 3773, 3789], [pMD0085, +, 3927, 3943], [pMD0072, +, 259, 275], [pMD0064, +, 5653, 5669], [pMD0081, +, 4228, 4244], [pMD0075, +, 6061, 6077], [pMD0081, +, 4228, 4244], [pMD0041, +, 2957, 2973], [pMD0066, +, 7624, 7640], ...more sites present"
MD0229,gcTACTAGAGAGAAAGAGGAGAAATACTAGatggtgagcaagggcgag,,,"[pMD0042, +, 1822, 1869], [pMD0042, +, 1822, 1869]"
MD0236,cagctagctcagtcctaggtataa,,,"[pMD0042, +, 1793, 1816], [pMD0041, +, 2176, 2199], [pMAZ-SK-tetR, +, 2859, 2882], [pMD0041, +, 2176, 2199], [pMD0042, +, 1793, 1816]"
MD0237,TTGATCGGCACGTAAGAGGTTCCAAC,,,"[pMD0042, -, 1713, 1738], [pMD0052, -, 2096, 2121], [pMD0041, -, 2096, 2121], [pMD0063, -, 1639, 1664], [pMD0060, -, 1639, 1664], [pMD0069, -, 1639, 1664], [pMD0041, -, 2096, 2121], [pMD0034, -, 1588, 1613], [pMD0064, -, 1639, 1664], [pMD0065, -, 2015, 2040], ...more sites present"
MD0261,ACTGCCTCCACCgctccctcctccagaacctccgccagcgacttcattcacctgacgacg,,,"[pMD0057, -, 3138, 3197]"
MD0263,ACTGCCTCCACCgctccctcctccagaacctccgccggcggcggtcacgaactccagcag,,,"[pMD0058, -, 1680, 1739], [pMD0058, -, 1680, 1739], [pMD0058 [892-3118], -, 839, 898]"
MD0239,ccacatgaagcagcacgacttctt,,,"[pMD0042, +, 2082, 2105], [pMD0034, +, 2019, 2042], [pMD0034, +, 2144, 2167], [pMD0042, +, 2082, 2105], [pMD0034, +, 2144, 2167]"
MD0242,tcgcttaagggcatgcctcgagTGTTGTTAAGCTTCG,,,"[pMD0069, +, 7533, 7569], [pMD0062, +, 3481, 3517], [pMD0065, +, 4176, 4212], [pMD0052, +, 3540, 3576], [pMD0066, +, 7592, 7628], [pMD0064, +, 5621, 5657], [pMD0052, +, 3540, 3576], [pMD0070, +, 7512, 7548], [pMD0068, +, 3741, 3777], [pMD0060, +, 6158, 6194], ...more sites present"
MD0357,atattttctttaattaattctgacatatgtatatctccttcttaaatcta,,,"[pMD0100, -, 1943, 1992]"
MD0359,atgtcagaattaattaaaga,,,"[pMD0100, +, 1967, 1986]"
MD0262,ggcggaggttctggaggagggagcGGTGGAGGCAGTatggtgagcaagggcgaggagctg,,,"[pMD0057, +, 3162, 3221]"
MD0238,cctgccctttgcgtttgacattct,,,"[pMD0100, +, 2116, 2139], [pMD0103, +, 1996, 2019], [pMD0041, +, 2384, 2407], [pMD0053, +, 2794, 2817], [pMD0104, +, 1996, 2019], [pMD0053, +, 2794, 2817], [pMD0102, +, 306, 329], [pMD0099, +, 1993, 2016], [pMD0101, +, 306, 329], [pMD0041, +, 2384, 2407], ...more sites present"
MD0266,ggaggtggatctgggggtggaagtggaggcggtagcatgtactatttaaaaaacacaaac,,,"[pMD0059, +, 2598, 2657], [pMD0059, +, 2598, 2657], [pMD0059 [1785-4013], +, 860, 919]"
MD0241,ggcatgcccttatttttgacaccagaccaactggtaatggtagcgacc,,,"[pMD0061, -, 4229, 4276], [pMD0051, -, 4873, 4920]"
MD0358,AACCCGTACCCTAGCTCTAGATTAAatttgtcctactcaggagagcgttc,,,"[pSJ318 - pUC19: pLac_RBS-LacZ_RBS-mVenus_RBS-LacY_RBS-mScarlet_rrnBT, -, 6975, 7024], [pSJ322 - pUC19: pJ23107_RBS-LacZ_RBS-mVenus_rrnBT, -, 4930, 4979], [pMD0090, -, 2297, 2346], [pSJ321 - pUC19: pJ23107_RBS-LacZ_RBS-mVenus_RBS-LacY_RBS-mScarlet_rrnBT, -, 6916, 6965], [pTG029, -, 4136, 4185], [pTG029, -, 7443, 7492], [pMD0090, -, 2297, 2346], [pTG030, -, 4706, 4755], [pTG031, -, 4115, 4164], [pTG030, -, 2315, 2364], ...more sites present"
MD0367,ttgacagctagctcagtcctaggtattgtgctagc,,,"[pMD0104, +, 1784, 1818]"
MD0356,atcacctatgaactgtcgactcgagaataggcgtatcacgaggccctttc,,,"[pMD0100, +, 1739, 1788]"
MD0313,tctttaatcacagcttctcctttactcatttaagcgacttcattcacctgacgacgcagc,,,"[pMD0070, -, 6793, 6852]"
MD0314,accggtggcatggatgaactatacaaataagggcatgcctcgagTGTTGTTAAGCTTCG,,,"[pMD0070, +, 7490, 7548]"
MD0318,gcatggatgaactatacaaataagggcatgcctcgagTGTTGTTAAGCTTCGCGG,,,"[pMD0064, +, 5606, 5660]"
MD0108,gcacgcctccccgcctgGAATTCTACCGGGTAGGGGAGGCGCTTTTCCC,F amplify mPGK with longer overlap,,
MD0102,GGTAGAATTCcaggcggggaggcgtgctgctccgatcatgatctgtgctc,R Cry 2 from Entry with Overlaps to mPGK (to make pMD9),,
MD0116,GCCTGCTGAAGCAGGCTGGAGACGTGGAGGAGAACCCTGGACCTatgccagagccagcgaagtctgct,,,"[pMD 0009, +, 3065, 3132], [pMD0009, +, 3065, 3132], [pMD 0009, +, 3065, 3132]"
MD0162,CTATTAACGCAAGTGGAGTAGATGC,,,"[pCas9, +, 2823, 2847], [pwtCas9-sc101ts, +, 2169, 2193], [pMA7CR_2.0_beta_gam_exo, +, 1583, 1607], [pwtCas9-sc101ts [8343-7812], +, 2169, 2193], [pCas9, +, 2823, 2847], [pLL2, +, 2823, 2847], [pwtCas9-tetR-BGE, +, 1338, 1362], [pwtCas9-gRNA-sc101ts, +, 2349, 2373]"
MD0312,ttatttgtatagttcatcc,,,"[pMD0064, -, 5610, 5628], [pMD0081, -, 4186, 4204], [pTG033, -, 4017, 4035], [Copy of pTG033, -, 4823, 4841], [sgHA-lacZ-mVenusNB-kan, -, 1264, 1282], [pSJ325 - pUC19: pLac_RBS-LacY_RBS-mVenus_rrnBT, -, 3064, 3082], [pMD0090, -, 2178, 2196], [pSJ340 - pUC19: pJ23107_RBS-LacY_RBS-mVenus_rrnBT, -, 2987, 3005], [pTG030, -, 2196, 2214], [pMD0085, -, 3885, 3903], ...more sites present"
MD0316,gctgcgtcgtcaggtgaatgaagtcgcttaaatgagtaaaggagaagctgtgattaaaga,,,"[pMD0070, +, 6793, 6852], [intC-lacY-mScarlet, +, 1432, 1491], [pEB1-mScarletI, +, 288, 316], [pMD0094, +, 3309, 3368]"
MD0315,CGAAGCTTAACAACActcgaggcatgcccttatttgtatagttcatccatgccaccggt,,,"[pMD0070, -, 7490, 7548]"
MD0317,ctccagtgaaaagttcttctcctttactcatttatttttgacaccagaccaactg,,,"[pMD0095-new, -, 3277, 3331], [pMD0064, -, 4888, 4942], [pMD0089, -, 3277, 3331], [pMD0089, -, 3277, 3331], [pMD0095, -, 3277, 3331]"
MD0107,GCAGCCCAAGCTTACCatgccagagccagc,F Primer to Amplify H2B with overlap to Linker,,
MD0114,CTCCTCCCCTAGTCAGGAAGT,Sequencing Primer in the middle of mPGK,"""Sequencing Primer""",
MD0117,CCTCCACGTCTCCAGCCTGCTTCAGCAGGCTGAAGTTAGTAGCTCCGCTTCCtgctgctccgatcatgatctgtgct,,,"[pMD 0009, -, 3018, 3094], [pMD 0009, -, 3018, 3094], [pMD0009, -, 3018, 3094]"
MD0124,GCCTaaGCGGCCGCACTCGAGATATCTAGACCCAGCTTTCTTGTACAAAGTTG,,,
MD0163,GGATGGTACTGAGGAATTATTGGTG,,,"[pCas9, +, 3373, 3397], [pwtCas9-sc101ts [8343-7812], +, 2719, 2743], [pLL2, +, 3373, 3397], [pwtCas9-tetR-BGE, +, 1888, 1912], [pwtCas9-gRNA-sc101ts, +, 2899, 2923], [pwtCas9-sc101ts, +, 2719, 2743], [pMA7CR_2.0_beta_gam_exo, +, 2133, 2157], [pCas9, +, 3373, 3397]"
MD0281,caaaactctgacgaaaaacaggctgtcgtcag,,,"[BW25113 Genome Annotated, +, 4289296, 4289327]"
MD0156,AGAACAGGTGAAACCAGTAA,,,"[pMD0079, -, 3899, 3918], [pMD0083, -, 3598, 3617], [pMD0052, -, 3960, 3979], [pSC101-BFP, -, 3404, 3423], [pKL28_for assembly, +, 3332, 3351], [pMD0062, -, 3901, 3920], [pMD0035, -, 3404, 3423], [pMD0034, -, 3012, 3031], [pKL28, +, 2852, 2871], [pMD0081, -, 4616, 4635], ...more sites present"
MD0283,gctaccattaccagttggtctggtgtcaaaaataaatgtactatttaaaaaacacaaac,,,"[pMD0070, +, 5535, 5593], [pMD0076, +, 3992, 4050], [pMD0060, +, 4877, 4935], [pMD0065, +, 2178, 2236], [pMD0060, +, 4877, 4935], [pMD0063, +, 4818, 4876], [pMD0069, +, 5535, 5593], [pMD0077, +, 4034, 4092], [pMD0078, +, 3995, 4053], [pMD0075, +, 4031, 4089]"
MD0176,tagctgagacaaatagtgcg,,,"[pCRISPR, +, 2165, 2184], [pCRISPR, +, 2165, 2184], [pLL3, +, 2165, 2184], [pCRISPR, +, 2165, 2184]"
MD0143,acggtaacaatcggtgat,,,"[pRJPaph-lacZYA, +, 8201, 8218]"
GalK Homology Arm,ttcatattgttcagcgacagcttgctgtacggcaggcaccagctcttccg,,,"[MG1655 Genome Version U00096.3, +, 788897, 788946]"
MD0161,TACCTTCTACGAGCTGTCCG,,,"[pwtCas9-sc101ts [8343-7812], -, 1766, 1785], [pwtCas9-gRNA-sc101ts, -, 1946, 1965], [pCas9, -, 2420, 2439], [pCas9, -, 2420, 2439], [pLL2, -, 2420, 2439], [pwtCas9-sc101ts, -, 1766, 1785], [pwtCas9-bacteria, -, 935, 954]"
MD0175,ctgggcctttcgttttatct,,,"[pMD0085, +, 3984, 4003], [pLL3, -, 2010, 2029], [pMD0034, +, 2556, 2575], [pMD0041, +, 3014, 3033], [pCRISPR, -, 2010, 2029], [pMD0052, +, 3629, 3648], [pMD0081, +, 4285, 4304], [pSJ336 - pENTR: CAG_UTR_trHIF1aL795A-middle-mNeonGreen_(nogblock7)_2A_H2B-mTurquoise2-PEST, +, 588, 607], [pMD0034, +, 2681, 2700], [pMD0034, +, 2681, 2700], ...more sites present"
MD0248,AGCTGTTTCCTGTGTGAAATTGTTATCC,,,"[pMD0039, -, 2266, 2293]"
MD0249,ATACCACCAACAATCGATCCTACT,,,"[pMD0058 [892-3118], -, 1210, 1233], [pMD0058, -, 2051, 2074], [sgHA-lacZ-SCFP, -, 1645, 1668], [sgHA-lacZ-mVenusNB, -, 1645, 1668], [pMD0058, -, 2051, 2074]"
MD307,gctgcgtcgtcaggtgaatgaagtcgcttaaatgagtaaaggagaagaacttttcac,,,"[pMD0090, +, 1449, 1505], [pMD0065, +, 3436, 3492], [pMD0090, +, 1449, 1505]"
MD0177,ctcgagtccctatcagtgat,,,"[pCRISPR, -, 2688, 2707], [pCRISPR, -, 2688, 2707], [pCRISPR, -, 2414, 2433]"
MD0168,TGGCTCTGCCAAGCAAATATG,,,"[pLL2, +, 5901, 5921], [pwtCas9-sc101ts, +, 5247, 5267], [pwtCas9-sc101ts [8343-7812], +, 5247, 5267], [pwtCas9-gRNA-sc101ts, +, 5427, 5447], [pCas9, +, 5901, 5921], [pCas9, +, 5901, 5921]"
MD0184,GCTTTATGACGTAACATCCG,,,"[pSIM6, +, 1138, 1157], [pMA7CR_2.0_beta_gam_exo, -, 10101, 10120], [pwtCas9-tetR-BGE, -, 7096, 7115], [pKD46, -, 2110, 2129]"
MD267,tggaagtggaggcggtagcatgtactatttaaaaaacaca,,,"[pMD0059 [1785-4013], +, 877, 916], [pMD0059, +, 2615, 2654], [pMD0059, +, 2615, 2654]"
MD0274,gtagtgaagatacgctggatgtctttggtg,,,"[BW25113 Genome Annotated, +, 1226581, 1226610]"
MD0240,tcaaaaataagggcatgcctcgagTGTTGTTAAGCTTCG,,,"[pMD0053, +, 3344, 3371], [pMD0080, +, 3748, 3775], [pMD0082, +, 4465, 4492], [pMD0080, +, 3748, 3775], [pMD0053, +, 3344, 3371], [pMD0086, +, 4164, 4191], [pMD0082, +, 4465, 4492], [pMD0084, +, 3447, 3474], [pMD0051, +, 4902, 4940], [pMD0061, +, 4258, 4296]"
MD0257,TAATCTAGAGCTAGGGTACGGGTTTTGCTGggatatattccgcttcctcgctcactgact,,,"[pMD0054, +, 3656, 3715]"
MD0172,gtcttgtcgatcaggatgat,,,"[pTG021 lacZ-mScarletI-KAN, +, 2142, 2161], [giTG029 - torD, +, 2256, 2275], [giTG055, -, 966, 985], [pMD0092, +, 3170, 3189], [p15A-galKHA-gRNA, -, 212, 231], [giTG049 - mazE, -, 739, 758], [pMD0089, +, 5034, 5053], [giTG051 - chpS, +, 2050, 2069], [giTG053 - hicA, +, 1995, 2014], [giTG053 - hicA, +, 1995, 2014], ...more sites present"
MD0158,gttactcgggaaatttacgc,,,"[pMD0100, -, 2334, 2353], [pSC101-BFP, -, 2661, 2680], [pMD0035, -, 2661, 2680], [pKL28, +, 12, 31], [pMD0101, -, 524, 543], [pMD0099, -, 2211, 2230], [pMD0088, -, 2214, 2233], [pMD0102, -, 524, 543], [pMD0103, -, 2214, 2233], [pKL28_for assembly, +, 12, 31], ...more sites present"
pMD0034_Assembly FWD (1),agttcgtgaccgccgccTGAggcatgcctcgagTGTTGTT,,,"[pMD0034_AssemblyGibson, +, 1, 20], [pMD0034_Assembly, +, 814, 853]"
MD0249,ataccaccaacaatcgatcctact,,,"[pMD0078, -, 4341, 4364], [gSJ14 - pJ23107_RBS-LacY_RBS-mVenus_RBS-LacZ_RBS-mScarlet_rrnBT, -, 375, 398], [pMD0090, -, 537, 560], [pTG030, -, 2928, 2951], [gSJ11 - pLac_RBS-LacY_RBS-mVenus_RBS-LacZ_RBS-mScarlet_rrnBT, -, 434, 457], [intC-lacY-mScarlet, -, 520, 543], [pMD0069, -, 5881, 5904], [pMD0094, -, 2397, 2420], [pMD0052, -, 2605, 2628], [pSJ320 - pUC19: pLac_RBS-LacY_RBS-mScarletI_rrnBT, -, 1387, 1410], ...more sites present"
pMD0034_Assembly FWD (1),agttcgtgaccgccgccTGAggcatgcctcgagTGTTGTT,,,
MD0105,cgcctccccgcctgGAATTCTACC,F amplify mPGK with overlap to spacer,,
MD0123,CTAGATATCTCGAGTGCGGCCGCttAGGCttatgctgctccgatcatgatctgtgct,,,
MD0256,tagctgtcaaAGGATCCCCGGGTACCGAGCctcgagtcgacagttcataggtgattgctc,,,
MD0252,CGGATAACAAtTTCACACAGG,,,"[p15A-galKHA-gRNA, +, 841, 861], [pMD0080, +, 841, 861]"
pMD0034_Assembly REV (1),TCACATTAATTGCGTTGCGCAGACGTCGATATCTGGCGAA,,,
MD0234,ActcgaggcatgccTCAggcggcggtcacga,,,"[pMD0047, -, 8058, 8088]"
MD0232,aaaagtttgtgttttttaaatagtacatttatcaacgatgtcctaatttcgacggaagg,,,"[pMD0047, -, 6070, 6128]"
MD0305,cagttggtctggtgtcaaaaataaatgagtaaaggagaagaacttttcactggag,,,"[pMD0064, +, 4888, 4942], [pMD0089, +, 3277, 3331], [pMD0089, +, 3277, 3331]"
pKD46 3263-3282 undefined,AATAAACGAGGGGCTGTATG,,,"[pKD46, +, 3263, 3282]"
MD0106,ggcatGGTAAGCTTGGGCTGCAGGTCGAAAGGCCCGGAGATGAGGAAG,R Amplify mPGK with overlap to H2B,,
pKD46 2890-2909 undefined,GTAAGCTGACTTTATGGCCT,,,"[pKD46, -, 2890, 2909]"
pMD0034_Assembly REV (2),ctcgcccttgctcaccatCTAGCTGTTTCCTGTGTGAAAT,,,
MD0148,GAAAATGAGACGTTGATCGG,,,"[pMD0052, -, 2114, 2133], [pMD0052, -, 2114, 2133], [pMD0034, -, 1731, 1750], [pMD0081, -, 1731, 1750], [pMD0079, -, 1731, 1750], [pKL28, +, 500, 519], [pMD0083, -, 1731, 1750], [pMD0069, -, 1657, 1676], [pMD0081, -, 1731, 1750], [pKL28_for assembly, +, 500, 519], ...more sites present"
MD0167,GCCACAGTGCGCAAAGTAT,,,"[pCas9, +, 5465, 5483], [pwtCas9-gRNA-sc101ts, +, 4991, 5009], [pCas9, +, 5465, 5483], [pwtCas9-sc101ts [8343-7812], +, 4811, 4829], [pLL2, +, 5465, 5483], [pwtCas9-sc101ts, +, 4811, 4829]"
MD0243,gcatgcccttaagcgacttcattcacctgacgacgcagc,,,"[pMD0059 [1785-4013], -, 2119, 2157], [pMD0058, -, 2963, 3001], [pMD0058, -, 2963, 3001], [pMD0052, -, 3517, 3555], [pMD0058 [892-3118], -, 2122, 2160], [pMD0052, -, 3517, 3555], [pMD0059, -, 3857, 3895], [pMD0059, -, 3857, 3895], [pMD0062, -, 3458, 3496]"
MD0213,TAGGCACCCCAGGCTTTAC,,,"[pTG029, +, 138, 156], [pMD0093_TEG, +, 138, 156], [pMD0090, +, 138, 156], [pTG032, +, 1998, 2016], [intC-lacY-mScarlet, +, 121, 139], [Copy of pSJ320 (COUPLED) - pUC19: pLac_RBS-LacY_RBS-mScarlet_rrnBT, +, 1998, 2016], [pMD0089, +, 138, 156], [pTG032, +, 1998, 2016], [pTG029, +, 138, 156], [pMD0065, +, 2125, 2143], ...more sites present"
MD0255,TCCGCTCACAATTCCACA,,,
MD0256,tagctgtcaaAGGATCCCCGGGTACCGAGCctcgagtcgacagttcataggtgattgctc,,,"[pMD0103, -, 1734, 1793], [pMD0099, -, 1731, 1790], [pMD0055, -, 1734, 1793], [pMD0088, -, 1734, 1793], [pMD0104, -, 1734, 1793], [pMD0088, -, 1734, 1793]"
MD0180,atcctggtcgagctggac,,,"[pMD0034, +, 1956, 1973], [pKL616, +, 4400, 4417], [pMD0034, +, 1831, 1848], [pMD0034, +, 1956, 1973]"
MD0276,gaattatttataccgccctttttgctctc,,,"[BW25113 Genome Annotated, -, 4293978, 4294006]"
MD0240,tcaaaaataagggcatgcctcgagTGTTGTTAAGCTTCG,,,
MD0219,TTCACACAGGAAACAGCTatgaccatgattacggattcactgg,,,"[pMD0038, +, 1893, 1935], [gSJ17 - pLac_RBS-LacZ_RBS-mVenus_RBS-LacY_RBS-mScarlet_rrnBT, +, 105, 147], [Copy of Copy of pTG033 (COUPLED), +, 208, 250], [pMD0037, +, 2276, 2318], [pTG033, +, 208, 250], [Copy of pTG033, +, 1014, 1056], [pMD0095, +, 208, 250]"
MD0275,gtttaaagcgaaaaaacgtgatctgttcgg,,,"[BW25113 Genome Annotated, -, 1227963, 1227992]"
MD0251,tgtgtggaattgtgagcggataacaatttcacacaggaaac,,,
MD0153,AACTTGGCATAGTTTGTCCA,,,"[pMD0060, +, 7465, 7484], [pMD0060, +, 7465, 7484], [pMD0069, +, 8840, 8859], [pMD0065, +, 88, 107], [pMD0067, +, 6872, 6891], [pMD0051, +, 6211, 6230], [pKL28, -, 2445, 2464], [pMD0064, +, 6928, 6947], [pMD0052, +, 169, 188], [pMD0066, +, 8899, 8918], ...more sites present"
MD0149,AAATCGTCGTGGTATTCACT,,,"[pMD0035, +, 1680, 1699], [pMD0041, +, 1680, 1699], [pMD0065, +, 1599, 1618], [pSG22-pBAD-TetR-SK, +, 4119, 4138], [pMD0066, +, 1223, 1242], [pMD0051, +, 1223, 1242], [pMD0061, +, 638, 657], [pMD0060, +, 1223, 1242], [pMD0081, +, 1297, 1316], [pKL28, -, 452, 471], ...more sites present"
MD0248,AGCTGTTTCCTGTGTGAAATTGTTATCC,,,"[pMD0034, -, 1883, 1910], [pMD0056, -, 1162, 1189], [pMD0054, -, 1530, 1557], [pMD0034, -, 1883, 1910]"
pMD0034_Assembly FWD (2),ATTTCACACAGGAAACAGCTTAGatggtgagcaagggcgag,,,"[pMD0034_Assembly, +, 124, 164], [pMD0034_AssemblyGibson, +, 3424, 3444]"
MD0222,aaagtttgtgttttttaaatagtacatAGCTGTTTCCTGTGTGAAATTGTTATC,,,"[pTG033, -, 199, 228], [gSJ13 - pLac_RBS-LacZ_RBS-mScarlet_rrnBT, -, 96, 125], [pSJ320 - pUC19: pLac_RBS-LacY_RBS-mScarletI_rrnBT, -, 1049, 1078], [pMD0090, -, 199, 228], [gSJ12 - pLac_RBS-LacY_RBS-mVenus_rrnBT, -, 96, 125], [pSJ324 - pUC19: pLac_RBS-LacZ_RBS-mScarletI_rrnBT, -, 1049, 1078], [pMD0052, -, 2267, 2320], [pMD0095, -, 199, 228], [gSJ11 - pLac_RBS-LacY_RBS-mVenus_RBS-LacZ_RBS-mScarlet_rrnBT, -, 96, 125], [pTG031, -, 199, 228], ...more sites present"
MD0250,gtttcctgtgtgaaattgttatccgctcacaattccacaca,,,
MD0244,cTTAATCTAGAGCTAGGGTACGGGTTTTGCTGctaggggatatattccgcttcctcgctc,,,
MD0257,TAATCTAGAGCTAGGGTACGGGTTTTGCTGggatatattccgcttcctcgctcactgact,,,"[pMD0104, +, 2670, 2729], [pMD0099, +, 2667, 2726], [pMD0086, +, 4288, 4347], [pMD0053, +, 3468, 3527], [pMD0082, +, 4589, 4648], [pMD0053, +, 3468, 3527], [pMD0088, +, 2670, 2729], [pMD0100, +, 2790, 2849], [pMD0088, +, 2670, 2729], [pMD0082, +, 4589, 4648], ...more sites present"
MD0271,gctcttattctttcggtcattggcatgttc,,,"[BW25113 Genome Annotated, +, 357540, 357569]"
pMD0035_assembly REV (4),CAGCAAAACCCGTACCCTAGCTCTAGATTAAgagagcgttca,,,"[pMD0035, -, 3105, 3146], [pMD0035_ AssemblyGibson, -, 4101, 4122], [pSC101-BFP, -, 3105, 3146], [pMD0035, -, 3105, 3146]"
MD0157,cggtcatttaatctgcaacc,,,"[pMD0102, +, 657, 676], [pMD0104, +, 2347, 2366], [pMD0088, +, 2347, 2366], [pMD0100, +, 2467, 2486], [pKL28, -, 3967, 3986], [pMD0035, +, 2794, 2813], [pKL28, -, 3487, 3506], [pSC101-BFP, +, 2794, 2813], [pKL28, -, 3967, 3986], [pMD0099, +, 2344, 2363], ...more sites present"
MD0166,GTGGAGGTTTGAGTGAACTTGAT,,,"[pCas9, +, 4938, 4960], [pwtCas9-gRNA-sc101ts, +, 4464, 4486], [pwtCas9-tetR-BGE, +, 3453, 3475], [pwtCas9-sc101ts [8343-7812], +, 4284, 4306], [pLL2, +, 4938, 4960], [pwtCas9-sc101ts, +, 4284, 4306], [pCas9, +, 4938, 4960], [pMA7CR_2.0_beta_gam_exo, +, 3698, 3720]"
MD0215a,gtgaacgctctcTTAATCTAGACCTAGGGTACGGGTTTTGCTG,,,
MD0142,atatgtatgaaagcatcggt,,,"[pSJ325 - pUC19: pLac_RBS-LacY_RBS-mVenus_rrnBT, +, 2205, 2224], [pSJ323 - pUC19: pJ23107_RBS-LacY_RBS-mScarletI_rrnBT, +, 2128, 2147], [pMD0090, +, 1337, 1356], [pMD0075, +, 5177, 5196], [pMD0078, +, 5141, 5160], [pMD0069, +, 6681, 6700], [pSJ340 - pUC19: pJ23107_RBS-LacY_RBS-mVenus_rrnBT, +, 2128, 2147], [pMD0062, +, 3346, 3365], [Copy of pSJ340 - pUC19: pJ23107_RBS-LacY_RBS-mVenus_rrnBT, +, 2128, 2147], [pTG032, +, 3197, 3216], ...more sites present"
pMD0034_Assembly REV (3),AACAACActcgaggcatgccTCAggcggcggtcacgaact,,,"[pMD0034_Assembly, -, 814, 853]"
M13/pUC Rev,AGCGGATAACAATTTCACACAGG,,,"[pTG031, +, 195, 217], [pSJ320 - pUC19: pLac_RBS-LacY_RBS-mScarletI_rrnBT, +, 1045, 1067], [pMD0095, +, 195, 217], [pMD0060, +, 1806, 1828], [pSJ318 - pUC19: pLac_RBS-LacZ_RBS-mVenus_RBS-LacY_RBS-mScarlet_rrnBT, +, 1048, 1070], [pTG031, +, 195, 217], [pTG033, +, 195, 217], [Copy of pSJ320 (COUPLED) - pUC19: pLac_RBS-LacY_RBS-mScarlet_rrnBT, +, 2055, 2077], [pSJ324 - pUC19: pLac_RBS-LacZ_RBS-mScarletI_rrnBT, +, 1045, 1067], [pTG032, +, 2055, 2077], ...more sites present"
pKL28 4054-4073 undefined,GATCCTttgacagctagctc,,,"[pKL28, -, 448, 467], [pKL28_for assembly, -, 448, 467], [pKL28, -, 448, 467], [pKL28, -, 4056, 4075]"
MD0139,aattatggcccacacca,,,"[pSJ324 - pUC19: pLac_RBS-LacZ_RBS-mScarletI_rrnBT, +, 3911, 3927], [gSJ11 - pLac_RBS-LacY_RBS-mVenus_RBS-LacZ_RBS-mScarlet_rrnBT, +, 4965, 4981], [pMD0089, +, 3061, 3077], [pSJ318 - pUC19: pLac_RBS-LacZ_RBS-mVenus_RBS-LacY_RBS-mScarlet_rrnBT, +, 3914, 3930], [pMD0091, +, 2975, 2991], [pMD0070, +, 4613, 4629], [pMD0076, +, 3070, 3086], [gSJ14 - pJ23107_RBS-LacY_RBS-mVenus_RBS-LacZ_RBS-mScarlet_rrnBT, +, 4906, 4922], [pMD0069, +, 4613, 4629], [pMD0077, +, 3112, 3128], ...more sites present"
MD0246,ctagctgtcaaAGGATCCCCGGGTACCGAGCtAGACGTCGATATCTGGCGAAAATGAGAC,,,"[pMD0067, -, 1666, 1725]"
MD0181,tcacgaactccagcagga,,,"[pMD0042, -, 2510, 2527], [pMD0034, -, 2572, 2589], [pMD0034, -, 2447, 2464], [pMD0034, -, 2572, 2589], [pMD0042, -, 2510, 2527], [pKL616, -, 5016, 5033]"
MD0241,GGCATGCCCTTATTTTTGACACCAGACCAACTGGTAATGGTAGCGACC,,,
MD0171,atgatggatactttctcggc,,,"[giTG055, +, 1090, 1109], [pMD0093, -, 4848, 4867], [giTG049 - mazE, +, 863, 882], [lacZ-mVenus-Kan, +, 2615, 2634], [pTG028, -, 2057, 2076], [pSJ340 - pUC19: pJ23107_RBS-LacY_RBS-mVenus_rrnBT, -, 3941, 3960], [pMD0094, -, 4971, 4990], [pMD0090, -, 3133, 3152], [lacZ-mVenus-Kan, +, 2615, 2634], [cadBA Kan deletion genomic region, +, 679, 698], ...more sites present"
MD0174,ttcaagaactctgtagcacc,,,"[pCRISPR, +, 1397, 1416], [pCRISPR, +, 1397, 1416], [pCRISPR, +, 1397, 1416], [pSJ336 - pENTR: CAG_UTR_trHIF1aL795A-middle-mNeonGreen_(nogblock7)_2A_H2B-mTurquoise2-PEST, +, 8784, 3], [pwtCas9-bacteria, -, 5542, 5561], [pLL3, +, 1397, 1416]"
MD0272,tgatagcctgaatcagtattgatctgctg,,,"[BW25113 Genome Annotated, +, 1226143, 1226171]"
pMD0034_Assembly REV (1),tcgcccttgctcaccatCTAAGCTGTTTCCTGTGTGAAATTG,,,"[pMD0034_AssemblyGibson, -, 3402, 3423], [pMD0034_Assembly, -, 122, 163]"
pKD46 3606-3625 undefined,CACCAGTTTTGAGGCAAAAT,,,"[pKD46, -, 3606, 3625]"
MD0258,atgtttggctgtgttggctgggcgctgtgtgcctcg,,,"[pMD0039, +, 2726, 2761], [pMD0057, +, 2343, 2378], [pMD0053, +, 1790, 1825], [pMD0054, +, 1990, 2025], [pMD0056, +, 1622, 1657], [pMD0053, +, 1790, 1825]"
MD0132,ccgcctttgagtgagctgatacc,,,"[pSJ341 - pUC19: LacZYA-HA_pJ23107_RBS-LacY_RBS-mScarletI_rrnBT_FRT-Kan-FRT_LacZYA-HA, +, 6129, 6151], [pSJ320 - pUC19: pLac_RBS-LacY_RBS-mScarletI_rrnBT, +, 772, 794], [pCRISPR, +, 1911, 1933], [pSJ323 - pUC19: pJ23107_RBS-LacY_RBS-mScarletI_rrnBT, +, 772, 794], [pwtCas9-bacteria, -, 5025, 5047], [pLL3, +, 1911, 1933], [pwtCas9-tetR-BGE, -, 8432, 8454], [sgHA-lacZ-mVenusNB, +, 3797, 3819], [pTG028, +, 5118, 5140], [pCRISPR, +, 1911, 1933], ...more sites present"
MD0189,aaggaaatgagctggctc,,,"[pMA7CR_2.0_beta_gam_exo, +, 4649, 4666], [pCas9, +, 5889, 5906], [pLL2, +, 5889, 5906], [pCas9, +, 5889, 5906], [pwtCas9-tetR-BGE, +, 4404, 4421]"
MD0253,CTCACAATTCCACACAAC,,,
MD0243,GCATGCCCTTAAGCGACTTCATTCACCTGACGACGCAGC,,,"[pMD0069, -, 6793, 6831], [pMD0070, -, 6793, 6831], [pMD0077, -, 5292, 5330], [pMD0066, -, 6852, 6890], [pMD0078, -, 5253, 5291], [pMD0076, -, 5250, 5288], [pMD0075, -, 5289, 5327], [pMD0060, -, 6135, 6173], [pMD0068, -, 3001, 3039], [pMD0065, -, 3436, 3474]"
MD0155,ATGGACAGTTTTCCCTTTGA,,,"[pSIM6, +, 4918, 4937], [pKL28, -, 3185, 3204], [pMD0052, +, 4107, 4126], [pKL28, -, 3185, 3204], [pKD46, +, 3397, 3416], [pKL28, -, 2705, 2724], [pKL28_for assembly, -, 3185, 3204], [pMD0052, +, 4107, 4126], [pMD0062, +, 4048, 4067], [pMD0034, +, 3034, 3053]"
MD0273,accggtttaccccataaatcagggcgaaac,,,"[BW25113 Genome Annotated, -, 1226692, 1226721]"
MD0217,gaatccgtaatcatggtcatAGCTGTTTCCTGTGTGAAATTGTTATC,,,"[pMD0089, -, 199, 245], [pMD0066, -, 1810, 1856], [pTG029, -, 199, 245], [pMD0037, -, 2267, 2313], [pMD0052, -, 2267, 2296], [gSJ19 - pLac_RBS-LacZ_RBS-mVenus_rrnBT, -, 96, 142], [pMD0065, -, 2186, 2232], [gSJ12 - pLac_RBS-LacY_RBS-mVenus_rrnBT, -, 96, 142], [pMD0090, -, 199, 245], [gSJ17 - pLac_RBS-LacZ_RBS-mVenus_RBS-LacY_RBS-mScarlet_rrnBT, -, 96, 142], ...more sites present"
MD0216,ccgccgccTGAatgtcagaattaattaaagaaaatatgcacatgaaattatatatggaag,,,
MD0215,AGACCTAGGGTACGGGTTTTGCTG,,,"[pKL28, -, 3609, 3632]"
MD0170,cctcgtgatacgcctatttt,,,"[pCRISPR, +, 16, 35], [pLL3, +, 16, 35], [pCRISPR, +, 16, 35], [pCRISPR, +, 16, 35]"
MD0111,cttgaaggctcttggatctga,"Sequencing Primer near the beginning of Cry2
","""Sequencing Primer""","[pMD 0009, +, 1746, 1766], [pMD0009, +, 1746, 1766], [pMD 0009, +, 1746, 1766]"
MD0113,ggcagtatatctctgggagt,Sequencing Primer in the middle of Cry2,"""Sequencing Primer""","[pMD0009, +, 2738, 2757], [pMD 0009, +, 2738, 2757], [pMD 0009, +, 2738, 2757]"
MD0230,gcTACTAGAGAGAAAGAGGAGAAATACTAGatgaccatgattacggattcactgg,,,"[pMD0063, +, 1748, 1802], [pMD0067, +, 1748, 1802], [pMD0044, +, 1822, 1876]"
MD0279,acgtaccagggcacagccggaaatcagcg,,,"[BW25113 Genome Annotated, +, 4290764, 4290792]"
MD0337,gaaaagttcttctcctttactcatttaatgtgcgttagacgcggtgtgg,,,"[pMD0081, -, 3463, 3511], [pMD0085, -, 3162, 3210]"
MD0245,ATTGCGTTGCGCAGGATCCCCGGGTACCGAGCaggtgattgctcaggacatttctgttag,,,
MD0334,tgattcaatattgcaataacgttcatgctcttctcctaatttcatttttg,,,"[pMD0080, -, 1576, 1625], [pMD0082, -, 1576, 1625], [pMD0080, -, 1576, 1625], [pMD0082, -, 1576, 1625]"
MD0112,gcaaagaacagcaagaaagt,Sequencing primer in the middle of Cry2,"""Sequencing Primer""","[pMD0009, +, 2245, 2264], [pMD 0009, +, 2245, 2264], [pMD 0009, +, 2245, 2264]"
MD0141,gaactgttcagacagcca,,,"[gSJ11 - pLac_RBS-LacY_RBS-mVenus_RBS-LacZ_RBS-mScarlet_rrnBT, +, 765, 782], [pMD0095, +, 4678, 4695], [pTG033, +, 4696, 4713], [pMD0039, +, 2936, 2953], [pMD0094, +, 2728, 2745], [pTG032, +, 2728, 2745], [pMD0092, +, 782, 799], [pSJ342 - pUC19: LacZYA-HA_pJ23107_RBS-LacY_RBS-mVenus_rrnBT_FRT-Kan-FRT_LacZYA-HA, +, 1062, 1079], [intC-lacY-mScarlet, +, 851, 868], [pTG030, +, 868, 885], ...more sites present"
MD0109,ccataagggatgcagggcaca,Sequencing primer near the beginning of Traf6,"""Sequencing Primer""","[pMD0009, +, 752, 772], [pMD 0009, +, 752, 772], [pMD 0009, +, 752, 772]"
MD0185,ATGATGCGTGGCACAAATTA,,,"[pMA7CR_2.0_beta_gam_exo, +, 10500, 10519], [pSIM6, -, 739, 758], [pKD46, +, 2509, 2528], [pwtCas9-tetR-BGE, +, 7495, 7514]"
MD0173,gagttggtagctcttgatcc,,,"[pLL3, -, 1297, 1316], [pCRISPR, -, 1297, 1316], [pSIM6, +, 2344, 2363], [pCRISPR, -, 1297, 1316], [pCRISPR, -, 1297, 1316]"
MD0178,ccatctctttcaaggacgac,,,"[pMD0034, +, 2081, 2100], [pMD0034, +, 2206, 2225], [pKL616, +, 4650, 4669], [pMD0034, +, 2206, 2225], [pMD0055, +, 2139, 2158]"
MD0179,gtcgtccttgaaagagatgg,,,"[pMD0034, -, 2081, 2100], [pMD0042, -, 2144, 2163], [pMD0034, -, 2206, 2225], [pMD0038, -, 5311, 5330], [pKL616, -, 4650, 4669], [pMD0042, -, 2144, 2163], [pMD0034, -, 2206, 2225], [pMD0055, -, 2139, 2158], [pMD0040, -, 3490, 3509]"
pMD0034_Assembly FWD (3),ATTTCACACAGGAAACAGCTAGatggtgagcaagggcgag,,,
MD0223a,gtggaagtggaggcggtagcatgtcagaattaattaaagaaaatatgcacatgaaatta,,,"[pMD0039, +, 3561, 3619]"
MD0214,cagtctttcgactgagcctttc,,,"[pMD0081, -, 4266, 4287], [pMD0035, -, 3054, 3075], [pMD0034, -, 2537, 2558], [pMD0034, -, 2662, 2683], [pMD0041, -, 2995, 3016], [pMD0034, -, 2662, 2683], [pMD0083, -, 3248, 3269], [pMD0081, -, 4266, 4287], [pMD0079, -, 3549, 3570], [pMD0035, -, 3054, 3075], ...more sites present"
MD0329,CGAACCATGACGAACTGTAAATCTACGGATTTAAATtcactgcccgctttccagtcggg,,,"[pMD0073, -, 844, 902], [pMD0074, -, 836, 894], [pMD0073, -, 844, 902]"
MD0349,gtcaaAGGATCCCCGGGTACCGAGCATTTAAATtaatgaatcggccaacg,,,"[pMD0092, -, 32, 81]"
MD0235,gaaattaggacatcgttgataaatgtactatttaaaaaacacaaacttttggatgttcgg,,,"[pMD0058 [892-3118], +, 899, 936], [pMD0058, +, 1740, 1777], [pMD0047, +, 6079, 6138], [pMD0058, +, 1740, 1777]"
MD0328,GTGGAGTGAGCGACCTTAACAACTATATTTAAATttaagccagccccgacacccgccaa,,,"[pMD0073, +, 1198, 1256], [pMD0074, +, 1151, 1209], [pMD0073, +, 1198, 1256]"
