oTG0047,aatgaaaggaggagcctcgg,,,"[cadBA genomic region, +, 2346, 2365], [MG1655 Genome Version U00096.3, +, 4358664, 4358683]"
oTG0048,tacatcatgacccggactcc,,,"[MG1655 Genome Version U00096.3, -, 4360061, 4360080], [cadBA genomic region, -, 3743, 3762]"
oTG0064,cttgtctgtaagcggatgccATTTAAATttatttgtatagttcatccatg,,,"[sgHA-empty-mVenusNB, -, 752, 801]"
his tag R,GCTAGCcatcaccatcaccatc,,,"[rpsM (S13), -, 460, 481]"
oTG0050,ccgaggctcctcctttcattttg,,,"[MG1655 Genome Version U00096.3, -, 4358661, 4358683], [cadBA genomic region, -, 2343, 2365]"
oTG0059,TGCGCCTTATTTTTGGCGTG,,,"[cdsA internal tags, +, 876, 895]"
oTG0053,ccgtcaccttactcatttgc,,,"[cdsA, +, 1289, 1308], [cdsA internal tags, +, 1191, 1210], [cdsA 1kb tagging dsDNA, +, 391, 410]"
pMAZ_tetR_R,cggggcatgactaacatgag,,,
pBAD_F,aagaagatcctttacggattcccgacaccatcacttctagaacattgattatttgcacggcgtc,,,"[pSG22-pBAD-TetR, +, 2743, 2806]"
pBAD_pMAZgib_F,gttgtaattctcatgttagtcatgccccgacattgattatttgcacggcg,,,
tetR_pMAZgib_R,ccttgagagccttcaacccagtcagctcctataaacgcagaaaggcccac,,,
oTG0065,atgagtaaaggagaagaacttttc,,,"[giTG051 - chpS, +, 453, 476], [sgHA-empty-mVenusNB, +, 57, 80], [giTG059 - lacZ-RBS, -, 1374, 1397], [giTG066 - baeS-RBS, +, 1589, 1612], [giTG055, -, 2559, 2582], [lacZ-HAs SCFP Kan genome, -, 2596, 2619], [giTG051 - chpS, +, 453, 476], [giTG057 - araB, -, 3510, 3533], [sgHA-lacZ-SCFP, +, 566, 589], [giTG027 - ygiW, -, 2271, 2294], ...more sites present"
oTG0191,acagcttgtctgtaagcggatgccATTTAAATgctggcgctcgatcactc,,,"[pSJ343 - pUC19: LacZYA-HA_FRT-Kan-FRT_LacZYA-HA, -, 1942, 1991], [pSJ341 - pUC19: LacZYA-HA_pJ23107_RBS-LacY_RBS-mScarletI_rrnBT_FRT-Kan-FRT_LacZYA-HA, -, 4097, 4146], [pSJ342 - pUC19: LacZYA-HA_pJ23107_RBS-LacY_RBS-mVenus_rrnBT_FRT-Kan-FRT_LacZYA-HA, -, 4118, 4167], [pTG026, -, 1942, 1991]"
oTG0099,atccaccagcattggtgatttctgttcggcggatatattccgcttcctcg,,,"[p15A-galKHA-gRNA, +, 2578, 2627]"
oTG0093,agcttgtctgtaagcggatgccATTTAAATctggattgctgggcctgcg,,,"[sgHA-tolC-SCFP3A-KAN, -, 3059, 3107]"
oTG0095,ctggctgggtttttcgagg,,,"[MG1655 Genome Version U00096.3, -, 3180186, 3180204]"
oTG0193,agccctaggtattatgctagcTACTAGAGAGAAAGAGGAGAAATACTAGATGAGCGAGCTGATTAAGGAG,,,"[pSJ335 - pSC101: pJ23107-mTagBFP2, +, 190, 259], [pTG027 - pJ23107-mTagBFP2, +, 15, 84]"
CRarray_seq_R,accagactcgaggaccagac,,,
oTG0069,ttcttacactccggattcgcg,,,"[pSC101ts-galKHA-gRNA, +, 884, 904], [pMAZ-SK-TG-galKHAs, +, 1455, 1475], [galK deletion HA cassette, +, 482, 502]"
gRNA_scaffold_F,gttttagagctagaaatagc,,,
pRham_R,acgaccagtctaaaaagcgcc,,,
DR_TargetKan_F,gtcccaaaacgccatgtttcag,,,
gRNA_scaffold_F,cttttttatgcagcctaccggtatcc,,,
oTG0101,atgagtaaaggagaagctgtg,,,"[pTG033, +, 5326, 5346], [pMD0093, +, 3301, 3321], [pSC101-mazEF-reporter, +, 4229, 4249], [pTG031, +, 3319, 3339], [pTG033, +, 584, 604], [pTG031, +, 3319, 3339], [pTG021 lacZ-mScarletI-KAN, +, 566, 586], [gSJ13 - pLac_RBS-LacZ_RBS-mScarlet_rrnBT, +, 3216, 3236], [Copy of Copy of pTG033 (COUPLED), +, 5307, 5327], [gSJ16 - pJ23107_RBS-LacZ_RBS-mScarlet_rrnBT, +, 3157, 3177], ...more sites present"
oTG0177,aggaacacacagacacatacc,,,"[giTG049 - mazE, +, 187, 207], [giTG049 - mazE, +, 187, 207], [giTG060 - mazE RBS, +, 187, 207]"
oTG0179,gcgcaagtgagcaacaatc,,,"[giTG062 - chpS-RBS, +, 300, 318], [giTG051 - chpS, +, 300, 318], [giTG051 - chpS, +, 300, 318]"
oTG0180,atttccgccctgcgtaatg,,,"[giTG051 - chpS, -, 2622, 2640], [giTG062 - chpS-RBS, -, 2640, 2658], [giTG051 - chpS, -, 2622, 2640]"
oTG0146,gcggcaaaaacagcgtaac,,,"[giTG031 - mdtM, +, 138, 156], [giTG031 - mdtM, +, 138, 156]"
oTG0147,gtttaacggcggtcgcttg,,,"[giTG031 - mdtM, -, 2406, 2424], [giTG031 - mdtM, -, 2406, 2424]"
oTG0137,caggcaattttgcgttcaaactcccggacaagccgggagtttggagtaggTGTAGGCTGGAGCTGCTTCG,,,"[giTG069 - gldA-RBS, +, 244, 313], [giTG043 - gldA, +, 244, 313]"
oTG0150,agcggaagcggcgttaattg,,,"[giTG035 - murQ, +, 933, 952], [giTG067 - murQ-RBS, +, 933, 952]"
oTG0153,cgatttccgggaatgacacc,,,"[giTG037 - alkA, -, 2267, 2286], [giTG037 - alkA, -, 2267, 2286], [giTG063 - alkA-RBS, -, 2285, 2304]"
oTG0162,GCTTCCTTTAGCAGCCCTTG,,,"[pTG026, -, 461, 480], [pSJ343 - pUC19: LacZYA-HA_FRT-Kan-FRT_LacZYA-HA, -, 461, 480], [lac operon Kan deletion, +, 2409, 2428], [pMD0089, -, 4258, 4277], [giTG033 - baeS, -, 2392, 2411], [pMD0093_TEG, -, 4237, 4256], [pMD0089, -, 4258, 4277], [pSJ339 - pUC19: pJ23107_RBS-LacZ_RBS-mScarletI_rrnBT, -, 5049, 5068], [pSJ319 - pUC19: pLac_RBS-LacZ_RBS-mVenus_rrnBT, -, 5129, 5148], [giTG066 - baeS-RBS, -, 2410, 2429], ...more sites present"
oTG0166,tttgtttaacttttctagatttaagaaggagatatacatATGAGCGAGCTGATTAAGGAG,,,"[pTG024 - pEB1-mTagBFP2, +, 220, 279]"
oTG0164,taaatgtccagacctgcaggc,,,"[pTG024 - pEB1-mTagBFP2, +, 958, 978], [pTG027 - pJ23107-mTagBFP2, +, 763, 783], [pSJ335 - pSC101: pJ23107-mTagBFP2, +, 938, 958]"
oTG0165,gcctctagagcttgcatgcctgcaggtctggacatttaATTAAGCTTGTGCCCCAGTTTG,,,"[pSJ335 - pSC101: pJ23107-mTagBFP2, -, 916, 975], [pTG024 - pEB1-mTagBFP2, -, 936, 995], [pTG027 - pJ23107-mTagBFP2, -, 741, 800]"
pMAZ_tetR_F,aggagctgactgggttgaag,,,
oTG0105,tgatgcgacgcttgttcctg,,,"[pSJ343 - pUC19: LacZYA-HA_FRT-Kan-FRT_LacZYA-HA, -, 1705, 1724], [Copy of giTG026 delta-lacZYA, +, 1165, 1184], [giTG065 - lacZ-RBS-mVenus-flipped, +, 1, 20], [lacZ-mVenus-Kan, +, 1, 20], [lac operon genomic region, +, 1, 20], [pSJ341 - pUC19: LacZYA-HA_pJ23107_RBS-LacY_RBS-mScarletI_rrnBT_FRT-Kan-FRT_LacZYA-HA, -, 3860, 3879], [giTG059 - lacZ-RBS-mVenus, +, 1, 20], [MG1655 Genome Version U00096.3, +, 361144, 361163], [lac operon Kan deletion, +, 1165, 1184], [lac operon Kan deletion, +, 1165, 1184], ...more sites present"
oTG0078,acacatggcatggatgaactatacaaataataataacccggcaggccatg,,,"[sgHA-lacZ-mVenusNB, +, 1253, 1302], [sgHA-lacZ-SCFP, +, 1253, 1302]"
oTG0032,gtcagcttgtcgtcggttc,,,"[pMAZ-SK-tetR, -, 1073, 1091], [pMAZ-SK-TG, -, 1073, 1091], [pSC101ts-galKHA-gRNA, -, 384, 402], [p15A-galKHA-gRNA, -, 1589, 1607], [pMAZ-SK-TG-galK, -, 1067, 1085], [pMAZ-SK, -, 724, 742], [pMAZ-SK-TG, -, 1065, 1083], [pMAZ-SK-TG-galKHAs, -, 3033, 3051]"
oTG0199,ctggtgttacaactggtgg,,,"[MG1655 Genome Version U00096.3, +, 360793, 360811], [lac operon Kan deletion, +, 814, 832], [lac operon Kan deletion, +, 814, 832], [giTG026 delta-lacZYA, +, 814, 832], [Copy of giTG026 delta-lacZYA, +, 814, 832]"
oTG0201,ggtccttcttgagtttgtaac,,,"[Copy of Copy of pTG033 (COUPLED), +, 3953, 3973], [gSJ17 - pLac_RBS-LacZ_RBS-mVenus_RBS-LacY_RBS-mScarlet_rrnBT, +, 3869, 3889], [pMD0095, +, 3954, 3974], [Copy of pTG033, +, 4778, 4798], [pTG033, +, 3972, 3992]"
oTG0195,CCGTAGATTTACAGTTCGTCATGGTTCGCTTCAGATCGTTGACAGCCGCAGCGCAACGCAATTAATGTG,,,"[Copy of pTG033, +, 908, 928], [pTG033, +, 102, 122], [intC-lacY-mScarlet, +, 37, 105], [Copy of Copy of pTG033 (COUPLED), +, 102, 122], [pMD0095, +, 102, 122]"
oTG0196,ATAGTTGTTAAGGTCGCTCACTCCACCTTCTCATCAAGCCAGTCCGCCCAccggagacggtcacagcttg,,,"[Copy of pTG033, -, 8290, 8317], [intC-lacY-mScarlet, -, 3621, 3690], [pTG033, -, 7484, 7511], [pMD0095, -, 7448, 7475], [Copy of Copy of pTG033 (COUPLED), -, 7465, 7492]"
oTG0175,ttccaacttccgccccggcacaggctgcccaggccgttgcgactctataaATGAGTAAAGGAGAAGAACTTTTC,,,"[giTG061 - araB RBS, -, 3510, 3583], [giTG057 - araB, -, 3510, 3583], [giTG061 - araB RBS, -, 3510, 3583], [giTG057 - araB, -, 3510, 3583]"
oTG0138,acctgtttcgggtggaccaaatgatacgtcagtgggagagatctcagtaaATGAGTAAAGGAGAAGAACTTTTC,,,"[giTG045 - insH-5, -, 2185, 2258]"
oTG0160,accttcaaagtgaaccaccg,,,"[giTG041 - hupA (constitutive), +, 356, 375], [giTG068 - hupA-RBS, +, 356, 375], [giTG041 - hupA (constitutive), +, 356, 375]"
oTG0183,ccactaaatcggcttctttg,,,"[giTG055, +, 443, 462], [giTG055, +, 443, 462]"
galk_seq_R,cgagacctgaccgcagaa,,,"[galk genomic region, +, 590, 607], [galK-Kan, -, 1513, 1530], [MG1655 Genome Version U00096.3, -, 790043, 790060], [MG1655 Genome Version U00096.3 [788799-790079], -, 1251, 1268], [galk genomic region, +, 590, 607], [p15A-galKHA-gRNA, -, 2171, 2188]"
intC_seq_R,tcgatcgatacttgctgtggt,,,"[intC-Kan, -, 1575, 1595], [MG1655 Genome Version U00096.3, -, 2467782, 2467802]"
galk_2,GTTTGCGCGCAGTCAGCGATATCCATTTTCGCGAATCCGGAGTGTAAGAA,,,
oTG0173,tcaacaccaccgagctgaataaagttcgcgctcagctcgataatcgctaaATGAGTAAAGGAGAAGAACTTTTC,,,"[giTG055, -, 2559, 2632], [giTG055, -, 2559, 2632]"
galk_F,GTTTGCGCGCAGTCAGCGATATCCATTTTCGCGAATCCGGAGTGTAAGAA,,,
oTG0097,cctcgagtctggttataatccc,,,"[pMAZ-SK, +, 351, 372], [pSC101ts-galKHA-gRNA, +, 11, 32], [p15A-galKHA-gRNA, +, 1216, 1237]"
oTG0098,ccctgccctgaaccgacgacaagctgacaactcagggcaaacagcacctg,,,
oTG0169,agcaggatgtctggggtaaatccacccctgcgggtgacgaaatatggtaaATGAGTAAAGGAGAAGAACTTTTC,,,"[giTG051 - chpS, +, 403, 476], [giTG051 - chpS, +, 403, 476]"
oTG0113,ATGCCACAATTTGGTATATTATG,,,"[pKD46-FLP, -, 6443, 6465]"
pMA7CR_lambdared_gib_R,gggtatggagaaacagtagagag,,,
oTG0194,TAGTAgctagcataatacctagggctgagctagccgtaaaggcgccctctggtaaggttg,,,"[pSJ335 - pSC101: pJ23107-mTagBFP2, -, 156, 215], [pTG027 - pJ23107-mTagBFP2, -, 4160, 40]"
oTG0077,cagtgaaaagttcttctcctttactcatttatttttgacaccagaccaac,,,"[sgHA-lacZ-mVenusNB-kan, -, 544, 593], [sgHA-lacZ-SCFP, -, 544, 593], [sgHA-lacZ-mVenusNB, -, 544, 593], [pTG019 - lacZ-mVenus-Kan, -, 544, 593], [ sgHA-lacZ-mVenus-KAN, -, 544, 593], [pTG019 - lacZ-mVenus-Kan, -, 544, 593], [sgHA-lacZ-mVenus-KAN, -, 544, 593], [sgHA-lacZ-SCFP3A-KAN, -, 544, 593]"
oTG0202,tCTAGTATTTCTCCTCTTTttaagcgacttcattcacctg,,,"[pSJ318 - pUC19: pLac_RBS-LacZ_RBS-mVenus_RBS-LacY_RBS-mScarlet_rrnBT, -, 6140, 6179], [gSJ11 - pLac_RBS-LacY_RBS-mVenus_RBS-LacZ_RBS-mScarlet_rrnBT, -, 1356, 1395], [pTG030, -, 1459, 1498], [pSJ321 - pUC19: pJ23107_RBS-LacZ_RBS-mVenus_RBS-LacY_RBS-mScarlet_rrnBT, -, 6081, 6120], [gSJ12 - pLac_RBS-LacY_RBS-mVenus_rrnBT, -, 1356, 1395], [pTG032, -, 3319, 3358], [pSJ320 - pUC19: pLac_RBS-LacY_RBS-mScarletI_rrnBT, -, 2309, 2348], [pSJ340 - pUC19: pJ23107_RBS-LacY_RBS-mVenus_rrnBT, -, 2250, 2289], [pTG032, -, 3319, 3358], [gSJ14 - pJ23107_RBS-LacY_RBS-mVenus_RBS-LacZ_RBS-mScarlet_rrnBT, -, 1297, 1336], ...more sites present"
oTG0200,catgcaaatgctgaatgagg,,,"[lac operon Kan deletion, -, 2910, 2929], [Copy of giTG026 delta-lacZYA, -, 1688, 1707], [lac operon Kan deletion, -, 2910, 2929], [MG1655 Genome Version U00096.3, -, 366805, 366824], [giTG026 delta-lacZYA, -, 1688, 1707]"
oTG0203,AAAGAGGAGAAATACTAGatgagtaaaggagaagctgtg,,,"[pSJ324 - pUC19: pLac_RBS-LacZ_RBS-mScarletI_rrnBT, +, 4151, 4189], [pTG032, +, 3340, 3378], [gSJ18 - pLac_RBS-LacY_RBS-mScarlet_rrnBT, +, 1377, 1415], [pSJ320 - pUC19: pLac_RBS-LacY_RBS-mScarletI_rrnBT, +, 2330, 2368], [pSJ321 - pUC19: pJ23107_RBS-LacZ_RBS-mVenus_RBS-LacY_RBS-mScarlet_rrnBT, +, 6102, 6140], [pTG031, +, 3301, 3339], [pSJ341 - pUC19: LacZYA-HA_pJ23107_RBS-LacY_RBS-mScarletI_rrnBT_FRT-Kan-FRT_LacZYA-HA, +, 1674, 1712], [Copy of pSJ320 (COUPLED) - pUC19: pLac_RBS-LacY_RBS-mScarlet_rrnBT, +, 3321, 3359], [gSJ11 - pLac_RBS-LacY_RBS-mVenus_RBS-LacZ_RBS-mScarlet_rrnBT, +, 5205, 5243], [gSJ13 - pLac_RBS-LacZ_RBS-mScarlet_rrnBT, +, 3198, 3236], ...more sites present"
oTG0036,cgggtcttcgagaagacctg,,,"[pMAZ-SK-TG-galKHAs, +, 2733, 2752], [pMAZ-SK-TG, +, 765, 784]"
oTG0205,gagcaggatgtctggggtaaatccacccctgcgggtgacgaaatatggtaaAAAGAGGAGAAATACTAGATGAG,,,"[giTG062 - chpS-RBS, +, 402, 475]"
oTG0204,gcgctgttgcatatctggtatacggaaggctggcaaccagacgaagcatgaAAAGAGGAGAAATACTAGATGAG,,,"[giTG063 - alkA-RBS, -, 2162, 2235]"
oTG0206,ttccaacttccgccccggcacaggctgcccaggccgttgcgactctataaAAAGAGGAGAAATACTAGATGAG,,,"[giTG061 - araB RBS, -, 3529, 3601]"
oTG0198,TCTAGTATTTCTCCTCTTTttatttttgacaccagaccaactg,,,"[gSJ16 - pJ23107_RBS-LacZ_RBS-mScarlet_rrnBT, -, 3115, 3157], [gSJ11 - pLac_RBS-LacY_RBS-mVenus_RBS-LacZ_RBS-mScarlet_rrnBT, -, 5181, 5223], [gSJ14 - pJ23107_RBS-LacY_RBS-mVenus_RBS-LacZ_RBS-mScarlet_rrnBT, -, 5122, 5164], [pSJ319 - pUC19: pLac_RBS-LacZ_RBS-mVenus_rrnBT, -, 4130, 4172], [pTG033, -, 542, 584], [pSJ318 - pUC19: pLac_RBS-LacZ_RBS-mVenus_RBS-LacY_RBS-mScarlet_rrnBT, -, 4130, 4172], [pTG029, -, 6584, 6626], [pTG029, -, 3277, 3319], [pSJ321 - pUC19: pJ23107_RBS-LacZ_RBS-mVenus_RBS-LacY_RBS-mScarlet_rrnBT, -, 4071, 4113], [pTG031, -, 3277, 3319], ...more sites present"
oTG0197,AAAGAGGAGAAATACTAGATGagtaaaggagaagaacttttc,,,"[pTG029, +, 3301, 3342], [gSJ14 - pJ23107_RBS-LacY_RBS-mVenus_RBS-LacZ_RBS-mScarlet_rrnBT, +, 1318, 1359], [pSJ322 - pUC19: pJ23107_RBS-LacZ_RBS-mVenus_rrnBT, +, 4095, 4136], [gSJ12 - pLac_RBS-LacY_RBS-mVenus_rrnBT, +, 1377, 1418], [pTG030, +, 1480, 1521], [pTG030, +, 1480, 1521], [gSJ11 - pLac_RBS-LacY_RBS-mVenus_RBS-LacZ_RBS-mScarlet_rrnBT, +, 1377, 1418], [pSJ319 - pUC19: pLac_RBS-LacZ_RBS-mVenus_rrnBT, +, 4154, 4195], [pTG029, +, 3301, 3342], [pSJ318 - pUC19: pLac_RBS-LacZ_RBS-mVenus_RBS-LacY_RBS-mScarlet_rrnBT, +, 4154, 4195], ...more sites present"
CRarray end primer R,agttgtttctgaaacatggcg,,,
oTG0051,ttggcaaattgcctatgccg,,,"[cdsA internal tags, +, 343, 362], [cdsA, +, 459, 478]"
oTG0046,CCGCGAGAAATAGAGTTGATCG,,,"[pwtCas9-tetR-BGE, +, 5087, 5108]"
oTG0207,tgcatgacctgacagagacttcacggtggattcaaacatggcccaactaaAAAGAGGAGAAATACTAGATGAGTAAAG,,,"[giTG064 - gfcE-RBS, -, 2153, 2230]"
intC_HA_lac_promoter_F,CCGTAGATTTACAGTTCGTCATGGTTCGCTTCAGATCGTTGACAGCCGCAcctgcgcaacgcaattaatg,,,"[pMD0058 [875-3148] [18-2244], +, 1, 70], [pMD0058 [875-3148] [18-2244], +, 1, 70], [pMD0058 [892-3118], +, 1, 70]"
oTG0208,ttacagtagagttaccgctggaacgggatttacagagagaagtatgaAAAGAGGAGAAATACTAGATGAG,,,"[giTG066 - baeS-RBS, +, 1524, 1593]"
galk_HA_lac_promoter_F,gtttgcgcgcagtcagcgatatccattttcgcgaatccggagtgtaagaagcgcaacgcaattaatgtg,,,"[pMD0059, +, 1785, 1807], [pMD0058 [875-3148] [18-2244], +, 54, 72], [pMD0058 [875-3148] [21-2243], +, 1, 69], [pMD0059 [1785-4013], +, 1, 69], [pMD0058 [875-3148] [21-2243], +, 3, 71], [pMD0058 [875-3148] [18-2244], +, 54, 72], [pMD0058 [875-3148], +, 21, 39], [pMD0058 [875-3148] [20-2243], +, 2, 70], [pMD0058 [875-3148] [20-2243], +, 2, 70], [pMD0058 [875-3148] [21-2243], +, 1, 69]"
galk_HA_rrnBTerm_R,ttcatattgttcagcgacagcttgctgtacggcaggcaccagctcttccggagagcgttcaccgacaaac,,,"[clover::lacY, -, 2204, 2223], [pMD0059, -, 3992, 4013], [pMD0058 [875-3148] [18-2244], -, 2257, 2276], [pMD0058 [875-3148] [20-2243], -, 2255, 2324], [pMD0058 [875-3148] [21-2243], -, 2254, 2323], [pMD0058 [875-3148], -, 2224, 2243], [pMD0058 [875-3148] [20-2243], -, 2255, 2324], [pMD0058 [875-3148] [21-2243], -, 2254, 2323], [pMD0058 [875-3148] [18-2244], -, 2257, 2276], [pMD0058 [875-3148] [21-2243], -, 2254, 2323], ...more sites present"
intC_seq_F,atccgtaccagtccgcaaaa,,,"[MG1655 Genome Version U00096.3, +, 2466401, 2466420], [intC-Kan, +, 70, 89]"
oTG0210,taccggcatttgtttctggcaaggcactgaaagacgcagttaagtaaAAAGAGGAGAAATACTAGATGAG,,,"[giTG068 - hupA-RBS, +, 438, 507]"
oTG0211,tggtagccgaccagtacggtcagcgtttcctgcaagagtgggaataaAAAGAGGAGAAATACTAGATGAG,,,"[giTG069 - gldA-RBS, -, 2309, 2378]"
galK_seq_F,CCAGTGCGGGAGTTTCGTT,,,"[MG1655 Genome Version U00096.3 [788799-790079], +, 15, 33], [MG1655 Genome Version U00096.3, +, 788813, 788831], [galk genomic region, -, 1819, 1837], [galK-Kan, +, 13, 31], [galk genomic region, -, 1819, 1837], [p15A-galKHA-gRNA, +, 1974, 1992]"
oTG0008,AGCTAGAAATAGCAAGTTAAAATAAGGC,,,"[pMAZ-SK-tetR, -, 130, 149], [p15A-galKHA-gRNA, +, 1315, 1342], [pMAZ-SK-TG, +, 799, 826], [pMAZ-SK-TG, -, 130, 149], [pSC101ts-galKHA-gRNA, +, 110, 137], [pMAZ-SK, +, 450, 477], [pMAZ-SK-TG-galKHAs, +, 2759, 2786], [pMAZ-SK-TG, +, 791, 818], [pMAZ-SK-TG, -, 130, 149], [pMAZ-SK-TG-galKHAs, -, 2098, 2117], ...more sites present"
oTG0007,AGTATCTCTATCACTGATAGGGATGTCA,,,"[pMAZ-SK-TG-galKHAs, -, 2700, 2727], [pMAZ-SK-tetR, -, 732, 759], [pMAZ-SK-TG, -, 732, 759], [pMAZ-SK, -, 389, 416], [pSC101ts-galKHA-gRNA, -, 49, 76], [pMAZ-SK-TG, -, 732, 759], [p15A-galKHA-gRNA, -, 1254, 1281]"
oTG0024,TAACCAGACTCGAGGACCAGAC,,,"[pMAZ-SK-TG, -, 687, 708], [pMAZ-SK-TG, -, 687, 708], [pMAZ-SK, -, 344, 365], [pMAZ-SK-TG-galKHAs, -, 2655, 2676], [pMAZ-SK-tetR, -, 687, 708], [pMAZ-SK-TG-galK, -, 687, 708]"
oTG0006,AGCTCTAAAACAGCTTGGAGCG,,,"[pMAZ-SK-TG, -, 394, 415], [pMAZ-SK-TG-galK, -, 394, 415], [pMAZ-SK-tetR, -, 394, 415], [pMAZ-SK-TG-galKHAs, -, 2362, 2383], [pMAZ-SK-TG, -, 394, 415], [pMAZ-SK, -, 183, 204]"
oTG0009,gttgtaattctcatgttagtcatgccccgacattgattatttgcacggcg,,,
oTG0017,CACCGaacgaaaccgtcgttgtagt,,,"[galk genomic region, -, 780, 802], [galk genomic region, -, 780, 802]"
oTG0019,CACCGcaactggcacatgcaaacgg,,,
oTG0020,AAACccgtttgcatgtgccagttgC,,,
oTG0005,GTCCCAAAACGCCATGTTTCAG,,,"[pKD46 [11-3411], +, 2124, 2141], [pKD46 [11-3411], +, 2124, 2141], [pKD46 [11-3411], +, 2124, 2141], [pMAZ-SK-TG-galKHAs, +, 2531, 2552], [pMAZ-SK-TG-galK, +, 563, 584], [pMAZ-SK-TG, +, 563, 584], [pKD46-FLP, +, 2122, 2139], [pMAZ-SK-tetR, +, 563, 584], [pMAZ-SK, +, 220, 241], [pMAZ-SK-TG, +, 563, 584], ...more sites present"
oTG0013,gggtatggagaaacagtagagag,,,"[pMA7CR_2.0_beta_gam_exo, -, 9182, 9204], [pwtCas9-tetR-BGE, -, 6168, 6190], [pMA7CR_2.0, -, 9182, 9204]"
oTG0022,tgagagtcgtatgttgtcatctaaggatccaaactcg,,,
oTG0014,AGTCGGTGTGGAGTGAAACG,,,"[pMA7CR_2.0_beta_gam_exo, +, 11120, 11139], [pMA7CR_2.0, +, 10021, 10040]"
oTG0021,cgagtttggatccttagatgacaacatacgactctca,,,
oTG0015,ATCGCAACTCTCTACTGTTTCTCCATACCCGGAATTCGAGCTCTAAGGAG,,,"[pKD46-FLP, +, 1214, 1233], [pMA7CR_2.0_beta_gam_exo, +, 9205, 9224], [pKD46 [11-3411], +, 1216, 1235], [pSC101ts-delta-galK-HAs, +, 1214, 1233], [pKD46 [11-3411], +, 1216, 1235], [pKD46 [11-3411], +, 1216, 1235], [pwtCas9-tetR-BGE, +, 6200, 6219], [pKD46 [11-3411], +, 1216, 1235], [pKD46, +, 1214, 1233]"
oTG0018,AAACactacaacgacggtttcgttC,,,
oTG0025,GTTGACGAATCTTGGAGCTCCC,,,"[pwtCas9-tetR-BGE, +, 4681, 4702], [pwtCas9-bacteria, +, 4681, 4702], [pMA7CR_2.0, +, 4926, 4947], [pMA7CR_2.0_beta_gam_exo, +, 4926, 4947]"
oTG0016,TTTTCTTCATCGTTTCACTCCACACCGACTTCATCGCCATTGCTCCCCAA,,,"[pMA7CR_2.0_beta_gam_exo, -, 11100, 11121], [pKD46 [11-3411], -, 3111, 3132], [pKD46 [11-3411], -, 3111, 3132], [pSC101ts-delta-galK-HAs, -, 3109, 3130], [pMA7CR_2.0_beta_gam_exo, -, 11100, 11149], [pKD46 [11-3411], -, 3111, 3132], [pwtCas9-tetR-BGE, -, 8095, 8116], [pKD46, -, 3109, 3130], [pKD46-FLP, -, 3109, 3130], [pKD46 [11-3411], -, 3111, 3132]"
oTG0011,AGGAGCTGACTGGGTTGAAG,,,"[pMAZ-SK-TG-galK, +, 2860, 2879], [pMAZ-SK, +, 2517, 2536], [pMAZ-SK-TG, +, 2866, 2885], [pMAZ-SK-tetR, +, 3757, 3776], [pMAZ-SK-TG, +, 2858, 2877], [pMAZ-SK-TG-galKHAs, +, 1917, 1936]"
oTG0023,tcaggcgctttttagactggtc,,,"[pMAZ-SK-TG, +, 315, 336], [pMAZ-SK, +, 104, 125], [pMAZ-SK-TG-galK, +, 315, 336], [pKD46-FLP, -, 6468, 6489], [pMAZ-SK-TG, +, 315, 336], [pMAZ-SK-TG-galKHAs, +, 2283, 2304], [pMAZ-SK-tetR, +, 315, 336]"
oTG0026,TTAAAAGCAGCGGGAGCTCC,,,"[pMA7CR_2.0, -, 4939, 4958], [pwtCas9-tetR-BGE, -, 4694, 4713], [pMA7CR_2.0_beta_gam_exo, -, 4939, 4958]"
oTG0012,CGGGGCATGACTAACATGAG,,,"[pMAZ-SK-TG-galK, -, 2829, 2848], [pMAZ-SK-TG, -, 2835, 2854], [pMAZ-SK-TG-galKHAs, -, 954, 973], [pMAZ-SK-tetR, -, 2835, 2854], [pMAZ-SK, -, 2486, 2505], [pMAZ-SK-TG, -, 2827, 2846]"
oTG0010,ccttgagagccttcaacccagtcagctcctataaacgcagaaaggcccac,,,"[pMAZ-SK-tetR, -, 3737, 3786]"
oTG0029,gctcagtcctaggtataatgctagcTACTAGAGAGAAAGAGGAGAAAtttctaatgtctagattagataaaagtaaagtg,,,"[pMAZ-SK-tetR, +, 2865, 2944]"
oTG0030,tagtagctagcattatacctaggactgagctagctgtcagcggggcatgactaacatgag,,,"[pMAZ-SK-TG-galKHAs, -, 954, 1013], [pMAZ-SK-tetR, -, 2835, 2894], [pMAZ-SK-TG-galK, -, 2829, 2888], [pMAZ-SK-TG, -, 2827, 2886], [pMAZ-SK-TG, -, 2835, 2894]"
oTG0063,cgcgcgttggccgattcattaATTTAAATatgagtaaaggagaagaactt,,,"[sgHA-empty-mVenusNB, +, 28, 77]"
oTG0049,gggaagtggcaagccacttc,,,"[cadBA genomic region, +, 117, 136], [MG1655 Genome Version U00096.3, +, 4356435, 4356454], [cadBA Kan deletion genomic region, +, 117, 136], [cadBA Kan deletion, +, 1076, 1095]"
oTG0187,taccggtggcatggatgaactatacaaataagatgtccagacctgcaggc,,,"[pMD0093_TEG, +, 3966, 4015], [gSJ14 - pJ23107_RBS-LacY_RBS-mVenus_RBS-LacZ_RBS-mScarlet_rrnBT, +, 5829, 5878], [pTG031, +, 3984, 4033], [gSJ16 - pJ23107_RBS-LacZ_RBS-mScarlet_rrnBT, +, 3822, 3871], [pTG031, +, 3984, 4033], [gSJ11 - pLac_RBS-LacY_RBS-mVenus_RBS-LacZ_RBS-mScarlet_rrnBT, +, 5888, 5937], [gSJ13 - pLac_RBS-LacZ_RBS-mScarlet_rrnBT, +, 3881, 3930]"
oTG0083,gcagtgcacggcagatacac,,,"[gSJ19 - pLac_RBS-LacZ_RBS-mVenus_rrnBT, +, 2594, 2613], [giTG059 - lacZ-RBS-mVenus, -, 4710, 4729], [pSJ319 - pUC19: pLac_RBS-LacZ_RBS-mVenus_rrnBT, +, 3550, 3569], [lacZ-mVenus-Kan, -, 4692, 4711], [pTG029, +, 6004, 6023], [pMD0089, +, 2697, 2716], [lac operon genomic region, -, 2672, 2691], [giTG065 - lacZ-RBS-mVenus-flipped, -, 3488, 3507], [pSJ318 - pUC19: pLac_RBS-LacZ_RBS-mVenus_RBS-LacY_RBS-mScarlet_rrnBT, +, 3550, 3569], [lacZ-mVenus-Kan, -, 4692, 4711], ...more sites present"
oTG0082,aaaacggcgaggatgagtgc,,,"[lac operon genomic region, +, 1489, 1508], [giTG065 - lacZ-RBS-mVenus-flipped, +, 1489, 1508], [lac operon genomic region, +, 1489, 1508], [MG1655 Genome Version U00096.3, +, 362632, 362651], [giTG059 - lacZ-RBS, +, 1, 20], [lacZ-mVenus-Kan, +, 1489, 1508], [giTG059 - lacZ-RBS-mVenus, +, 1489, 1508], [lacZ-HAs SCFP Kan genome, +, 1, 20], [lacZ-mVenus-Kan, +, 1489, 1508], [lacZ-HAs mVenus Kan genome, +, 1, 20]"
oTG0058,GCAAATGAGTAAGGTGACGG,,,"[cdsA internal tags, -, 1191, 1210]"
oTG0054,tattgaaggcatggtggcgg,,,"[cdsA 1kb tagging dsDNA, -, 862, 881], [cdsA internal tags, -, 1710, 1729], [cdsA, -, 1805, 1824]"
Pcad_F,gctcttctcctaatttcatttttg,,,
oTG0058,aggTGCGGCTGTCAACGATC,,,"[pMD0073, -, 908, 927]"
oTG0059,ttcttacactccggattcgc,,,"[pMD0071, -, 899, 918]"
oTG0055,GACCGAGAGTATGTTTAAGCGTGAAGCAGGAATTAAGGACcatcaccatcaccatcacGCTAGCGGTCATTTAATTCCAGGACACGGTGGTATTTTAGAT,,,"[cdsA internal tags, +, 1249, 1348]"
oTG0060,atcaatcgcgcagggcagaacgaaaccgtcgtttcagtcggtgtgttcaccaatcaaattcacgcggcca,,,"[galk_stop, +, 1003, 1072]"
oTG0163,atgtatatctccttcttaaatctag,,,"[pEB1-SCFP3A, -, 234, 258], [pTG024 - pEB1-mTagBFP2, -, 234, 258]"
oTG0061,ATTTAAATggcatccgcttacagacaag,,,"[pTG033, +, 3083, 3110], [sgHA-lacZ-mVenus-KAN, +, 3086, 3113], [pSJ325 - pUC19: pLac_RBS-LacY_RBS-mVenus_rrnBT, +, 4566, 4593], [pMD0095, +, 7424, 7451], [pSJ322 - pUC19: pJ23107_RBS-LacZ_RBS-mVenus_rrnBT, +, 6269, 6296], [pTG030, +, 3698, 3725], [pSJ342 - pUC19: LacZYA-HA_pJ23107_RBS-LacY_RBS-mVenus_rrnBT_FRT-Kan-FRT_LacZYA-HA, +, 4136, 4163], [pTG028, +, 3104, 3131], [Copy of pSJ320 (COUPLED) - pUC19: pLac_RBS-LacY_RBS-mScarlet_rrnBT, +, 5517, 5544], [pMD0089, +, 5457, 5484], ...more sites present"
oTG0062,ATTTAAATtaatgaatcggccaacgcgc,,,"[pSJ340 - pUC19: pJ23107_RBS-LacY_RBS-mVenus_rrnBT, -, 879, 906], [pMD0089, -, 29, 56], [pMD0089, -, 29, 56], [pTG021 lacZ-mScarletI-KAN, -, 29, 56], [pMD0090, -, 29, 56], [pSJ343 - pUC19: LacZYA-HA_FRT-Kan-FRT_LacZYA-HA, -, 29, 56], [pTG032, -, 1889, 1916], [sgHA-empty-mVenusNB, -, 29, 56], [sgHA-lacZ-SCFP, -, 29, 56], [pSJ342 - pUC19: LacZYA-HA_pJ23107_RBS-LacY_RBS-mVenus_rrnBT_FRT-Kan-FRT_LacZYA-HA, -, 29, 56], ...more sites present"
oTG0076,cgcgcgttggccgattcattaATTTAAATcctaccggattgatggtagtg,,,"[sgHA-lacZ-mVenus-KAN, +, 28, 77], [pTG019 - lacZ-mVenus-Kan, +, 28, 77], [sgHA-lacZ-mVenusNB-kan, +, 28, 77], [pTG033, +, 28, 77], [sgHA-lacZ-SCFP3A-KAN, +, 28, 77], [ sgHA-lacZ-mVenus-KAN, +, 28, 77], [sgHA-lacZ-SCFP, +, 28, 77], [pTG033, +, 28, 77], [pTG019 - lacZ-mVenus-Kan, +, 28, 77], [sgHA-lacZ-mVenusNB, +, 28, 77], ...more sites present"
oTG0079,agcttgtctgtaagcggatgccATTTAAATccaacacagccaaacatccg,,,"[ sgHA-lacZ-mVenus-KAN, -, 3066, 3115], [pTG033, -, 3063, 3112], [pTG019 - lacZ-mVenus-Kan, -, 3066, 3115], [sgHA-lacZ-SCFP, -, 1763, 1812], [sgHA-lacZ-SCFP3A-KAN, -, 3066, 3115], [sgHA-lacZ-mVenus-KAN, -, 3066, 3115], [pTG028, -, 3084, 3133], [sgHA-lacZ-mVenusNB-kan, -, 3066, 3115], [sgHA-lacZ-mVenusNB, -, 1763, 1812], [pTG033, -, 3063, 3112], ...more sites present"
oTG0111,gctgaacttgtaggcctgataagcgcagcgtatcaggcaatttttataatTGTAGGCTGGAGCTGCTTCG,,,
oTG0110,cattaatgcagctggcacgacaggtttcccgactggaaagcgggcagtgaATTCCGGGGATCCGTCGACC,,,"[lac operon Kan deletion, -, 2513, 2582], [lac operon Kan deletion, -, 2513, 2582], [Copy of giTG026 delta-lacZYA, -, 1291, 1360], [giTG026 delta-lacZYA, -, 1291, 1360]"
oTG0066,ttatttgtatagttcatccatgcc,,,"[giTG041 - hupA (constitutive), -, 1178, 1201], [giTG061 - araB RBS, +, 2817, 2840], [giTG064 - gfcE-RBS, +, 1446, 1469], [giTG039 - gfcE, +, 1446, 1469], [giTG062 - chpS-RBS, -, 1164, 1187], [pMD0093_TEG, -, 3973, 3996], [giTG039 - gfcE, +, 1446, 1469], [giTG027 - ygiW, +, 1578, 1601], [lacZ-HAs SCFP Kan genome, +, 1903, 1926], [sgHA-lacZ-SCFP, -, 1259, 1282], ...more sites present"
oTG0068,ttttcgcgaatccggagtgtaagaacggaagagctggtgcctgcc,,,"[galK deletion HA cassette, -, 462, 506], [pMAZ-SK-TG-galKHAs, -, 1435, 1479], [pSC101ts-galKHA-gRNA, -, 864, 908]"
oTG0070,gccgaacagaaatcaccaatgc,,,"[galk genomic region, +, 191, 212], [galK deletion HA cassette, -, 922, 943], [galk genomic region, +, 191, 212]"
oTG0112,CAGTAAGGCAGCGGTATCATCAACGGGTTATATGCGTCTATTTATGTAGG,,,"[pKD46-FLP, +, 5167, 5216]"
oTG0116,TGTTTTACATAATATACCAAATTGTGGCATacgaccagtctaaaaagcgc,,,"[pKD46-FLP, +, 6436, 6485]"
oTG0114,CCCGTTGATGATACCGCTG,,,"[pKD46-FLP, -, 5175, 5193]"
oTG0117,CGTGAGTTTTCGTTCCACTGAGCGTCAGACccacaattcagcaaattgtg,,,"[pKD46-FLP, -, 6562, 6611]"
oTG0071,GCTAGCgtgatggtgatggtgatgGTCCTTAATTCCTGCTTCACG,,,"[cdsA 1kb tagging dsDNA, -, 468, 488], [cdsA, -, 1366, 1410], [cdsA internal tags, -, 1268, 1312]"
oTG0073,catcaccatcaccatcacGCTAGCGGTCATTTAATTCCAGG,,,"[cdsA, +, 1387, 1427], [cdsA 1kb tagging dsDNA, +, 489, 508], [cdsA internal tags, +, 1289, 1329]"
oTG0072,TCTCACTTTGGGCTTCGCTG,,,"[cdsA 1kb tagging dsDNA, +, 1, 20], [cdsA internal tags, +, 780, 799], [cdsA, +, 899, 918]"
oTG0094,agacgatattgcaccgtcgc,,,"[MG1655 Genome Version U00096.3, +, 788389, 788408]"
oTG0095,ttgtaattctcatgttagtcatgccccgaactcagggcaaacagcacctg,,,"[p15A-galKHA-gRNA, +, 1608, 1629], [pMAZ-SK-TG-galKHAs, +, 946, 995]"
oTG0096,ttgagagccttcaacccagtcagctcctgccgaacagaaatcaccaatgc,,,"[pMAZ-SK-TG-galKHAs, -, 1895, 1944]"
oTG0100,cactgatagggattataaccagactcgaggctcgagtcgacagttcatag,,,"[p15A-galKHA-gRNA, -, 1196, 1245]"
oTG0097,cagtgaaaagttcttctcctttactcatctaacgattaaaacgtctactc,,,"[sgHA-sieB-SCFP3A-KAN, -, 535, 584]"
oTG0100,tcggtggtctcggctatac,,,"[MG1655 Genome Version U00096.3, +, 1418594, 1418612]"
oTG0094,tgacgatagcaatatgggcc,,,"[MG1655 Genome Version U00096.3, +, 3179002, 3179021]"
oTG0091,ccagtgaaaagttcttctcctttactcattcagttacggaaagggttatg,,,"[sgHA-tolC-SCFP3A-KAN, -, 536, 585]"
oTG0098,TAGGAACTTCGAAGCAGCTCCAGCCTACAttagcttactgtgtgcttctc,,,"[sgHA-sieB-SCFP3A-KAN, +, 2548, 2597]"
oTG0091,tctttacgttgccttacgttcagacggggccgaagccccgtcgtcgtcatTGTAGGCTGGAGCTGCTTCG,,,"[sgHA-tolC-SCFP3A-KAN, -, 2557, 2626]"
oTG0090,catccgcacgcactaccaccagtaacggtcataaccctttccgtaactgaatgagtaaaggagaagaacttttc,,,"[sgHA-tolC-SCFP3A-KAN, +, 507, 580]"
oTG0093,ccatcagaatagaggatggc,,,"[sgHA-tolC-SCFP3A-KAN, -, 2676, 2695], [MG1655 Genome Version U00096.3, -, 3179695, 3179714]"
oTG0092,caaacgccggaacagaatg,,,"[sgHA-tolC-SCFP3A-KAN, +, 437, 455], [MG1655 Genome Version U00096.3, +, 3179477, 3179495]"
oTG0115,GTCTGACGCTCAGTGGAACG,,,"[pKD46-FLP, +, 6582, 6601]"
oTG0086,TGTAGGCTGGAGCTGCTTCG,,,"[giTG041 - hupA (constitutive), -, 2485, 2504], [pMD0093, -, 5375, 5394], [sgHA-lacZ-mVenusNB-kan, -, 2566, 2585], [giTG043 - gldA, +, 294, 313], [lac operon Kan deletion, +, 1230, 1249], [pMD0095, -, 7404, 7423], [pMD0092, -, 3573, 3592], [lacZ-HAs SCFP Kan genome, +, 600, 619], [pTG019 - lacZ-mVenus-Kan, -, 2566, 2585], [dsMD0001, -, 1334, 1353], ...more sites present"
CRarray_seq_F,gaaggtcgcgaattcaggcg,,,
pkd64_gam_F,atcgcaactctctactgtttctccatacccGGAATTCGAGCTCTAAGGAG,,,
pMA7CR_lambdared_gib_F,agtcggtgtggagtgaaacg,,,
pkd46_exo_R,ttttcttcatcgtttcactccacaccgactTCATCGCCATTGCTCCCCAA,,,
oTG0167,ACGTCTCATTTTCGCCAGATATCGACGTCTgccgaaatttgctcgtatct,,,"[pSC101-mazEF, +, 2995, 3044]"
oTG0169,aagccaaaattaacgtactgattgggtagatgagtaaaggagaagctgtg,,,
oTG0027,aggtcttctcgaagacccgg,,,"[pMAZ-SK-TG, -, 768, 787], [pMAZ-SK-tetR, -, 768, 787]"
oTG0106,CCGTAGATTTACAGTTCGTCATGGTTCGCTTCAGATCGTTGACAGCCGCAATTCCGGGGATCCGTCGACC,,,"[intC-Kan, +, 110, 179]"
oTG0107,ATAGTTGTTAAGGTCGCTCACTCCACCTTCTCATCAAGCCAGTCCGCCCATGTAGGCTGGAGCTGCTTCG,,,"[intC-Kan, -, 1443, 1512]"
oTG0109,gtttgcgcgcagtcagcgatatccattttcgcgaatccggagtgtaagaaATTCCGGGGATCCGTCGACC,,,"[galK-Kan, -, 1430, 1499]"
oTG0118,agctgagcgccggtcgctac,,,"[pTG033, +, 516, 535], [pTG029, +, 6558, 6577], [pTG031, +, 3251, 3270], [pSJ319 - pUC19: pLac_RBS-LacZ_RBS-mVenus_rrnBT, +, 4104, 4123], [pMD0089, +, 3251, 3270], [gSJ14 - pJ23107_RBS-LacY_RBS-mVenus_RBS-LacZ_RBS-mScarlet_rrnBT, +, 5096, 5115], [gSJ13 - pLac_RBS-LacZ_RBS-mScarlet_rrnBT, +, 3148, 3167], [pTG029, +, 3251, 3270], [pTG021 lacZ-mScarletI-KAN, +, 516, 535], [pSJ324 - pUC19: pLac_RBS-LacZ_RBS-mScarletI_rrnBT, +, 4101, 4120], ...more sites present"
oTG0103,ctttaatcacagcttctcctttactcatttatttttgacaccagaccaac,,,"[pTG021 lacZ-mScarletI-KAN, -, 544, 593], [pMD0093_TEG, -, 3279, 3328]"
oTG0102,accggtggcatggatgaactatacaaataaATTCCGGGGATCCGTCGACC,,,"[pTG033, +, 1250, 1299], [pTG033, +, 1250, 1299], [pTG021 lacZ-mScarletI-KAN, +, 1232, 1281]"
oTG0104,caccatcgaatggcgcaaaa,,,"[giTG065 - lacZ-RBS-mVenus-flipped, -, 7240, 7259], [MG1655 Genome Version U00096.3, -, 367567, 367586], [giTG059 - lacZ-RBS-mVenus, -, 8462, 8481], [lac operon Kan deletion, -, 3672, 3691], [lac operon Kan deletion, -, 3672, 3691], [lacZ-mVenus-Kan, -, 8444, 8463], [lac operon genomic region, -, 6424, 6443], [lacZ-mVenus-Kan, -, 8444, 8463], [Copy of giTG026 delta-lacZYA, -, 2450, 2469], [giTG026 delta-lacZYA, -, 2450, 2469], ...more sites present"
oTG0119,atggatttccttacgcgaaatacgggcagacatggcctgcccggttatta,,,"[pTG033, -, 2583, 2632], [pTG033, -, 2583, 2632], [pTG021 lacZ-mScarletI-KAN, -, 2565, 2614]"
oTG0108,ttcatattgttcagcgacagcttgctgtacggcaggcaccagctcttccgTGTAGGCTGGAGCTGCTTCG,,,"[pSJ321 - pUC19: pJ23107_RBS-LacZ_RBS-mVenus_RBS-LacY_RBS-mScarlet_rrnBT, -, 8235, 8254], [pSJ318 - pUC19: pLac_RBS-LacZ_RBS-mVenus_RBS-LacY_RBS-mScarlet_rrnBT, -, 8294, 8313], [pSJ322 - pUC19: pJ23107_RBS-LacZ_RBS-mVenus_rrnBT, -, 6249, 6268], [pTG029, -, 5455, 5474], [pSJ339 - pUC19: pJ23107_RBS-LacZ_RBS-mScarletI_rrnBT, -, 6228, 6247], [galK-Kan, +, 97, 166], [pSJ319 - pUC19: pLac_RBS-LacZ_RBS-mVenus_rrnBT, -, 6308, 6327]"
oTG0170,gatcaaagccaaccagcacaatgtctccccgttcaaattcacttttctttaccatTGTAGGCTGGAGCTGCTTCG,,,"[giTG051 - chpS, -, 2453, 2527], [giTG062 - chpS-RBS, -, 2471, 2545], [giTG051 - chpS, -, 2453, 2527]"
oTG0172,cgcataatttcgactgtctctcgcatgtcattaacctttttaattggcgaTGTAGGCTGGAGCTGCTTCG,,,"[giTG053 - hicA, -, 2398, 2467], [giTG053 - hicA, -, 2398, 2467]"
oTG0171,ttaaagaaccattgcgtaaagcaatcctgaaacaactcggtttgagttaaATGAGTAAAGGAGAAGAACTTTTC,,,"[giTG053 - hicA, +, 348, 421], [giTG053 - hicA, +, 348, 421]"
oTG0174,tttatctgtgatatgaaaagtgaagtggtgtactgtcatagaaactctccTGTAGGCTGGAGCTGCTTCG,,,"[giTG055, +, 513, 582], [giTG055, +, 513, 582]"
oTG0167,tccacgagaatatcgactggggagagccgaaagataaggaagtctggtaaATGAGTAAAGGAGAAGAACTTTTC,,,"[giTG049 - mazE, -, 2332, 2405], [giTG049 - mazE, -, 2332, 2405], [giTG060 - mazE RBS, -, 2332, 2405]"
oTG0168,ctacccaatcagtacgttaattttg,,,"[pSC101-mazEF, -, 3661, 3685]"
oTG0182,tcaaatgcggtcagtaaagc,,,"[giTG053 - hicA, -, 2586, 2605], [giTG053 - hicA, -, 2586, 2605]"
oTG0168,aaaatcaacccaaatcagatcgcccatatcgggtacgtatcggcttaccaTGTAGGCTGGAGCTGCTTCG,,,"[giTG060 - mazE RBS, +, 286, 355], [giTG049 - mazE, +, 286, 355], [giTG049 - mazE, +, 286, 355]"
oTG0181,tctcagggcgtcgatgtag,,,"[giTG053 - hicA, +, 254, 272], [giTG053 - hicA, +, 254, 272]"
oTG0178,ttaatgcaggcgctcaatc,,,"[giTG049 - mazE, -, 2526, 2544], [giTG049 - mazE, -, 2526, 2544], [giTG060 - mazE RBS, -, 2526, 2544]"
oTG0176,caatgacaaaccacacttcataattatcaaaaatcgtcattatcgtgtccTGTAGGCTGGAGCTGCTTCG,,,"[giTG057 - araB, +, 1464, 1533], [giTG061 - araB RBS, +, 1464, 1533], [giTG057 - araB, +, 1464, 1533], [giTG061 - araB RBS, +, 1464, 1533]"
oTG0184,ttccgttgaatgctacagcc,,,"[giTG055, -, 2729, 2748], [giTG055, -, 2729, 2748]"
oTG0126,tcaatcgcgtgcgccagcatcaggcagccgagctagtggaggagcagtgaatgagtaaaggagaagaacttttc,,,"[giTG031 - mdtM, -, 2271, 2344], [giTG031 - mdtM, -, 2271, 2344]"
oTG0185,cagtttcgcttccgtattc,,,"[giTG057 - araB, +, 1372, 1390], [giTG057 - araB, +, 1372, 1390], [giTG061 - araB RBS, +, 1372, 1390], [giTG061 - araB RBS, +, 1372, 1390]"
oTG0132,cgctgttgcatatctggtatacggaaggctggcaaccagacgaagcatgaATGAGTAAAGGAGAAGAACTTTTC,,,"[giTG037 - alkA, -, 2143, 2216], [giTG037 - alkA, -, 2143, 2216]"
oTG0145,ccacaaacgctggaacggc,,,"[giTG027 - ygiW, -, 2400, 2418]"
oTG0144,aacatcgccacaggtattg,,,"[giTG027 - ygiW, +, 161, 179]"
oTG0130,gcctggatcaacacggcggctttattcgtcaggttttagacaaggaataaatgagtaaaggagaagaacttttc,,,"[giTG067 - murQ-RBS, +, 1043, 1116], [giTG035 - murQ, +, 1025, 1098]"
oTG0186,gcagacatcccatcagctc,,,"[giTG057 - araB, -, 3704, 3722], [giTG057 - araB, -, 3704, 3722], [giTG061 - araB RBS, -, 3722, 3740], [giTG061 - araB RBS, -, 3704, 3722]"
oTG0125,tgcctccctgcgaaattattcccgggaacgcgtcccgggagcggtaacaaTGTAGGCTGGAGCTGCTTCG,,,"[giTG027 - ygiW, +, 225, 294]"
oTG0140,acgtaccggcatttgtttctggcaaggcactgaaagacgcagttaagtaaATGAGTAAAGGAGAAGAACTTTTC,,,"[giTG041 - hupA (constitutive), +, 435, 508], [giTG068 - hupA-RBS, +, 453, 526], [giTG041 - hupA (constitutive), +, 435, 508]"
oTG0124,ggaattctgttgaaattgacgtcaaacagatccgcaaagtaaatccgtaaatgagtaaaggagaagaacttttc,,,"[giTG027 - ygiW, -, 2271, 2344]"
oTG0122,taagccagttattgctggtgttagtggagtgcgaccaccaaaacagataaatgagtaaaggagaagaacttttc,,,"[giTG029 - torD, +, 609, 682]"
oTG0141,aaaaggggtgaaaccaccccttcgttaaaactgttcactgccacgcaatcTGTAGGCTGGAGCTGCTTCG,,,"[giTG068 - hupA-RBS, -, 2503, 2572], [giTG041 - hupA (constitutive), -, 2485, 2554], [giTG041 - hupA (constitutive), -, 2485, 2554]"
oTG0123,ataatgcctgatgcgacgctaaacgcgtcttttcaggcgcacaaacgacgTGTAGGCTGGAGCTGCTTCG,,,"[giTG029 - torD, -, 2659, 2728]"
oTG0135,gggcgaacggcaaatgttgccggtacaaaccaccaggattgagttaaattTGTAGGCTGGAGCTGCTTCG,,,"[giTG039 - gfcE, +, 93, 162], [giTG064 - gfcE-RBS, +, 93, 162], [giTG039 - gfcE, +, 93, 162]"
oTG0127,gtttattcataacgttaagaatagagcctgacggccggatcgcgcaaaaaTGTAGGCTGGAGCTGCTTCG,,,"[giTG031 - mdtM, +, 225, 294], [giTG031 - mdtM, +, 225, 294]"
oTG0148,gctggcgatttgcctgaac,,,"[giTG033 - baeS, +, 1444, 1462], [giTG066 - baeS-RBS, +, 1444, 1462], [giTG033 - baeS, +, 1444, 1462]"
oTG0131,cgggtaagaatggtgttcagaagttcactgctgatctctttggccatgggTGTAGGCTGGAGCTGCTTCG,,,"[giTG067 - murQ-RBS, -, 3093, 3162], [giTG035 - murQ, -, 3075, 3144]"
oTG0129,atcttccacgatcaaaatacgcggtgtgttttcgtcgattggtaactcggTGTAGGCTGGAGCTGCTTCG,,,"[giTG066 - baeS-RBS, -, 3589, 3658], [giTG033 - baeS, -, 3571, 3640], [giTG033 - baeS, -, 3571, 3640]"
oTG0128,gcattacagtagagttaccgctggaacgggatttacagagagaagtatgaATGAGTAAAGGAGAAGAACTTTTC,,,"[giTG033 - baeS, +, 1521, 1594], [giTG033 - baeS, +, 1521, 1594], [giTG066 - baeS-RBS, +, 1539, 1612]"
oTG0142,gcgctgtggcaatggttac,,,"[giTG029 - torD, +, 536, 554]"
oTG0143,ccggtctacaaagattacagttcc,,,"[giTG029 - torD, -, 2773, 2796]"
oTG0133,ctcattccccaggccggataaggcgctcgcaccgcatccggcgaccaacgTGTAGGCTGGAGCTGCTTCG,,,"[giTG037 - alkA, +, 97, 166], [giTG063 - alkA-RBS, +, 97, 166], [giTG037 - alkA, +, 97, 166]"
oTG0149,tacctgatcgccgtggctg,,,"[giTG033 - baeS, -, 3706, 3724], [giTG066 - baeS-RBS, -, 3724, 3742], [giTG033 - baeS, -, 3706, 3724]"
oTG0134,tgcatgacctgacagagacttcacggtggattcaaacatggcccaactaaATGAGTAAAGGAGAAGAACTTTTC,,,"[giTG064 - gfcE-RBS, -, 2139, 2212], [giTG039 - gfcE, -, 2139, 2212], [giTG039 - gfcE, -, 2139, 2212]"
oTG0139,cagcctatttaggctattttttccaccatttctggcgttatttccggtttTGTAGGCTGGAGCTGCTTCG,,,"[giTG045 - insH-5, +, 139, 208]"
oTG0136,tgctggtagccgaccagtacggtcagcgtttcctgcaagagtgggaataaATGAGTAAAGGAGAAGAACTTTTC,,,"[giTG069 - gldA-RBS, -, 2290, 2363], [giTG043 - gldA, -, 2290, 2363]"
oTG0151,gtgaactgtcatgtacaccc,,,"[giTG067 - murQ-RBS, -, 3220, 3239], [giTG035 - murQ, -, 3202, 3221]"
oTG0158,gggaaggtgcgaataagcag,,,"[giTG045 - insH-5, +, 41, 60]"
oTG0159,atcatcaagcggcagttcg,,,"[giTG045 - insH-5, -, 2331, 2349]"
oTG0156,attcctgaacaacgtgggag,,,"[giTG043 - gldA, +, 109, 128], [giTG069 - gldA-RBS, +, 109, 128]"
oTG0155,actcggaacggaattccag,,,"[giTG039 - gfcE, -, 2304, 2322], [giTG064 - gfcE-RBS, -, 2322, 2340], [giTG039 - gfcE, -, 2304, 2322]"
oTG0154,tctgcagggtgttttaccag,,,"[giTG064 - gfcE-RBS, +, 7, 26], [giTG039 - gfcE, +, 7, 26], [giTG039 - gfcE, +, 7, 26]"
oTG0152,tttcgcgattaactgaggcg,,,"[giTG037 - alkA, +, 23, 42], [giTG037 - alkA, +, 23, 42], [giTG063 - alkA-RBS, +, 23, 42]"
oTG0157,cgaaaatgcgaattgtggc,,,"[giTG043 - gldA, -, 2441, 2459], [giTG069 - gldA-RBS, -, 2459, 2477]"
oTG0161,gcggtaaagggaggaagtg,,,"[giTG041 - hupA (constitutive), -, 2623, 2641], [giTG041 - hupA (constitutive), -, 2623, 2641], [giTG068 - hupA-RBS, -, 2641, 2659]"
intC_HA_rrnBTerm_R,ATAGTTGTTAAGGTCGCTCACTCCACCTTCTCATCAAGCCAGTCCGCCCAgagagcgttcaccgacaaac,,,"[pMD0058 [875-3148] [18-2244], -, 2257, 2326], [pMD0058 [875-3148] [18-2244], -, 2257, 2326], [pMD0058, -, 3098, 3118], [pMD0058 [892-3118], -, 2257, 2326]"
tg0010,ccttgagagccttcaacccagtcagctcctataaacgcagaaaggcccac,,,"[pSG22-pBAD-TetR, -, 3824, 3844]"
tg0009,gttgtaattctcatgttagtcatgccccgacattgattatttgcacggcg,,,"[pSG22-pBAD-TetR, +, 2784, 2804]"
galk_seq_R,cgagacctgaccgcagaa,,,"[MG1655 Genome Version U00096.3, -, 790043, 790060], [p15A-galKHA-gRNA, -, 2171, 2188], [MG1655 Genome Version U00096.3 [788799-790079], -, 1251, 1268], [galK-Kan, -, 1513, 1530]"
tetR_R,ggtgctacatttgaagagataaattgcactgaaataaacgcagaaaggcccac,,,"[pSG22-pBAD-TetR, -, 3824, 3876]"
CRarray end primer F,gtagacagttcgctccaagc,,,
oTG0004,AGTTGTTTCTGAAACATGGCG,,,"[pMAZ-SK-TG, -, 572, 592], [pMAZ-SK, -, 229, 249], [pMAZ-SK-tetR, -, 572, 592], [pMAZ-SK-TG, -, 572, 592], [pMAZ-SK-TG-galKHAs, -, 2540, 2560], [pMAZ-SK-TG-galK, -, 572, 592]"
oTG0003,GTAGACAGTTCGCTCCAAGC,,,"[pMAZ-SK-TG, +, 2379, 2398], [pMAZ-SK-TG-galK, +, 384, 403], [pMAZ-SK-TG, +, 2371, 2390], [pMAZ-SK-tetR, +, 2379, 2398], [pMAZ-SK, +, 2030, 2049], [pMAZ-SK-TG, +, 384, 403], [pMAZ-SK, +, 173, 192], [pMAZ-SK-TG-galKHAs, +, 498, 517], [pMAZ-SK-TG-galKHAs, +, 2352, 2371], [pMAZ-SK-TG, +, 384, 403], ...more sites present"
oTG0029,ctgacagctagctcagtcctaggtataatgctagcTACTAGAGAGAAAGAGGAGAAAtttctaatgtctagattagataaaagtaaag,,,"[pSG22-pBAD-TetR, +, 2999, 3029], [PE098 (), -, 3905, 3935], [PE098 (), -, 3905, 3935]"
oTG0031,cagagcaggagattacgacg,,,"[pMAZ-SK-TG, +, 2692, 2711], [pMAZ-SK-TG-galK, +, 2686, 2705], [pMAZ-SK, +, 2343, 2362], [pMAZ-SK-tetR, +, 2692, 2711], [pMAZ-SK-TG-galKHAs, +, 811, 830], [pMAZ-SK-TG, +, 2684, 2703]"
oTG0087,ATAGGAACTTCGAAGCAGCTCCAGCCTACAtaataacccggcaggccatg,,,"[pTG028, +, 2574, 2623], [pTG033, +, 2553, 2602], [pTG033, +, 2553, 2602], [sgHA-lacZ-mVenus-KAN, +, 2556, 2605], [pTG021 lacZ-mScarletI-KAN, +, 2535, 2584], [pTG019 - lacZ-mVenus-Kan, +, 2556, 2605], [sgHA-lacZ-mVenusNB-kan, +, 2556, 2605], [lacZ-HAs SCFP Kan genome, -, 580, 629], [sgHA-lacZ-SCFP3A-KAN, +, 2556, 2605], [ sgHA-lacZ-mVenus-KAN, +, 2556, 2605], ...more sites present"
galk_R,TTCATATTGTTCAGCGACAGCTTGCTGTACGGCAGGCACCAGCTCTTCCG,,,
oTG0035,catcatcctaggGGGAAAACTGTCCATACCCATG,,,"[pKD46 [11-3411], -, 3392, 3425], [pKD46 [11-3411], -, 3392, 3425], [pKD46 [11-3411], -, 3392, 3425], [pSC101ts-galKHA-gRNA, -, 1348, 1369], [pKD46 [11-3411], -, 3392, 3425], [pKD46-FLP, -, 3390, 3411], [pSC101ts-delta-galK-HAs, -, 3390, 3411], [pKD46, -, 3390, 3411]"
oTG0033,gtgtgcgcaacgcaattaatg,,,"[pMAZ-SK-TG, -, 21, 41], [pMAZ-SK-TG-galKHAs, -, 1989, 2009], [pMAZ-SK-TG-galK, -, 21, 41], [pMAZ-SK-tetR, -, 21, 41], [pMAZ-SK-TG, -, 21, 41], [pMAZ-SK, -, 2589, 2609]"
oTG0034,catcatCCTAGGTTATGACAACTTGACGGCTACATC,,,"[pKD46-FLP, +, 11, 34], [pKD46, +, 11, 34], [pKD46 [11-3411], +, 1, 36], [pSC101ts-delta-galK-HAs, +, 11, 34], [pKD46 [11-3411], +, 1, 36], [pKD46 [11-3411], +, 1, 36], [pKD46 [11-3411], +, 1, 36]"
oTG0052,aacagcaccagcaatagcgc,,,"[cdsA, -, 934, 953], [cdsA internal tags, -, 815, 834], [cdsA 1kb tagging dsDNA, -, 36, 55]"
Pcad_R,atgttgtaccttatctcgac,,,
oTG0056,ACTCCGGCGCATATATGTTTGGCAAATTGTTTGGTAAAcatcaccatcaccatcacGCTAGCAAGCTGGCACCGAAGGTTTCTCCGGGTAAAACCTGGCA,,,"[cdsA internal tags, +, 1014, 1113]"
oTG0057,GCTGATGCTTTTTCTGTTGCCGGAATATCACCGAAATATTcatcaccatcaccatcacGCTAGCCAACCGCTGGTTGAAATCTCACTTTGGGCTTCGCTG,,,"[cdsA internal tags, +, 700, 799]"
oTG0067,aactcagggcaaacagcacctg,,,"[galk genomic region, -, 2182, 2203], [pMAZ-SK-TG-galKHAs, +, 974, 995], [galK deletion HA cassette, +, 1, 22], [galk genomic region, -, 2182, 2203], [pSC101ts-galKHA-gRNA, +, 403, 424]"
oTG0084,aataggcgtatcacgaggc,,,"[pMD0094, -, 5618, 5636], [Copy of pSJ320 (COUPLED) - pUC19: pLac_RBS-LacY_RBS-mScarlet_rrnBT, -, 5617, 5635], [pTG030, -, 3798, 3816], [pMD0087, -, 1560, 1578], [pSJ319 - pUC19: pLac_RBS-LacZ_RBS-mVenus_rrnBT, -, 6428, 6446], [pSJ323 - pUC19: pJ23107_RBS-LacY_RBS-mScarletI_rrnBT, -, 4567, 4585], [pTG029, -, 5575, 5593], [pSJ322 - pUC19: pJ23107_RBS-LacZ_RBS-mVenus_rrnBT, -, 6369, 6387], [pMD0090, -, 3780, 3798], [pSJ342 - pUC19: LacZYA-HA_pJ23107_RBS-LacY_RBS-mVenus_rrnBT_FRT-Kan-FRT_LacZYA-HA, -, 4236, 4254], ...more sites present"
oTG0086,TGTAGGCTGGAGCTGCTTCG,,,"[pSJ342 - pUC19: LacZYA-HA_pJ23107_RBS-LacY_RBS-mVenus_rrnBT_FRT-Kan-FRT_LacZYA-HA, -, 3816, 3835], [giTG057 - araB, +, 1514, 1533], [giTG057 - araB, +, 1514, 1533], [intC-lacY-mScarlet, -, 3621, 3640], [Copy of giTG026 delta-lacZYA, +, 1230, 1249], [giTG037 - alkA, +, 147, 166], [giTG063 - alkA-RBS, +, 147, 166], [Copy of pSJ340 - pUC19: pJ23107_RBS-LacY_RBS-mVenus_rrnBT, -, 4468, 4487], [pTG026, -, 1640, 1659], [pTG029, -, 1195, 1214], ...more sites present"
oTG0085,ATTCCGGGGATCCGTCGACC,,,"[lacZ-mVenus-Kan, -, 3371, 3390], [Copy of giTG026 delta-lacZYA, -, 1291, 1310], [ sgHA-lacZ-mVenus-KAN, +, 1283, 1302], [giTG059 - lacZ-RBS-mVenus, -, 3371, 3390], [lac operon Kan deletion, -, 2513, 2532], [lac operon Kan deletion, -, 2513, 2532], [giTG065 - lacZ-RBS-mVenus-flipped, -, 2149, 2168], [giTG026 delta-lacZYA, -, 1291, 1310], [sgHA-lacZ-mVenus-KAN, +, 1283, 1302], [lacZ-mVenus-Kan, -, 3371, 3390]"
oTG0085,acacatggcatggatgaactatacaaataaATTCCGGGGATCCGTCGACC,,,"[giTG062 - chpS-RBS, +, 1158, 1207], [giTG064 - gfcE-RBS, -, 1426, 1475], [giTG051 - chpS, +, 1140, 1189], [giTG068 - hupA-RBS, +, 1190, 1239], [giTG061 - araB RBS, -, 2797, 2846], [lacZ-mVenus-Kan, -, 3371, 3420], [giTG033 - baeS, +, 2258, 2307], [lacZ-mVenus-Kan, -, 3371, 3420], [giTG041 - hupA (constitutive), +, 1172, 1221], [giTG031 - mdtM, -, 1558, 1607], ...more sites present"
oTG0096,cgcgcgttggccgattcattaATTTAAATgagttattgatatgttggatg,,,"[sgHA-sieB-SCFP3A-KAN, +, 28, 77]"
oTG0101,gattccgttatttaaccccc,,,"[MG1655 Genome Version U00096.3, -, 1419717, 1419736]"
oTG0090,ccgcgcgttggccgattcattaATTTAAATagtacaactttgtcggtgcc,,,
oTG0092,ATAGGAACTTCGAAGCAGCTCCAGCCTACAatgacgacgacggggcttcg,,,"[sgHA-tolC-SCFP3A-KAN, +, 2547, 2596]"
oTG0099,gcttgtctgtaagcggatgccATTTAAATggcattacctatagttccagc,,,"[sgHA-sieB-SCFP3A-KAN, -, 3041, 3090]"
oTG0189,TCGAACTGCAGGTCGACGGATCCCCGGAATtcactgcccgctttccagtc,,,"[lac operon Kan deletion, +, 2503, 2552], [Copy of giTG026 delta-lacZYA, +, 1281, 1330], [pSJ343 - pUC19: LacZYA-HA_FRT-Kan-FRT_LacZYA-HA, -, 337, 386], [pTG026, -, 337, 386], [giTG026 delta-lacZYA, +, 1281, 1330], [lac operon Kan deletion, +, 2503, 2552]"
oTG0188,cgcgcgttggccgattcattaATTTAAATctgcgcgttggtgcggatatc,,,"[pSJ341 - pUC19: LacZYA-HA_pJ23107_RBS-LacY_RBS-mScarletI_rrnBT_FRT-Kan-FRT_LacZYA-HA, +, 28, 77], [pSJ343 - pUC19: LacZYA-HA_FRT-Kan-FRT_LacZYA-HA, +, 28, 77], [pSJ342 - pUC19: LacZYA-HA_pJ23107_RBS-LacY_RBS-mVenus_rrnBT_FRT-Kan-FRT_LacZYA-HA, +, 28, 77], [pTG026, +, 28, 77]"
oTG0190,GGAACTTCGAAGCAGCTCCAGCCTACAcaagttcagcgatctacattagc,,,"[pSJ342 - pUC19: LacZYA-HA_pJ23107_RBS-LacY_RBS-mVenus_rrnBT_FRT-Kan-FRT_LacZYA-HA, +, 3809, 3858], [pTG026, +, 1633, 1682], [pSJ343 - pUC19: LacZYA-HA_FRT-Kan-FRT_LacZYA-HA, +, 1633, 1682], [pSJ341 - pUC19: LacZYA-HA_pJ23107_RBS-LacY_RBS-mScarletI_rrnBT_FRT-Kan-FRT_LacZYA-HA, +, 3788, 3837]"
